numero;annee;impot;prevu;realise;ecart
200302;2009;Impôt sur le revenu et impôt sur les sociétés;2010;6200;4190
210324;2014;Impôt sur le revenu et impôt sur les sociétés;9760;6438;-3322
210324;2015;Impôt sur le revenu et impôt sur les sociétés;10000;12410;2410
730213;2023;Taxe sur la valeur ajoutée;4540;2150;-2390
730221;2023;Taxe sur la valeur ajoutée;4180;2000;-2180
140119;2010;Impôt sur le revenu;3000;1000;-2000
730221;2022;Taxe sur la valeur ajoutée;3424;1533;-1891
110246;2023;Impôt sur le revenu;7950;6110;-1840
140119;2009;Impôt sur le revenu;2800;1000;-1800
710103;2022;Taxe sur la valeur ajoutée;3150;1530;-1620
710103;2023;Taxe sur la valeur ajoutée;3500;1940;-1560
210324;2018;Impôt sur le revenu et impôt sur les sociétés;20964;19414;-1550
730213;2022;Taxe sur la valeur ajoutée;3720;2240;-1480
730216;2018;Taxe sur la valeur ajoutée;158;1460;1302
110222;2009;Impôt sur le revenu;1500;2763;1263
730210;2019;Taxe sur la valeur ajoutée;2450;1190;-1260
730210;2018;Taxe sur la valeur ajoutée;2155;950;-1205
210324;2021;Impôt sur le revenu et impôt sur les sociétés;8027;6920;-1107
200302;2012;Impôt sur le revenu et impôt sur les sociétés;2300;3370;1070
730223;2023;Taxe sur la valeur ajoutée;2000;970;-1030
800109;2010;TICPE / produits énergétiques hors gaz et charbons;3500;2500;-1000
710103;2021;Taxe sur la valeur ajoutée;2110;3100;990
800201;2011;TICPE / produits énergétiques hors gaz et charbons;1100;2080;980
730216;2019;Taxe sur la valeur ajoutée;180;1160;980
200302;2011;Impôt sur le revenu et impôt sur les sociétés;2100;3070;970
200302;2020;Impôt sur le revenu et impôt sur les sociétés;6500;7460;960
110246;2021;Impôt sur le revenu;3800;4734;934
820203;2022;TICFE / électricité;1245;314;-931
200302;2010;Impôt sur le revenu et impôt sur les sociétés;4000;4900;900
210324;2022;Impôt sur le revenu et impôt sur les sociétés;6423;5525;-898
800210;2020;TICPE / produits énergétiques hors gaz et charbons;903;8;-895
110246;2022;Impôt sur le revenu;4850;5670;820
140119;2023;Impôt sur le revenu;1317;532;-785
730213;2011;Taxe sur la valeur ajoutée;5050;5800;750
800405;2018;TICPE / produits énergétiques hors gaz et charbons;247;984;737
730205;2009;Taxe sur la valeur ajoutée;1610;890;-720
800201;2018;TICPE / produits énergétiques hors gaz et charbons;1965;1250;-715
800401;2012;TICPE / produits énergétiques hors gaz et charbons;99;795;696
820203;2017;TICFE / électricité;320;1014;694
200302;2014;Impôt sur le revenu et impôt sur les sociétés;5800;5108;-692
800201;2012;TICPE / produits énergétiques hors gaz et charbons;1000;1690;690
730223;2015;Taxe sur la valeur ajoutée;1770;1080;-690
120108;2023;Impôt sur le revenu;2060;2750;690
140119;2022;Impôt sur le revenu;1289;607;-682
710103;2020;Taxe sur la valeur ajoutée;2185;2840;655
730210;2017;Taxe sur la valeur ajoutée;1800;2450;650
800401;2013;TICPE / produits énergétiques hors gaz et charbons;104;740;636
730213;2021;Taxe sur la valeur ajoutée;3360;3990;630
730205;2010;Taxe sur la valeur ajoutée;1560;940;-620
800210;2019;TICPE / produits énergétiques hors gaz et charbons;620;9;-611
200302;2017;Impôt sur le revenu et impôt sur les sociétés;5505;6100;595
730221;2021;Taxe sur la valeur ajoutée;3020;3605;585
730207;2019;Taxe sur la valeur ajoutée;1006;423;-583
730207;2020;Taxe sur la valeur ajoutée;963;385;-578
710103;2018;Taxe sur la valeur ajoutée;1500;2070;570
730203;2009;Taxe sur la valeur ajoutée;390;950;560
210204;2017;Impôt sur le revenu et impôt sur les sociétés;1020;460;-560
730223;2021;Taxe sur la valeur ajoutée;1230;1760;530
730210;2016;Taxe sur la valeur ajoutée;1630;2155;525
800201;2021;TICPE / produits énergétiques hors gaz et charbons;600;1115;515
800109;2011;TICPE / produits énergétiques hors gaz et charbons;3500;3000;-500
710103;2017;Taxe sur la valeur ajoutée;1300;1800;500
800401;2019;TICPE / produits énergétiques hors gaz et charbons;1272;1755;483
730213;2015;Taxe sur la valeur ajoutée;2940;3410;470
120108;2020;Impôt sur le revenu;1785;2250;465
730203;2013;Taxe sur la valeur ajoutée;1200;740;-460
800403;2010;TICPE / produits énergétiques hors gaz et charbons;744;292;-452
520110;2009;Droits d'enregistrement et de timbre;20;470;450
140203;2010;Impôt sur le revenu;800;1250;450
730223;2022;Taxe sur la valeur ajoutée;1460;1010;-450
740106;2016;Taxe sur la valeur ajoutée;205;650;445
740106;2017;Taxe sur la valeur ajoutée;210;655;445
720107;2023;Taxe sur la valeur ajoutée;680;235;-445
300210;2016;Impôt sur les sociétés;47;480;433
210324;2019;Impôt sur le revenu et impôt sur les sociétés;19621;19198;-423
210320;2010;Impôt sur le revenu et impôt sur les sociétés;500;85;-415
120117;2009;Impôt sur le revenu;850;440;-410
110227;2010;Impôt sur le revenu;3200;3610;410
730213;2017;Taxe sur la valeur ajoutée;3410;3000;-410
140203;2013;Impôt sur le revenu;1300;1703;403
140119;2012;Impôt sur le revenu;1000;1400;400
730203;2012;Taxe sur la valeur ajoutée;1100;700;-400
200302;2018;Impôt sur le revenu et impôt sur les sociétés;5802;6200;398
120136;2009;Impôt sur le revenu;900;1290;390
120108;2019;Impôt sur le revenu;1660;2050;390
110222;2018;Impôt sur le revenu;1560;1948;388
800210;2018;TICPE / produits énergétiques hors gaz et charbons;515;903;388
140119;2013;Impôt sur le revenu;1200;1584;384
730210;2010;Taxe sur la valeur ajoutée;750;1130;380
730207;2012;Taxe sur la valeur ajoutée;1055;675;-380
730303;2013;Taxe sur la valeur ajoutée;1920;1540;-380
730205;2020;Taxe sur la valeur ajoutée;870;495;-375
520305;2011;Droits d'enregistrement et de timbre;290;660;370
120114;2012;Impôt sur le revenu;830;1200;370
730210;2015;Taxe sur la valeur ajoutée;1430;1800;370
220107;2022;Impôt sur le revenu et impôt sur les sociétés;2600;2970;370
210324;2020;Impôt sur le revenu et impôt sur les sociétés;9019;8650;-369
120401;2014;Impôt sur le revenu;3600;3967;367
800401;2018;TICPE / produits énergétiques hors gaz et charbons;1169;1534;365
730205;2022;Taxe sur la valeur ajoutée;800;440;-360
730303;2012;Taxe sur la valeur ajoutée;1140;1495;355
800401;2023;TICPE / produits énergétiques hors gaz et charbons;1511;1158;-353
120501;2020;Impôt sur le revenu;300;650;350
110203;2023;Impôt sur le revenu;1264;1614;350
800109;2013;TICPE / produits énergétiques hors gaz et charbons;3000;2660;-340
730213;2018;Taxe sur la valeur ajoutée;3640;3300;-340
730205;2021;Taxe sur la valeur ajoutée;820;480;-340
800201;2013;TICPE / produits énergétiques hors gaz et charbons;2100;1770;-330
300210;2015;Impôt sur les sociétés;40;370;330
800401;2022;TICPE / produits énergétiques hors gaz et charbons;1700;2022;322
120108;2012;Impôt sur le revenu;1150;1470;320
070101;2015;Impôts locaux;1275;1595;320
720107;2022;Taxe sur la valeur ajoutée;640;320;-320
940103;2023;Autres droits;0;312;312
070202;2009;Impôts locaux;407;96;-311
120114;2013;Impôt sur le revenu;890;1200;310
730210;2013;Taxe sur la valeur ajoutée;800;1110;310
140109;2023;Impôt sur le revenu;280;590;310
730221;2017;Taxe sur la valeur ajoutée;2400;2704;304
120401;2018;Impôt sur le revenu;4075;4376;301
120202;2011;Impôt sur le revenu;1600;1900;300
300102;2011;Impôt sur les sociétés;700;1000;300
120202;2012;Impôt sur le revenu;1600;1900;300
300102;2012;Impôt sur les sociétés;700;1000;300
520110;2023;Droits d'enregistrement et de timbre;500;800;300
940102;2023;Autres droits;0;298;298
800229;2022;TICPE / produits énergétiques hors gaz et charbons;1420;1717;297
140119;2015;Impôt sur le revenu;1865;1573;-292
110222;2012;Impôt sur le revenu;1400;1110;-290
730207;2022;Taxe sur la valeur ajoutée;449;159;-290
800216;2022;TICPE / produits énergétiques hors gaz et charbons;193;483;290
120108;2011;Impôt sur le revenu;1400;1120;-280
120136;2012;Impôt sur le revenu;1400;1680;280
730213;2013;Taxe sur la valeur ajoutée;5330;5050;-280
980103;2014;Autres droits;130;410;280
120202;2022;Impôt sur le revenu;2045;1765;-280
140119;2014;Impôt sur le revenu;2080;1802;-278
110222;2016;Impôt sur le revenu;1400;1678;278
800107;2010;TICPE / produits énergétiques hors gaz et charbons;643;366;-277
120108;2013;Impôt sur le revenu;1440;1170;-270
730210;2014;Taxe sur la valeur ajoutée;1350;1620;270
210309;2012;Impôt sur le revenu et impôt sur les sociétés;400;667;267
190101;2012;Impôt sur le revenu;800;1065;265
140101;2009;Impôt sur le revenu;700;440;-260
120401;2022;Impôt sur le revenu;4187;4443;256
110222;2019;Impôt sur le revenu;879;1132;253
400202;2011;Autres impôts directs;733;482;-251
730213;2009;Taxe sur la valeur ajoutée;5400;5150;-250
120114;2010;Impôt sur le revenu;580;830;250
190101;2011;Impôt sur le revenu;800;1050;250
200302;2015;Impôt sur le revenu et impôt sur les sociétés;5340;5094;-246
150515;2012;Impôt sur le revenu;275;520;245
110251;2021;Impôt sur le revenu;604;360;-244
730231;2020;Taxe sur la valeur ajoutée;501;260;-241
120401;2013;Impôt sur le revenu;3280;3520;240
200302;2022;Impôt sur le revenu et impôt sur les sociétés;7430;7193;-237
800401;2021;TICPE / produits énergétiques hors gaz et charbons;1745;1511;-234
800201;2022;TICPE / produits énergétiques hors gaz et charbons;1150;916;-234
820203;2019;TICFE / électricité;1014;1245;231
120401;2011;Impôt sur le revenu;2700;2930;230
120108;2022;Impôt sur le revenu;2350;2580;230
730233;2023;Taxe sur la valeur ajoutée;390;160;-230
070101;2016;Impôts locaux;1157;1385;228
120501;2019;Impôt sur le revenu;250;475;225
710103;2019;Taxe sur la valeur ajoutée;1900;2125;225
210309;2017;Impôt sur le revenu et impôt sur les sociétés;680;902;222
800211;2016;TICPE / produits énergétiques hors gaz et charbons;235;14;-221
140101;2011;Impôt sur le revenu;440;660;220
730219;2013;Taxe sur la valeur ajoutée;430;650;220
300102;2016;Impôt sur les sociétés;1000;1220;220
730231;2022;Taxe sur la valeur ajoutée;500;280;-220
730207;2014;Taxe sur la valeur ajoutée;550;768;218
110246;2020;Impôt sur le revenu;5175;4958;-217
120109;2022;Impôt sur le revenu;540;323;-217
800229;2023;TICPE / produits énergétiques hors gaz et charbons;1351;1135;-216
120205;2009;Impôt sur le revenu;300;85;-215
730231;2021;Taxe sur la valeur ajoutée;490;275;-215
120202;2023;Impôt sur le revenu;1820;1605;-215
800211;2017;TICPE / produits énergétiques hors gaz et charbons;220;8;-212
730207;2023;Taxe sur la valeur ajoutée;382;171;-211
120114;2009;Impôt sur le revenu;590;800;210
120202;2014;Impôt sur le revenu;1950;2160;210
800109;2014;TICPE / produits énergétiques hors gaz et charbons;2700;2490;-210
730221;2018;Taxe sur la valeur ajoutée;2683;2892;209
820204;2022;TICFE / électricité;230;21;-209
120202;2009;Impôt sur le revenu;1700;1500;-200
150708;2009;Impôt sur le revenu;200;400;200
730210;2009;Taxe sur la valeur ajoutée;800;1000;200
150708;2010;Impôt sur le revenu;300;100;-200
520110;2010;Droits d'enregistrement et de timbre;300;500;200
120138;2012;Impôt sur le revenu;20;220;200
520119;2012;Droits d'enregistrement et de timbre;200;400;200
150201;2013;Impôt sur le revenu;260;60;-200
730221;2014;Taxe sur la valeur ajoutée;2490;2290;-200
200302;2019;Impôt sur le revenu et impôt sur les sociétés;6200;6400;200
300102;2020;Impôt sur les sociétés;1160;960;-200
140119;2016;Impôt sur le revenu;1727;1530;-197
210319;2012;Impôt sur le revenu et impôt sur les sociétés;285;90;-195
730233;2022;Taxe sur la valeur ajoutée;370;175;-195
730221;2016;Taxe sur la valeur ajoutée;2350;2544;194
820201;2022;TICFE / électricité;250;56;-194
400202;2012;Autres impôts directs;511;318;-193
120136;2010;Impôt sur le revenu;1200;1390;190
730205;2012;Taxe sur la valeur ajoutée;1000;810;-190
120401;2015;Impôt sur le revenu;4220;4030;-190
210309;2016;Impôt sur le revenu et impôt sur les sociétés;740;930;190
730213;2019;Taxe sur la valeur ajoutée;3200;3390;190
200302;2023;Impôt sur le revenu et impôt sur les sociétés;7061;7251;190
210319;2010;Impôt sur le revenu et impôt sur les sociétés;100;285;185
110247;2013;Impôt sur le revenu;1465;1650;185
800403;2015;TICPE / produits énergétiques hors gaz et charbons;560;375;-185
140102;2013;Impôt sur le revenu;410;593;183
110246;2009;Impôt sur le revenu;1500;1682;182
730221;2015;Taxe sur la valeur ajoutée;2490;2309;-181
120109;2021;Impôt sur le revenu;415;234;-181
120138;2011;Impôt sur le revenu;20;200;180
800101;2011;TICPE / produits énergétiques hors gaz et charbons;98;278;180
800109;2012;TICPE / produits énergétiques hors gaz et charbons;2500;2680;180
730219;2014;Taxe sur la valeur ajoutée;520;700;180
120108;2016;Impôt sur le revenu;1260;1440;180
300102;2017;Impôt sur les sociétés;1000;1180;180
210311;2016;Impôt sur le revenu et impôt sur les sociétés;410;231;-179
050101;2017;Impôts locaux;203;26;-177
120401;2012;Impôt sur le revenu;3040;3215;175
800216;2023;TICPE / produits énergétiques hors gaz et charbons;256;431;175
730221;2011;Taxe sur la valeur ajoutée;3130;3300;170
110247;2012;Impôt sur le revenu;1825;1995;170
130208;2013;Impôt sur le revenu;455;285;-170
730213;2016;Taxe sur la valeur ajoutée;3280;3450;170
730213;2020;Taxe sur la valeur ajoutée;3500;3330;-170
820203;2021;TICFE / électricité;1235;1068;-167
170103;2009;Impôt sur le revenu;140;305;165
110102;2014;Impôt sur le revenu;345;507;162
120132;2011;Impôt sur le revenu;50;210;160
120136;2011;Impôt sur le revenu;1360;1520;160
210309;2011;Impôt sur le revenu et impôt sur les sociétés;410;570;160
720107;2012;Taxe sur la valeur ajoutée;730;570;-160
730213;2012;Taxe sur la valeur ajoutée;5200;5040;-160
120202;2021;Impôt sur le revenu;1975;1815;-160
060201;2016;Impôts locaux;15;174;159
800401;2020;TICPE / produits énergétiques hors gaz et charbons;1534;1375;-159
110203;2021;Impôt sur le revenu;960;1118;158
720107;2016;Taxe sur la valeur ajoutée;415;572;157
120401;2019;Impôt sur le revenu;4200;4357;157
070101;2019;Impôts locaux;1681;1838;157
130208;2016;Impôt sur le revenu;130;285;155
300102;2009;Impôt sur les sociétés;650;800;150
800201;2009;TICPE / produits énergétiques hors gaz et charbons;950;1100;150
120132;2010;Impôt sur le revenu;50;200;150
730207;2010;Taxe sur la valeur ajoutée;830;980;150
110246;2011;Impôt sur le revenu;1750;1900;150
120202;2013;Impôt sur le revenu;1900;2050;150
300101;2013;Impôt sur les sociétés;50;200;150
520119;2013;Droits d'enregistrement et de timbre;200;350;150
300102;2014;Impôt sur les sociétés;1100;950;-150
120108;2015;Impôt sur le revenu;1250;1400;150
110203;2022;Impôt sur le revenu;1110;1260;150
110251;2020;Impôt sur le revenu;700;551;-149
210313;2020;Impôt sur le revenu et impôt sur les sociétés;1284;1135;-149
140203;2017;Impôt sur le revenu;1960;2107;147
730221;2019;Taxe sur la valeur ajoutée;2899;3045;146
140123;2012;Impôt sur le revenu;370;225;-145
320139;2012;Impôt sur les sociétés;850;705;-145
120136;2013;Impôt sur le revenu;1070;1215;145
070101;2020;Impôts locaux;1799;1944;145
110224;2020;Impôt sur le revenu;313;457;144
110224;2022;Impôt sur le revenu;440;584;144
320113;2010;Impôt sur les sociétés;300;160;-140
120108;2018;Impôt sur le revenu;1600;1740;140
120108;2021;Impôt sur le revenu;2200;2060;-140
200311;2023;Impôt sur le revenu et impôt sur les sociétés;150;10;-140
070101;2011;Impôts locaux;1376;1237;-139
730207;2017;Taxe sur la valeur ajoutée;800;938;138
400202;2015;Autres impôts directs;468;604;136
100201;2013;Impôt sur le revenu;290;425;135
120401;2016;Impôt sur le revenu;4180;4045;-135
110201;2023;Impôt sur le revenu;1745;1880;135
150515;2013;Impôt sur le revenu;375;509;134
740105;2011;Taxe sur la valeur ajoutée;0;133;133
120401;2009;Impôt sur le revenu;2620;2490;-130
120108;2010;Impôt sur le revenu;1000;1130;130
120117;2011;Impôt sur le revenu;220;350;130
210313;2013;Impôt sur le revenu et impôt sur les sociétés;1370;1240;-130
110214;2015;Impôt sur le revenu;1670;1540;-130
800401;2016;TICPE / produits énergétiques hors gaz et charbons;866;996;130
140109;2022;Impôt sur le revenu;220;350;130
110256;2012;Impôt sur le revenu;80;208;128
820203;2020;TICFE / électricité;1035;1163;128
400112;2015;Autres impôts directs;180;53;-127
110227;2011;Impôt sur le revenu;2980;3105;125
140102;2012;Impôt sur le revenu;300;425;125
210309;2013;Impôt sur le revenu et impôt sur les sociétés;800;675;-125
300101;2014;Impôt sur les sociétés;100;225;125
730214;2020;Taxe sur la valeur ajoutée;250;125;-125
110201;2022;Impôt sur le revenu;1600;1725;125
440201;2018;Autres impôts directs;200;77;-123
110251;2023;Impôt sur le revenu;200;77;-123
800201;2023;TICPE / produits énergétiques hors gaz et charbons;1115;1238;123
330103;2011;Impôt sur les sociétés;461;583;122
140123;2011;Impôt sur le revenu;350;230;-120
710102;2011;Taxe sur la valeur ajoutée;65;185;120
210313;2012;Impôt sur le revenu et impôt sur les sociétés;1380;1260;-120
730210;2012;Taxe sur la valeur ajoutée;1030;1150;120
110201;2015;Impôt sur le revenu;1435;1315;-120
140203;2015;Impôt sur le revenu;1800;1920;120
120108;2017;Impôt sur le revenu;1500;1620;120
730221;2020;Taxe sur la valeur ajoutée;3062;2942;-120
300102;2022;Impôt sur les sociétés;830;950;120
110261;2023;Impôt sur le revenu;1516;1396;-120
120203;2023;Impôt sur le revenu;24;144;120
710102;2023;Taxe sur la valeur ajoutée;235;115;-120
120202;2020;Impôt sur le revenu;1916;2035;119
800216;2019;TICPE / produits énergétiques hors gaz et charbons;67;185;118
220104;2022;Impôt sur le revenu et impôt sur les sociétés;209;326;117
120124;2020;Impôt sur le revenu;139;255;116
320113;2009;Impôt sur les sociétés;250;135;-115
720107;2014;Taxe sur la valeur ajoutée;530;415;-115
730303;2017;Taxe sur la valeur ajoutée;2450;2335;-115
140119;2020;Impôt sur le revenu;1466;1351;-115
140123;2014;Impôt sur le revenu;280;394;114
210309;2015;Impôt sur le revenu et impôt sur les sociétés;790;676;-114
800207;2015;TICPE / produits énergétiques hors gaz et charbons;44;158;114
400202;2010;Autres impôts directs;670;783;113
120401;2023;Impôt sur le revenu;4420;4533;113
800401;2015;TICPE / produits énergétiques hors gaz et charbons;828;940;112
210324;2016;Impôt sur le revenu et impôt sur les sociétés;13010;12898;-112
110210;2009;Impôt sur le revenu;250;361;111
730206;2022;Taxe sur la valeur ajoutée;246;135;-111
210311;2009;Impôt sur le revenu et impôt sur les sociétés;330;440;110
120401;2010;Impôt sur le revenu;2670;2780;110
740106;2010;Taxe sur la valeur ajoutée;290;180;-110
110246;2012;Impôt sur le revenu;1890;2000;110
100112;2014;Impôt sur le revenu;440;550;110
210313;2015;Impôt sur le revenu et impôt sur les sociétés;1175;1065;-110
110201;2021;Impôt sur le revenu;1510;1620;110
740105;2023;Taxe sur la valeur ajoutée;175;65;-110
800101;2010;TICPE / produits énergétiques hors gaz et charbons;92;200;108
130208;2017;Impôt sur le revenu;130;238;108
110201;2018;Impôt sur le revenu;1410;1518;108
110251;2022;Impôt sur le revenu;300;193;-107
730206;2023;Taxe sur la valeur ajoutée;258;151;-107
140119;2018;Impôt sur le revenu;1490;1596;106
800107;2009;TICPE / produits énergétiques hors gaz et charbons;651;546;-105
730305;2013;Taxe sur la valeur ajoutée;270;165;-105
730213;2014;Taxe sur la valeur ajoutée;3890;3785;-105
110201;2016;Impôt sur le revenu;1260;1365;105
730230;2021;Taxe sur la valeur ajoutée;285;180;-105
200310;2016;Impôt sur le revenu et impôt sur les sociétés;70;173;103
730305;2023;Taxe sur la valeur ajoutée;160;57;-103
800203;2012;TICPE / produits énergétiques hors gaz et charbons;6;108;102
330103;2010;Impôt sur les sociétés;302;201;-101
120108;2009;Impôt sur le revenu;1300;1400;100
150701;2009;Impôt sur le revenu;100;200;100
190101;2009;Impôt sur le revenu;600;700;100
560104;2009;Droits d'enregistrement et de timbre;2000;2100;100
740106;2009;Taxe sur la valeur ajoutée;260;160;-100
730203;2010;Taxe sur la valeur ajoutée;900;1000;100
800201;2010;TICPE / produits énergétiques hors gaz et charbons;1100;1000;-100
130201;2011;Impôt sur le revenu;850;950;100
150701;2011;Impôt sur le revenu;100;200;100
150708;2011;Impôt sur le revenu;200;100;-100
720107;2011;Taxe sur la valeur ajoutée;700;600;-100
730204;2011;Taxe sur la valeur ajoutée;100;200;100
110227;2012;Impôt sur le revenu;2800;2900;100
110103;2013;Impôt sur le revenu;270;370;100
050204;2014;Impôts locaux;170;70;-100
300102;2015;Impôt sur les sociétés;1100;1000;-100
100112;2015;Impôt sur le revenu;550;650;100
720107;2020;Taxe sur la valeur ajoutée;480;580;100
140119;2021;Impôt sur le revenu;1138;1238;100
730230;2022;Taxe sur la valeur ajoutée;290;190;-100
120501;2023;Impôt sur le revenu;491;391;-100
110256;2010;Impôt sur le revenu;110;11;-99
170105;2010;Impôt sur le revenu;100;1;-99
140117;2012;Impôt sur le revenu;116;215;99
400202;2017;Autres impôts directs;555;654;99
800203;2013;TICPE / produits énergétiques hors gaz et charbons;6;104;98
120202;2017;Impôt sur le revenu;1990;1892;-98
800401;2017;TICPE / produits énergétiques hors gaz et charbons;1160;1062;-98
110232;2009;Impôt sur le revenu;540;637;97
140104;2013;Impôt sur le revenu;130;227;97
130208;2018;Impôt sur le revenu;95;192;97
140119;2019;Impôt sur le revenu;1523;1426;-97
140101;2022;Impôt sur le revenu;404;501;97
070101;2017;Impôts locaux;1550;1646;96
200310;2021;Impôt sur le revenu et impôt sur les sociétés;184;280;96
710103;2013;Taxe sur la valeur ajoutée;1255;1160;-95
110103;2014;Impôt sur le revenu;370;465;95
190101;2014;Impôt sur le revenu;1255;1350;95
800109;2015;TICPE / produits énergétiques hors gaz et charbons;2825;2730;-95
800403;2017;TICPE / produits énergétiques hors gaz et charbons;740;645;-95
730214;2019;Taxe sur la valeur ajoutée;228;133;-95
730223;2019;Taxe sur la valeur ajoutée;1140;1235;95
200401;2022;Impôt sur le revenu et impôt sur les sociétés;550;455;-95
720106;2023;Taxe sur la valeur ajoutée;115;20;-95
800216;2020;TICPE / produits énergétiques hors gaz et charbons;100;193;93
140101;2013;Impôt sur le revenu;580;672;92
200310;2014;Impôt sur le revenu et impôt sur les sociétés;160;68;-92
110203;2014;Impôt sur le revenu;1235;1144;-91
050204;2015;Impôts locaux;150;59;-91
730207;2016;Taxe sur la valeur ajoutée;789;880;91
730305;2022;Taxe sur la valeur ajoutée;161;70;-91
130208;2009;Impôt sur le revenu;350;440;90
710103;2009;Taxe sur la valeur ajoutée;1180;1090;-90
730219;2009;Taxe sur la valeur ajoutée;300;390;90
110224;2010;Impôt sur le revenu;800;710;-90
730204;2010;Taxe sur la valeur ajoutée;60;150;90
110201;2011;Impôt sur le revenu;1000;1090;90
730214;2011;Taxe sur la valeur ajoutée;120;210;90
110214;2012;Impôt sur le revenu;1290;1380;90
730221;2012;Taxe sur la valeur ajoutée;3200;3110;-90
140203;2012;Impôt sur le revenu;1275;1365;90
110110;2018;Impôt sur le revenu;580;670;90
730205;2018;Taxe sur la valeur ajoutée;730;820;90
730223;2018;Taxe sur la valeur ajoutée;1240;1150;-90
120109;2019;Impôt sur le revenu;450;540;90
730207;2021;Taxe sur la valeur ajoutée;420;330;-90
730222;2021;Taxe sur la valeur ajoutée;60;150;90
070101;2013;Impôts locaux;1344;1255;-89
720107;2019;Taxe sur la valeur ajoutée;491;580;89
090112;2019;Impôts locaux;63;152;89
820202;2022;TICFE / électricité;105;16;-89
110251;2014;Impôt sur le revenu;660;748;88
170106;2023;Impôt sur le revenu;119;207;88
820201;2018;TICFE / électricité;297;210;-87
190208;2014;Impôt sur le revenu;200;114;-86
120109;2010;Impôt sur le revenu;350;265;-85
520305;2010;Droits d'enregistrement et de timbre;240;325;85
110203;2011;Impôt sur le revenu;900;985;85
320102;2011;Impôt sur les sociétés;100;185;85
110203;2012;Impôt sur le revenu;940;1025;85
800101;2012;TICPE / produits énergétiques hors gaz et charbons;350;265;-85
110214;2013;Impôt sur le revenu;1570;1485;-85
520119;2015;Droits d'enregistrement et de timbre;350;435;85
800102;2016;TICPE / produits énergétiques hors gaz et charbons;180;265;85
220104;2017;Impôt sur le revenu et impôt sur les sociétés;38;123;85
110246;2019;Impôt sur le revenu;4760;4845;85
740105;2022;Taxe sur la valeur ajoutée;175;90;-85
120508;2023;Impôt sur le revenu;200;285;85
130208;2012;Impôt sur le revenu;415;331;-84
110252;2022;Impôt sur le revenu;200;284;84
110224;2023;Impôt sur le revenu;589;673;84
140101;2017;Impôt sur le revenu;792;709;-83
220104;2018;Impôt sur le revenu et impôt sur les sociétés;61;144;83
050201;2018;Impôts locaux;121;38;-83
120117;2019;Impôt sur le revenu;382;465;83
060201;2011;Impôts locaux;20;102;82
200310;2015;Impôt sur le revenu et impôt sur les sociétés;190;108;-82
110222;2021;Impôt sur le revenu;390;308;-82
120401;2021;Impôt sur le revenu;4257;4339;82
110247;2009;Impôt sur le revenu;1170;1089;-81
200302;2013;Impôt sur le revenu et impôt sur les sociétés;3350;3269;-81
110261;2021;Impôt sur le revenu;1198;1117;-81
100201;2009;Impôt sur le revenu;260;180;-80
130201;2010;Impôt sur le revenu;800;880;80
710103;2010;Taxe sur la valeur ajoutée;1180;1100;-80
730219;2010;Taxe sur la valeur ajoutée;345;425;80
120204;2011;Impôt sur le revenu;240;320;80
150515;2011;Impôt sur le revenu;270;350;80
130214;2012;Impôt sur le revenu;120;40;-80
110110;2013;Impôt sur le revenu;420;500;80
140117;2013;Impôt sur le revenu;120;200;80
100112;2013;Impôt sur le revenu;390;470;80
110246;2014;Impôt sur le revenu;2070;1990;-80
110102;2015;Impôt sur le revenu;470;550;80
300102;2021;Impôt sur les sociétés;995;1075;80
720106;2022;Taxe sur la valeur ajoutée;100;20;-80
730205;2023;Taxe sur la valeur ajoutée;545;465;-80
110110;2019;Impôt sur le revenu;610;689;79
710102;2010;Taxe sur la valeur ajoutée;80;158;78
110252;2014;Impôt sur le revenu;330;408;78
120203;2022;Impôt sur le revenu;25;103;78
710109;2023;Taxe sur la valeur ajoutée;95;17;-78
140102;2014;Impôt sur le revenu;520;597;77
110110;2022;Impôt sur le revenu;680;757;77
210309;2009;Impôt sur le revenu et impôt sur les sociétés;250;326;76
210313;2023;Impôt sur le revenu et impôt sur les sociétés;779;703;-76
140201;2009;Impôt sur le revenu;300;375;75
800209;2011;TICPE / produits énergétiques hors gaz et charbons;75;0;-75
110201;2012;Impôt sur le revenu;1080;1155;75
140104;2012;Impôt sur le revenu;90;165;75
800101;2015;TICPE / produits énergétiques hors gaz et charbons;265;340;75
210102;2016;Impôt sur le revenu et impôt sur les sociétés;90;15;-75
730230;2020;Taxe sur la valeur ajoutée;225;150;-75
710102;2022;Taxe sur la valeur ajoutée;190;115;-75
710105;2022;Taxe sur la valeur ajoutée;200;125;-75
730232;2023;Taxe sur la valeur ajoutée;182;107;-75
950101;2009;Autres droits;488;414;-74
800107;2011;TICPE / produits énergétiques hors gaz et charbons;196;270;74
950101;2019;Autres droits;540;614;74
220104;2021;Impôt sur le revenu et impôt sur les sociétés;162;236;74
220104;2020;Impôt sur le revenu et impôt sur les sociétés;151;223;72
800215;2023;TICPE / produits énergétiques hors gaz et charbons;25;97;72
800216;2021;TICPE / produits énergétiques hors gaz et charbons;185;256;71
730207;2009;Taxe sur la valeur ajoutée;790;860;70
730219;2011;Taxe sur la valeur ajoutée;390;460;70
190204;2011;Impôt sur le revenu;200;130;-70
120111;2012;Impôt sur le revenu;220;290;70
730214;2012;Taxe sur la valeur ajoutée;130;200;70
800403;2012;TICPE / produits énergétiques hors gaz et charbons;300;370;70
110102;2013;Impôt sur le revenu;550;620;70
710103;2014;Taxe sur la valeur ajoutée;1260;1330;70
520203;2014;Droits d'enregistrement et de timbre;80;150;70
110110;2015;Impôt sur le revenu;520;590;70
400111;2015;Autres impôts directs;240;170;-70
190207;2015;Impôt sur le revenu;250;180;-70
110104;2016;Impôt sur le revenu;460;390;-70
730224;2016;Taxe sur la valeur ajoutée;40;110;70
730303;2016;Taxe sur la valeur ajoutée;2460;2530;70
050204;2016;Impôts locaux;150;80;-70
120109;2020;Impôt sur le revenu;470;540;70
730222;2020;Taxe sur la valeur ajoutée;70;140;70
800222;2021;TICPE / produits énergétiques hors gaz et charbons;225;155;-70
120508;2022;Impôt sur le revenu;173;243;70
730222;2022;Taxe sur la valeur ajoutée;160;90;-70
140101;2023;Impôt sur le revenu;405;475;70
070101;2010;Impôts locaux;1250;1319;69
210311;2017;Impôt sur le revenu et impôt sur les sociétés;280;211;-69
300101;2017;Impôt sur les sociétés;210;141;-69
800229;2021;TICPE / produits énergétiques hors gaz et charbons;1420;1351;-69
830202;2022;TICGN / gaz naturels;122;53;-69
830201;2023;TICGN / gaz naturels;432;363;-69
400202;2014;Autres impôts directs;460;528;68
800201;2014;TICPE / produits énergétiques hors gaz et charbons;1665;1733;68
140123;2018;Impôt sur le revenu;184;252;68
800212;2021;TICPE / produits énergétiques hors gaz et charbons;53;121;68
050109;2011;Impôts locaux;70;3;-67
110224;2014;Impôt sur le revenu;380;313;-67
210102;2015;Impôt sur le revenu et impôt sur les sociétés;80;13;-67
190208;2012;Impôt sur le revenu;134;200;66
950101;2016;Autres droits;497;563;66
140109;2020;Impôt sur le revenu;290;224;-66
120138;2021;Impôt sur le revenu;320;254;-66
730306;2022;Taxe sur la valeur ajoutée;205;139;-66
710104;2009;Taxe sur la valeur ajoutée;225;160;-65
050101;2009;Impôts locaux;320;255;-65
130208;2010;Impôt sur le revenu;410;475;65
110103;2011;Impôt sur le revenu;195;260;65
110222;2011;Impôt sur le revenu;1950;2015;65
110103;2012;Impôt sur le revenu;230;295;65
120204;2012;Impôt sur le revenu;270;335;65
110246;2013;Impôt sur le revenu;2100;2035;-65
730306;2014;Taxe sur la valeur ajoutée;255;190;-65
730203;2015;Taxe sur la valeur ajoutée;760;825;65
730306;2015;Taxe sur la valeur ajoutée;235;170;-65
120109;2016;Impôt sur le revenu;375;440;65
320118;2016;Impôt sur les sociétés;21;86;65
710105;2023;Taxe sur la valeur ajoutée;225;160;-65
230409;2011;Impôt sur le revenu et impôt sur les sociétés;95;31;-64
800207;2012;TICPE / produits énergétiques hors gaz et charbons;4;68;64
140123;2016;Impôt sur le revenu;208;272;64
120132;2021;Impôt sur le revenu;265;329;64
730232;2022;Taxe sur la valeur ajoutée;143;79;-64
210102;2010;Impôt sur le revenu et impôt sur les sociétés;2;65;63
800208;2012;TICPE / produits énergétiques hors gaz et charbons;47;110;63
110215;2015;Impôt sur le revenu;235;172;-63
110104;2019;Impôt sur le revenu;370;433;63
730306;2023;Taxe sur la valeur ajoutée;260;197;-63
110302;2014;Impôt sur le revenu;310;372;62
520121;2019;Droits d'enregistrement et de timbre;132;70;-62
950101;2020;Autres droits;549;611;62
120132;2023;Impôt sur le revenu;367;305;-62
400112;2014;Autres impôts directs;111;50;-61
060201;2018;Impôts locaux;34;95;61
110102;2019;Impôt sur le revenu;550;611;61
120124;2019;Impôt sur le revenu;143;82;-61
120501;2021;Impôt sur le revenu;430;491;61
300101;2023;Impôt sur les sociétés;107;168;61
140105;2009;Impôt sur le revenu;120;60;-60
110251;2010;Impôt sur le revenu;30;90;60
120117;2010;Impôt sur le revenu;500;440;-60
140102;2010;Impôt sur le revenu;250;190;-60
140105;2010;Impôt sur le revenu;110;50;-60
210311;2010;Impôt sur le revenu et impôt sur les sociétés;370;430;60
730206;2011;Taxe sur la valeur ajoutée;170;230;60
730207;2011;Taxe sur la valeur ajoutée;900;840;-60
100201;2012;Impôt sur le revenu;270;330;60
130201;2012;Impôt sur le revenu;880;820;-60
710103;2012;Taxe sur la valeur ajoutée;1100;1160;60
110201;2013;Impôt sur le revenu;1300;1240;-60
120501;2013;Impôt sur le revenu;140;200;60
120501;2014;Impôt sur le revenu;140;200;60
210309;2014;Impôt sur le revenu et impôt sur les sociétés;635;695;60
800107;2014;TICPE / produits énergétiques hors gaz et charbons;205;145;-60
120501;2015;Impôt sur le revenu;200;260;60
130208;2015;Impôt sur le revenu;200;260;60
120202;2016;Impôt sur le revenu;2020;1960;-60
300101;2016;Impôt sur les sociétés;210;150;-60
730203;2016;Taxe sur la valeur ajoutée;800;860;60
730223;2016;Taxe sur la valeur ajoutée;1120;1180;60
730223;2020;Taxe sur la valeur ajoutée;1250;1310;60
710109;2022;Taxe sur la valeur ajoutée;85;25;-60
110102;2023;Impôt sur le revenu;586;646;60
110252;2023;Impôt sur le revenu;180;239;59
800403;2009;TICPE / produits énergétiques hors gaz et charbons;230;288;58
400111;2011;Autres impôts directs;132;190;58
210311;2014;Impôt sur le revenu et impôt sur les sociétés;530;472;-58
190208;2015;Impôt sur le revenu;150;92;-58
110256;2019;Impôt sur le revenu;138;80;-58
800207;2014;TICPE / produits énergétiques hors gaz et charbons;68;125;57
110213;2015;Impôt sur le revenu;365;308;-57
320129;2017;Impôt sur les sociétés;110;53;-57
110256;2018;Impôt sur le revenu;205;148;-57
100201;2019;Impôt sur le revenu;336;393;57
800215;2022;TICPE / produits énergétiques hors gaz et charbons;7;64;57
730214;2023;Taxe sur la valeur ajoutée;131;74;-57
800203;2020;TICPE / produits énergétiques hors gaz et charbons;75;19;-56
220104;2023;Impôt sur le revenu et impôt sur les sociétés;294;350;56
120503;2009;Impôt sur le revenu;80;25;-55
110210;2010;Impôt sur le revenu;300;355;55
130208;2011;Impôt sur le revenu;400;455;55
730305;2012;Taxe sur la valeur ajoutée;195;250;55
110203;2013;Impôt sur le revenu;1070;1125;55
730214;2013;Taxe sur la valeur ajoutée;250;195;-55
100201;2016;Impôt sur le revenu;370;315;-55
100112;2016;Impôt sur le revenu;635;690;55
730305;2017;Taxe sur la valeur ajoutée;165;220;55
120508;2019;Impôt sur le revenu;115;170;55
820201;2019;TICFE / électricité;198;253;55
200401;2021;Impôt sur le revenu et impôt sur les sociétés;630;575;-55
200310;2022;Impôt sur le revenu et impôt sur les sociétés;248;303;55
730214;2022;Taxe sur la valeur ajoutée;131;76;-55
800221;2022;TICPE / produits énergétiques hors gaz et charbons;1408;1353;-55
110302;2015;Impôt sur le revenu;330;384;54
110247;2016;Impôt sur le revenu;360;414;54
110251;2019;Impôt sur le revenu;744;690;-54
120508;2021;Impôt sur le revenu;146;200;54
320121;2022;Impôt sur les sociétés;85;139;54
800208;2013;TICPE / produits énergétiques hors gaz et charbons;50;103;53
110252;2016;Impôt sur le revenu;440;387;-53
110247;2017;Impôt sur le revenu;200;147;-53
400111;2017;Autres impôts directs;190;243;53
150518;2019;Impôt sur le revenu;190;137;-53
150518;2020;Impôt sur le revenu;120;173;53
120146;2023;Impôt sur le revenu;1867;1814;-53
210324;2017;Impôt sur le revenu et impôt sur les sociétés;15770;15718;-52
110247;2018;Impôt sur le revenu;100;48;-52
210313;2018;Impôt sur le revenu et impôt sur les sociétés;951;899;-52
220104;2019;Impôt sur le revenu et impôt sur les sociétés;126;178;52
060201;2019;Impôts locaux;37;89;52
110214;2017;Impôt sur le revenu;1495;1444;-51
110110;2020;Impôt sur le revenu;650;701;51
120131;2020;Impôt sur le revenu;178;229;51
120504;2022;Impôt sur le revenu;30;81;51
800212;2022;TICPE / produits énergétiques hors gaz et charbons;95;146;51
200401;2023;Impôt sur le revenu et impôt sur les sociétés;400;349;-51
120126;2009;Impôt sur le revenu;250;200;-50
130201;2009;Impôt sur le revenu;800;850;50
140123;2009;Impôt sur le revenu;400;350;-50
220102;2009;Impôt sur le revenu et impôt sur les sociétés;35;85;50
300203;2009;Impôt sur les sociétés;20;70;50
110102;2010;Impôt sur le revenu;1560;1510;-50
300102;2010;Impôt sur les sociétés;700;750;50
320102;2010;Impôt sur les sociétés;50;100;50
520121;2010;Droits d'enregistrement et de timbre;10;60;50
560104;2010;Droits d'enregistrement et de timbre;2200;2150;-50
720107;2010;Taxe sur la valeur ajoutée;650;700;50
730213;2010;Taxe sur la valeur ajoutée;5150;5200;50
190204;2010;Impôt sur le revenu;150;200;50
120111;2011;Impôt sur le revenu;200;250;50
320139;2011;Impôt sur les sociétés;800;850;50
710103;2011;Taxe sur la valeur ajoutée;1090;1140;50
730203;2011;Taxe sur la valeur ajoutée;1050;1100;50
730210;2011;Taxe sur la valeur ajoutée;900;850;-50
300101;2012;Impôt sur les sociétés;50;100;50
730206;2012;Taxe sur la valeur ajoutée;240;190;-50
130201;2013;Impôt sur le revenu;950;900;-50
400111;2013;Autres impôts directs;170;220;50
730205;2013;Taxe sur la valeur ajoutée;890;840;-50
190101;2013;Impôt sur le revenu;1150;1200;50
190207;2013;Impôt sur le revenu;200;250;50
120108;2014;Impôt sur le revenu;1300;1250;-50
730203;2014;Taxe sur la valeur ajoutée;750;800;50
800401;2014;TICPE / produits énergétiques hors gaz et charbons;800;750;-50
110103;2015;Impôt sur le revenu;460;510;50
120202;2015;Impôt sur le revenu;2100;2150;50
190101;2015;Impôt sur le revenu;1330;1280;-50
110107;2016;Impôt sur le revenu;70;120;50
120501;2016;Impôt sur le revenu;200;250;50
720108;2016;Taxe sur la valeur ajoutée;10;60;50
730205;2017;Taxe sur la valeur ajoutée;680;730;50
730223;2017;Taxe sur la valeur ajoutée;1120;1070;-50
950101;2017;Autres droits;533;583;50
110102;2018;Impôt sur le revenu;550;600;50
120501;2018;Impôt sur le revenu;250;300;50
120402;2022;Impôt sur le revenu;43;93;50
210329;2023;Impôt sur le revenu et impôt sur les sociétés;85;135;50
300102;2023;Impôt sur les sociétés;800;750;-50
730222;2023;Taxe sur la valeur ajoutée;175;125;-50
730224;2023;Taxe sur la valeur ajoutée;72;122;50
830202;2023;TICGN / gaz naturels;98;48;-50
120124;2011;Impôt sur le revenu;50;99;49
950101;2011;Autres droits;487;438;-49
110261;2016;Impôt sur le revenu;240;191;-49
100201;2018;Impôt sur le revenu;320;369;49
320129;2023;Impôt sur les sociétés;219;170;-49
110214;2009;Impôt sur le revenu;1200;1248;48
820201;2017;TICFE / électricité;150;198;48
800102;2017;TICPE / produits énergétiques hors gaz et charbons;320;272;-48
110224;2018;Impôt sur le revenu;304;352;48
320121;2018;Impôt sur les sociétés;121;169;48
110222;2022;Impôt sur le revenu;150;102;-48
120111;2023;Impôt sur le revenu;431;479;48
400111;2010;Autres impôts directs;110;157;47
520203;2012;Droits d'enregistrement et de timbre;83;130;47
140123;2013;Impôt sur le revenu;330;377;47
200310;2020;Impôt sur le revenu et impôt sur les sociétés;200;247;47
800211;2020;TICPE / produits énergétiques hors gaz et charbons;49;2;-47
210322;2010;Impôt sur le revenu et impôt sur les sociétés;90;44;-46
520305;2012;Droits d'enregistrement et de timbre;56;10;-46
800210;2016;TICPE / produits énergétiques hors gaz et charbons;182;228;46
050201;2016;Impôts locaux;70;116;46
060101;2009;Impôts locaux;266;221;-45
220102;2010;Impôt sur le revenu et impôt sur les sociétés;55;100;45
800116;2010;TICPE / produits énergétiques hors gaz et charbons;200;245;45
800102;2012;TICPE / produits énergétiques hors gaz et charbons;105;60;-45
210311;2013;Impôt sur le revenu et impôt sur les sociétés;500;545;45
320132;2013;Impôt sur les sociétés;225;180;-45
730204;2015;Taxe sur la valeur ajoutée;150;195;45
200302;2016;Impôt sur le revenu et impôt sur les sociétés;5510;5555;45
120138;2017;Impôt sur le revenu;295;340;45
730204;2017;Taxe sur la valeur ajoutée;195;150;-45
520203;2017;Droits d'enregistrement et de timbre;185;230;45
520121;2018;Droits d'enregistrement et de timbre;115;70;-45
740105;2018;Taxe sur la valeur ajoutée;130;175;45
730205;2019;Taxe sur la valeur ajoutée;780;825;45
740105;2019;Taxe sur la valeur ajoutée;130;175;45
120401;2020;Impôt sur le revenu;4515;4560;45
720108;2020;Taxe sur la valeur ajoutée;70;25;-45
800222;2022;TICPE / produits énergétiques hors gaz et charbons;220;175;-45
050106;2022;Impôts locaux;66;111;45
140123;2015;Impôt sur le revenu;275;319;44
800101;2016;TICPE / produits énergétiques hors gaz et charbons;333;377;44
110216;2014;Impôt sur le revenu;130;87;-43
110104;2018;Impôt sur le revenu;390;433;43
110261;2020;Impôt sur le revenu;1009;966;-43
190208;2010;Impôt sur le revenu;170;128;-42
950101;2010;Autres droits;471;429;-42
800207;2013;TICPE / produits énergétiques hors gaz et charbons;4;46;42
200310;2017;Impôt sur le revenu et impôt sur les sociétés;115;157;42
110224;2019;Impôt sur le revenu;335;377;42
130302;2020;Impôt sur le revenu;62;20;-42
150515;2021;Impôt sur le revenu;101;59;-42
150518;2021;Impôt sur le revenu;190;148;-42
210313;2021;Impôt sur le revenu et impôt sur les sociétés;1149;1107;-42
120402;2023;Impôt sur le revenu;79;121;42
530207;2023;Droits d'enregistrement et de timbre;6;48;42
400202;2009;Autres impôts directs;620;661;41
800208;2009;TICPE / produits énergétiques hors gaz et charbons;0;41;41
110222;2014;Impôt sur le revenu;660;619;-41
120508;2020;Impôt sur le revenu;132;173;41
210313;2022;Impôt sur le revenu et impôt sur les sociétés;918;877;-41
830201;2022;TICGN / gaz naturels;470;429;-41
120111;2009;Impôt sur le revenu;240;200;-40
130209;2009;Impôt sur le revenu;70;30;-40
730204;2009;Taxe sur la valeur ajoutée;60;100;40
730206;2009;Taxe sur la valeur ajoutée;200;160;-40
110201;2010;Impôt sur le revenu;960;1000;40
150515;2010;Impôt sur le revenu;300;260;-40
730216;2010;Taxe sur la valeur ajoutée;70;110;40
110251;2011;Impôt sur le revenu;200;240;40
130214;2011;Impôt sur le revenu;100;60;-40
210313;2011;Impôt sur le revenu et impôt sur les sociétés;1060;1100;40
220102;2011;Impôt sur le revenu et impôt sur les sociétés;90;130;40
110216;2012;Impôt sur le revenu;210;170;-40
140201;2012;Impôt sur le revenu;350;390;40
730216;2012;Taxe sur la valeur ajoutée;110;70;-40
730301;2012;Taxe sur la valeur ajoutée;60;100;40
800107;2012;TICPE / produits énergétiques hors gaz et charbons;250;290;40
190209;2012;Impôt sur le revenu;40;80;40
400112;2013;Autres impôts directs;120;160;40
730204;2013;Taxe sur la valeur ajoutée;180;140;-40
730207;2013;Taxe sur la valeur ajoutée;790;830;40
110104;2014;Impôt sur le revenu;390;430;40
110107;2014;Impôt sur le revenu;120;80;-40
120132;2014;Impôt sur le revenu;235;275;40
300211;2014;Impôt sur les sociétés;40;80;40
190204;2014;Impôt sur le revenu;170;130;-40
300211;2015;Impôt sur les sociétés;40;80;40
400203;2015;Autres impôts directs;112;152;40
730219;2015;Taxe sur la valeur ajoutée;690;730;40
730303;2015;Taxe sur la valeur ajoutée;2455;2495;40
730219;2016;Taxe sur la valeur ajoutée;710;750;40
400203;2017;Autres impôts directs;152;192;40
730219;2017;Taxe sur la valeur ajoutée;760;800;40
120117;2018;Impôt sur le revenu;375;415;40
730214;2018;Taxe sur la valeur ajoutée;206;246;40
110201;2019;Impôt sur le revenu;1495;1455;-40
120111;2019;Impôt sur le revenu;380;420;40
140109;2019;Impôt sur le revenu;330;290;-40
730306;2019;Taxe sur la valeur ajoutée;180;220;40
170106;2020;Impôt sur le revenu;120;80;-40
730224;2020;Taxe sur la valeur ajoutée;94;54;-40
800201;2020;TICPE / produits énergétiques hors gaz et charbons;1000;1040;40
820204;2020;TICFE / électricité;198;158;-40
120112;2021;Impôt sur le revenu;50;90;40
120126;2022;Impôt sur le revenu;145;105;-40
120146;2022;Impôt sur le revenu;1667;1707;40
120204;2022;Impôt sur le revenu;500;540;40
110201;2009;Impôt sur le revenu;950;989;39
230409;2010;Impôt sur le revenu et impôt sur les sociétés;75;36;-39
400107;2010;Autres impôts directs;65;104;39
140101;2015;Impôt sur le revenu;735;696;-39
520119;2016;Droits d'enregistrement et de timbre;390;429;39
210313;2017;Impôt sur le revenu et impôt sur les sociétés;785;746;-39
120202;2019;Impôt sur le revenu;1897;1936;39
120113;2021;Impôt sur le revenu;155;116;-39
110203;2009;Impôt sur le revenu;840;878;38
120124;2010;Impôt sur le revenu;50;88;38
800404;2010;TICPE / produits énergétiques hors gaz et charbons;68;30;-38
400107;2011;Autres impôts directs;88;50;-38
800101;2014;TICPE / produits énergétiques hors gaz et charbons;265;227;-38
120126;2021;Impôt sur le revenu;150;112;-38
110302;2022;Impôt sur le revenu;353;391;38
320105;2022;Impôt sur les sociétés;10;48;38
970103;2023;Autres droits;0;38;38
800116;2009;TICPE / produits énergétiques hors gaz et charbons;200;237;37
110247;2011;Impôt sur le revenu;1900;1863;-37
210311;2015;Impôt sur le revenu et impôt sur les sociétés;315;278;-37
230602;2017;Impôt sur le revenu et impôt sur les sociétés;110;73;-37
320121;2017;Impôt sur les sociétés;120;157;37
730214;2017;Taxe sur la valeur ajoutée;186;223;37
110213;2018;Impôt sur le revenu;288;325;37
110203;2020;Impôt sur le revenu;1200;1163;-37
110242;2020;Impôt sur le revenu;160;197;37
110110;2021;Impôt sur le revenu;675;712;37
730226;2022;Taxe sur la valeur ajoutée;83;46;-37
110227;2009;Impôt sur le revenu;3900;3936;36
110250;2011;Impôt sur le revenu;20;56;36
110218;2012;Impôt sur le revenu;90;54;-36
110251;2016;Impôt sur le revenu;810;774;-36
140101;2016;Impôt sur le revenu;750;714;-36
230602;2018;Impôt sur le revenu et impôt sur les sociétés;125;89;-36
320129;2018;Impôt sur les sociétés;126;90;-36
110201;2020;Impôt sur le revenu;1500;1536;36
110256;2020;Impôt sur le revenu;70;34;-36
120117;2021;Impôt sur le revenu;490;454;-36
110102;2022;Impôt sur le revenu;570;606;36
220101;2009;Impôt sur le revenu et impôt sur les sociétés;150;115;-35
080201;2009;Impôts locaux;321;286;-35
100112;2010;Impôt sur le revenu;410;375;-35
110246;2010;Impôt sur le revenu;1750;1785;35
220101;2011;Impôt sur le revenu et impôt sur les sociétés;120;85;-35
120131;2012;Impôt sur le revenu;80;115;35
220102;2012;Impôt sur le revenu et impôt sur les sociétés;110;145;35
120205;2013;Impôt sur le revenu;110;145;35
320115;2013;Impôt sur les sociétés;10;45;35
720107;2013;Taxe sur la valeur ajoutée;600;565;-35
800403;2013;TICPE / produits énergétiques hors gaz et charbons;330;295;-35
120111;2014;Impôt sur le revenu;310;345;35
120131;2014;Impôt sur le revenu;125;160;35
140104;2014;Impôt sur le revenu;225;260;35
730303;2014;Taxe sur la valeur ajoutée;2430;2465;35
150518;2015;Impôt sur le revenu;60;95;35
400107;2015;Autres impôts directs;40;75;35
520203;2015;Droits d'enregistrement et de timbre;140;175;35
120113;2016;Impôt sur le revenu;100;135;35
120124;2016;Impôt sur le revenu;120;155;35
730214;2016;Taxe sur la valeur ajoutée;167;202;35
800201;2016;TICPE / produits énergétiques hors gaz et charbons;1820;1785;-35
110203;2017;Impôt sur le revenu;1235;1200;-35
110246;2017;Impôt sur le revenu;2025;2060;35
120132;2017;Impôt sur le revenu;290;325;35
120204;2017;Impôt sur le revenu;370;405;35
120401;2017;Impôt sur le revenu;4150;4115;-35
140109;2017;Impôt sur le revenu;290;325;35
120138;2018;Impôt sur le revenu;335;300;-35
820202;2018;TICFE / électricité;110;75;-35
120138;2019;Impôt sur le revenu;350;315;-35
730301;2020;Taxe sur la valeur ajoutée;82;47;-35
820204;2021;TICFE / électricité;231;196;-35
830201;2021;TICGN / gaz naturels;467;432;-35
420107;2009;Autres impôts directs;90;56;-34
800401;2009;TICPE / produits énergétiques hors gaz et charbons;133;99;-34
120124;2014;Impôt sur le revenu;86;120;34
110242;2015;Impôt sur le revenu;205;171;-34
110211;2018;Impôt sur le revenu;46;80;34
210313;2019;Impôt sur le revenu et impôt sur les sociétés;1096;1062;-34
110258;2020;Impôt sur le revenu;35;1;-34
210322;2021;Impôt sur le revenu et impôt sur les sociétés;50;84;34
840201;2021;TICC / charbons;64;30;-34
120112;2022;Impôt sur le revenu;60;94;34
100201;2023;Impôt sur le revenu;328;362;34
110224;2009;Impôt sur le revenu;800;767;-33
200213;2011;Impôt sur le revenu et impôt sur les sociétés;10;43;33
110224;2013;Impôt sur le revenu;410;377;-33
110261;2015;Impôt sur le revenu;110;77;-33
120124;2017;Impôt sur le revenu;110;143;33
820204;2019;TICFE / électricité;199;232;33
730301;2021;Taxe sur la valeur ajoutée;80;47;-33
110103;2023;Impôt sur le revenu;521;488;-33
110236;2023;Impôt sur le revenu;85;52;-33
110218;2009;Impôt sur le revenu;150;118;-32
800401;2010;TICPE / produits énergétiques hors gaz et charbons;131;99;-32
710102;2012;Taxe sur la valeur ajoutée;158;190;32
170105;2014;Impôt sur le revenu;7;39;32
520121;2017;Droits d'enregistrement et de timbre;100;132;32
100112;2017;Impôt sur le revenu;700;732;32
120132;2018;Impôt sur le revenu;300;332;32
140101;2019;Impôt sur le revenu;460;428;-32
100201;2020;Impôt sur le revenu;393;425;32
120117;2020;Impôt sur le revenu;450;482;32
110224;2021;Impôt sur le revenu;430;462;32
130302;2023;Impôt sur le revenu;16;48;32
210330;2023;Impôt sur le revenu et impôt sur les sociétés;10;42;32
050204;2023;Impôts locaux;124;156;32
950101;2012;Autres droits;477;446;-31
520120;2012;Droits d'enregistrement et de timbre;101;70;-31
060201;2017;Impôts locaux;6;37;31
070101;2018;Impôts locaux;1698;1729;31
120111;2021;Impôt sur le revenu;400;431;31
170106;2021;Impôt sur le revenu;80;111;31
110250;2022;Impôt sur le revenu;92;61;-31
800212;2023;TICPE / produits énergétiques hors gaz et charbons;121;152;31
110216;2009;Impôt sur le revenu;180;210;30
120124;2009;Impôt sur le revenu;80;50;-30
120131;2009;Impôt sur le revenu;40;70;30
140117;2009;Impôt sur le revenu;100;130;30
520121;2009;Droits d'enregistrement et de timbre;10;40;30
110103;2010;Impôt sur le revenu;190;220;30
120131;2010;Impôt sur le revenu;50;80;30
120204;2010;Impôt sur le revenu;240;270;30
140123;2010;Impôt sur le revenu;400;370;-30
230602;2010;Impôt sur le revenu et impôt sur les sociétés;130;100;-30
110214;2011;Impôt sur le revenu;1300;1270;-30
120114;2011;Impôt sur le revenu;800;830;30
140102;2011;Impôt sur le revenu;190;160;-30
140201;2011;Impôt sur le revenu;330;360;30
230602;2011;Impôt sur le revenu et impôt sur les sociétés;130;100;-30
520110;2011;Droits d'enregistrement et de timbre;470;500;30
730205;2011;Taxe sur la valeur ajoutée;930;960;30
190207;2011;Impôt sur le revenu;170;200;30
110213;2012;Impôt sur le revenu;190;220;30
120123;2012;Impôt sur le revenu;20;50;30
120205;2012;Impôt sur le revenu;100;130;30
210322;2012;Impôt sur le revenu et impôt sur les sociétés;44;74;30
730306;2012;Taxe sur la valeur ajoutée;205;235;30
740106;2012;Taxe sur la valeur ajoutée;200;170;-30
190204;2012;Impôt sur le revenu;200;170;-30
190207;2012;Impôt sur le revenu;200;230;30
120109;2013;Impôt sur le revenu;305;335;30
120132;2013;Impôt sur le revenu;210;240;30
120204;2013;Impôt sur le revenu;320;350;30
140103;2013;Impôt sur le revenu;40;70;30
150120;2013;Impôt sur le revenu;90;60;-30
210102;2013;Impôt sur le revenu et impôt sur les sociétés;50;80;30
220102;2013;Impôt sur le revenu et impôt sur les sociétés;135;165;30
730301;2013;Taxe sur la valeur ajoutée;90;60;-30
800107;2013;TICPE / produits énergétiques hors gaz et charbons;250;280;30
210319;2013;Impôt sur le revenu et impôt sur les sociétés;120;90;-30
100201;2014;Impôt sur le revenu;350;380;30
110110;2014;Impôt sur le revenu;535;565;30
110201;2014;Impôt sur le revenu;1330;1300;-30
110213;2014;Impôt sur le revenu;280;310;30
110214;2014;Impôt sur le revenu;1580;1550;-30
110247;2014;Impôt sur le revenu;1175;1205;30
150201;2014;Impôt sur le revenu;150;180;30
150518;2014;Impôt sur le revenu;75;45;-30
210102;2014;Impôt sur le revenu et impôt sur les sociétés;60;90;30
320115;2014;Impôt sur les sociétés;10;40;30
520121;2014;Droits d'enregistrement et de timbre;60;90;30
190207;2014;Impôt sur le revenu;230;200;-30
190209;2014;Impôt sur le revenu;80;50;-30
120113;2015;Impôt sur le revenu;100;130;30
120132;2015;Impôt sur le revenu;250;280;30
120204;2015;Impôt sur le revenu;380;350;-30
720108;2015;Taxe sur la valeur ajoutée;10;40;30
190204;2015;Impôt sur le revenu;130;100;-30
190209;2015;Impôt sur le revenu;70;40;-30
120205;2016;Impôt sur le revenu;150;120;-30
140109;2016;Impôt sur le revenu;290;320;30
710103;2016;Taxe sur la valeur ajoutée;1370;1400;30
060102;2016;Impôts locaux;168;138;-30
720108;2017;Taxe sur la valeur ajoutée;40;70;30
300102;2018;Impôt sur les sociétés;1220;1250;30
520201;2018;Droits d'enregistrement et de timbre;70;100;30
130302;2019;Impôt sur le revenu;43;13;-30
580102;2020;Droits d'enregistrement et de timbre;50;80;30
710102;2020;Taxe sur la valeur ajoutée;180;150;-30
730306;2020;Taxe sur la valeur ajoutée;215;185;-30
110250;2021;Impôt sur le revenu;123;93;-30
580102;2021;Droits d'enregistrement et de timbre;60;90;30
730224;2022;Taxe sur la valeur ajoutée;90;60;-30
210308;2023;Impôt sur le revenu et impôt sur les sociétés;155;185;30
800222;2023;TICPE / produits énergétiques hors gaz et charbons;153;183;30
950101;2014;Autres droits;482;511;29
110227;2015;Impôt sur le revenu;2100;2129;29
400203;2016;Autres impôts directs;150;179;29
800203;2018;TICPE / produits énergétiques hors gaz et charbons;104;75;-29
110302;2019;Impôt sur le revenu;402;373;-29
200310;2019;Impôt sur le revenu et impôt sur les sociétés;166;195;29
740102;2019;Taxe sur la valeur ajoutée;44;15;-29
110215;2020;Impôt sur le revenu;175;204;29
110104;2022;Impôt sur le revenu;440;469;29
120117;2022;Impôt sur le revenu;500;471;-29
120117;2023;Impôt sur le revenu;465;494;29
120138;2023;Impôt sur le revenu;254;283;29
210324;2023;Impôt sur le revenu et impôt sur les sociétés;983;1012;29
210102;2009;Impôt sur le revenu et impôt sur les sociétés;2;30;28
330103;2009;Impôt sur les sociétés;489;461;-28
110107;2013;Impôt sur le revenu;82;110;28
110216;2013;Impôt sur le revenu;150;122;-28
210313;2014;Impôt sur le revenu et impôt sur les sociétés;1210;1182;-28
110251;2015;Impôt sur le revenu;760;788;28
800207;2016;TICPE / produits énergétiques hors gaz et charbons;127;155;28
800212;2019;TICPE / produits énergétiques hors gaz et charbons;79;107;28
120131;2021;Impôt sur le revenu;180;208;28
730224;2021;Taxe sur la valeur ajoutée;92;64;-28
170201;2023;Impôt sur le revenu;44;72;28
730212;2023;Taxe sur la valeur ajoutée;30;2;-28
060201;2009;Impôts locaux;38;11;-27
400203;2010;Autres impôts directs;50;77;27
800117;2013;TICPE / produits énergétiques hors gaz et charbons;3;30;27
110246;2016;Impôt sur le revenu;1990;2017;27
190208;2016;Impôt sur le revenu;114;87;-27
140119;2017;Impôt sur le revenu;1513;1486;-27
800211;2018;TICPE / produits énergétiques hors gaz et charbons;22;49;27
070203;2020;Impôts locaux;41;14;-27
940202;2023;Autres droits;0;27;27
170201;2009;Impôt sur le revenu;40;66;26
070101;2009;Impôts locaux;1259;1233;-26
190208;2011;Impôt sur le revenu;130;156;26
400203;2013;Autres impôts directs;86;112;26
220101;2016;Impôt sur le revenu et impôt sur les sociétés;62;36;-26
710102;2016;Taxe sur la valeur ajoutée;180;154;-26
210305;2018;Impôt sur le revenu et impôt sur les sociétés;56;82;26
220102;2018;Impôt sur le revenu et impôt sur les sociétés;201;175;-26
710102;2018;Taxe sur la valeur ajoutée;154;180;26
740102;2018;Taxe sur la valeur ajoutée;40;14;-26
110252;2019;Impôt sur le revenu;371;345;-26
220102;2019;Impôt sur le revenu et impôt sur les sociétés;183;157;-26
730305;2020;Taxe sur la valeur ajoutée;170;144;-26
120109;2023;Impôt sur le revenu;327;353;26
100101;2009;Impôt sur le revenu;60;35;-25
190208;2009;Impôt sur le revenu;200;175;-25
110222;2010;Impôt sur le revenu;2600;2625;25
110247;2010;Impôt sur le revenu;1500;1525;25
220101;2010;Impôt sur le revenu et impôt sur les sociétés;120;95;-25
100201;2011;Impôt sur le revenu;245;270;25
120123;2011;Impôt sur le revenu;20;45;25
130203;2011;Impôt sur le revenu;10;35;25
800102;2011;TICPE / produits énergétiques hors gaz et charbons;105;80;-25
110102;2012;Impôt sur le revenu;1050;1075;25
150708;2012;Impôt sur le revenu;100;125;25
220101;2012;Impôt sur le revenu et impôt sur les sociétés;100;75;-25
730219;2012;Taxe sur la valeur ajoutée;455;480;25
110302;2013;Impôt sur le revenu;300;325;25
120111;2013;Impôt sur le revenu;290;315;25
120131;2013;Impôt sur le revenu;110;135;25
120134;2013;Impôt sur le revenu;70;45;-25
120109;2014;Impôt sur le revenu;325;350;25
400111;2014;Autres impôts directs;135;160;25
110203;2015;Impôt sur le revenu;1150;1175;25
130302;2015;Impôt sur le revenu;18;43;25
220102;2015;Impôt sur le revenu et impôt sur les sociétés;200;175;-25
720107;2015;Taxe sur la valeur ajoutée;575;550;-25
110242;2016;Impôt sur le revenu;145;170;25
110302;2016;Impôt sur le revenu;380;405;25
120204;2016;Impôt sur le revenu;405;380;-25
400107;2016;Autres impôts directs;50;75;25
730306;2016;Taxe sur la valeur ajoutée;200;175;-25
800403;2016;TICPE / produits énergétiques hors gaz et charbons;450;425;-25
190101;2016;Impôt sur le revenu;1325;1350;25
110110;2017;Impôt sur le revenu;575;600;25
120205;2017;Impôt sur le revenu;140;115;-25
730203;2017;Taxe sur la valeur ajoutée;870;895;25
730206;2017;Taxe sur la valeur ajoutée;172;197;25
190204;2017;Impôt sur le revenu;100;125;25
300101;2018;Impôt sur les sociétés;150;125;-25
730305;2018;Taxe sur la valeur ajoutée;165;190;25
120131;2019;Impôt sur le revenu;155;180;25
120132;2019;Impôt sur le revenu;325;350;25
110102;2020;Impôt sur le revenu;615;640;25
110250;2020;Impôt sur le revenu;157;132;-25
120138;2020;Impôt sur le revenu;320;295;-25
730233;2020;Taxe sur la valeur ajoutée;360;335;-25
120204;2021;Impôt sur le revenu;475;500;25
200402;2021;Impôt sur le revenu et impôt sur les sociétés;32;7;-25
210308;2021;Impôt sur le revenu et impôt sur les sociétés;130;155;25
730233;2021;Taxe sur la valeur ajoutée;320;345;25
190208;2022;Impôt sur le revenu;84;109;25
720108;2023;Taxe sur la valeur ajoutée;80;55;-25
800221;2023;TICPE / produits énergétiques hors gaz et charbons;1247;1272;25
210308;2010;Impôt sur le revenu et impôt sur les sociétés;30;54;24
110250;2012;Impôt sur le revenu;80;104;24
140103;2012;Impôt sur le revenu;30;54;24
140105;2013;Impôt sur le revenu;60;84;24
110227;2014;Impôt sur le revenu;2210;2234;24
220104;2016;Impôt sur le revenu et impôt sur les sociétés;22;46;24
800207;2017;TICPE / produits énergétiques hors gaz et charbons;180;156;-24
950101;2018;Autres droits;580;604;24
120144;2022;Impôt sur le revenu;32;8;-24
130208;2022;Impôt sur le revenu;30;54;24
320129;2022;Impôt sur les sociétés;140;164;24
730218;2022;Taxe sur la valeur ajoutée;72;48;-24
070101;2012;Impôts locaux;1304;1281;-23
110222;2013;Impôt sur le revenu;650;673;23
220101;2013;Impôt sur le revenu et impôt sur les sociétés;90;67;-23
800403;2014;TICPE / produits énergétiques hors gaz et charbons;380;357;-23
110210;2015;Impôt sur le revenu;157;180;23
800208;2015;TICPE / produits énergétiques hors gaz et charbons;104;81;-23
110302;2018;Impôt sur le revenu;405;428;23
110213;2019;Impôt sur le revenu;328;305;-23
710102;2019;Taxe sur la valeur ajoutée;167;190;23
800215;2021;TICPE / produits énergétiques hors gaz et charbons;2;25;23
830202;2021;TICGN / gaz naturels;121;98;-23
120111;2022;Impôt sur le revenu;420;443;23
170106;2022;Impôt sur le revenu;115;92;-23
210318;2022;Impôt sur le revenu et impôt sur les sociétés;30;53;23
050204;2022;Impôts locaux;111;134;23
120127;2023;Impôt sur le revenu;75;98;23
190208;2023;Impôt sur le revenu;87;110;23
520112;2009;Droits d'enregistrement et de timbre;3;25;22
110228;2012;Impôt sur le revenu;60;38;-22
200213;2012;Impôt sur le revenu et impôt sur les sociétés;22;0;-22
110213;2013;Impôt sur le revenu;285;263;-22
210318;2013;Impôt sur le revenu et impôt sur les sociétés;24;46;22
050204;2013;Impôts locaux;92;70;-22
130302;2014;Impôt sur le revenu;16;38;22
130203;2015;Impôt sur le revenu;20;42;22
520109;2015;Droits d'enregistrement et de timbre;40;62;22
710102;2015;Taxe sur la valeur ajoutée;180;158;-22
130215;2018;Impôt sur le revenu;40;62;22
720107;2018;Taxe sur la valeur ajoutée;572;550;-22
110210;2019;Impôt sur le revenu;96;74;-22
110261;2019;Impôt sur le revenu;767;745;-22
520109;2019;Droits d'enregistrement et de timbre;72;50;-22
130218;2020;Impôt sur le revenu;38;16;-22
170201;2020;Impôt sur le revenu;32;54;22
100201;2021;Impôt sur le revenu;306;328;22
120144;2021;Impôt sur le revenu;31;9;-22
320105;2021;Impôt sur les sociétés;15;37;22
730208;2021;Taxe sur la valeur ajoutée;34;12;-22
820201;2021;TICFE / électricité;250;228;-22
110216;2022;Impôt sur le revenu;57;79;22
210316;2022;Impôt sur le revenu et impôt sur les sociétés;69;91;22
730208;2022;Taxe sur la valeur ajoutée;32;10;-22
210305;2023;Impôt sur le revenu et impôt sur les sociétés;102;80;-22
110249;2012;Impôt sur le revenu;4;25;21
210313;2016;Impôt sur le revenu et impôt sur les sociétés;956;935;-21
110251;2017;Impôt sur le revenu;788;767;-21
730207;2018;Taxe sur la valeur ajoutée;930;909;-21
800212;2018;TICPE / produits énergétiques hors gaz et charbons;69;90;21
140123;2019;Impôt sur le revenu;104;83;-21
110247;2020;Impôt sur le revenu;0;21;21
110104;2021;Impôt sur le revenu;435;456;21
120402;2021;Impôt sur le revenu;28;49;21
710110;2023;Taxe sur la valeur ajoutée;36;15;-21
110103;2009;Impôt sur le revenu;190;210;20
110104;2009;Impôt sur le revenu;380;360;-20
120112;2009;Impôt sur le revenu;20;40;20
120115;2009;Impôt sur le revenu;30;50;20
140102;2009;Impôt sur le revenu;300;280;-20
140103;2009;Impôt sur le revenu;30;50;20
140104;2009;Impôt sur le revenu;150;130;-20
200212;2009;Impôt sur le revenu et impôt sur les sociétés;30;10;-20
200213;2009;Impôt sur le revenu et impôt sur les sociétés;30;10;-20
320129;2009;Impôt sur les sociétés;40;60;20
730216;2009;Taxe sur la valeur ajoutée;110;90;-20
730305;2009;Taxe sur la valeur ajoutée;210;190;-20
110203;2010;Impôt sur le revenu;900;920;20
110213;2010;Impôt sur le revenu;155;175;20
120111;2010;Impôt sur le revenu;240;220;-20
140104;2010;Impôt sur le revenu;100;80;-20
140106;2010;Impôt sur le revenu;30;10;-20
150114;2010;Impôt sur le revenu;20;40;20
160301;2010;Impôt sur le revenu;30;10;-20
210313;2010;Impôt sur le revenu et impôt sur les sociétés;900;920;20
210321;2010;Impôt sur le revenu et impôt sur les sociétés;50;30;-20
730206;2010;Taxe sur la valeur ajoutée;200;220;20
730214;2010;Taxe sur la valeur ajoutée;120;100;-20
730303;2010;Taxe sur la valeur ajoutée;1160;1140;-20
110215;2011;Impôt sur le revenu;240;220;-20
110252;2011;Impôt sur le revenu;100;120;20
120131;2011;Impôt sur le revenu;90;110;20
120205;2011;Impôt sur le revenu;90;110;20
130302;2011;Impôt sur le revenu;40;20;-20
210311;2011;Impôt sur le revenu et impôt sur les sociétés;440;460;20
210321;2011;Impôt sur le revenu et impôt sur les sociétés;50;70;20
320113;2011;Impôt sur les sociétés;155;175;20
730212;2011;Taxe sur la valeur ajoutée;70;90;20
730303;2011;Taxe sur la valeur ajoutée;1170;1190;20
800403;2011;TICPE / produits énergétiques hors gaz et charbons;300;320;20
070202;2011;Impôts locaux;23;3;-20
190209;2011;Impôt sur le revenu;30;50;20
210319;2011;Impôt sur le revenu et impôt sur les sociétés;100;120;20
110107;2012;Impôt sur le revenu;80;100;20
110110;2012;Impôt sur le revenu;410;430;20
110302;2012;Impôt sur le revenu;310;290;-20
120109;2012;Impôt sur le revenu;285;305;20
120132;2012;Impôt sur le revenu;200;220;20
120203;2012;Impôt sur le revenu;25;45;20
140101;2012;Impôt sur le revenu;560;580;20
140105;2012;Impôt sur le revenu;55;75;20
210311;2012;Impôt sur le revenu et impôt sur les sociétés;470;490;20
720106;2012;Taxe sur la valeur ajoutée;80;60;-20
730204;2012;Taxe sur la valeur ajoutée;150;170;20
730218;2012;Taxe sur la valeur ajoutée;20;40;20
120117;2013;Impôt sur le revenu;350;370;20
120203;2013;Impôt sur le revenu;25;45;20
130207;2013;Impôt sur le revenu;23;3;-20
130214;2013;Impôt sur le revenu;60;40;-20
150114;2013;Impôt sur le revenu;45;25;-20
150708;2013;Impôt sur le revenu;100;80;-20
520121;2013;Droits d'enregistrement et de timbre;60;80;20
520201;2013;Droits d'enregistrement et de timbre;80;60;-20
730206;2013;Taxe sur la valeur ajoutée;210;190;-20
730221;2013;Taxe sur la valeur ajoutée;3080;3100;20
190209;2013;Impôt sur le revenu;50;70;20
520120;2013;Droits d'enregistrement et de timbre;100;80;-20
110250;2014;Impôt sur le revenu;180;160;-20
120205;2014;Impôt sur le revenu;130;150;20
220101;2014;Impôt sur le revenu et impôt sur les sociétés;80;60;-20
320113;2014;Impôt sur les sociétés;190;170;-20
400203;2014;Autres impôts directs;110;130;20
980101;2014;Autres droits;135;115;-20
110104;2015;Impôt sur le revenu;425;405;-20
120138;2015;Impôt sur le revenu;255;275;20
130215;2015;Impôt sur le revenu;24;44;20
520121;2015;Droits d'enregistrement et de timbre;80;100;20
110214;2016;Impôt sur le revenu;1510;1490;-20
120126;2016;Impôt sur le revenu;200;180;-20
400111;2016;Autres impôts directs;180;200;20
580102;2016;Droits d'enregistrement et de timbre;33;53;20
730205;2016;Taxe sur la valeur ajoutée;670;690;20
190207;2016;Impôt sur le revenu;200;180;-20
110104;2017;Impôt sur le revenu;395;375;-20
210308;2017;Impôt sur le revenu et impôt sur les sociétés;83;103;20
190101;2017;Impôt sur le revenu;1350;1370;20
210319;2017;Impôt sur le revenu et impôt sur les sociétés;100;80;-20
140109;2018;Impôt sur le revenu;320;300;-20
320115;2018;Impôt sur les sociétés;40;20;-20
300211;2019;Impôt sur les sociétés;90;110;20
320115;2019;Impôt sur les sociétés;40;20;-20
520201;2019;Droits d'enregistrement et de timbre;80;100;20
110302;2020;Impôt sur le revenu;362;382;20
120111;2020;Impôt sur le revenu;400;420;20
120204;2020;Impôt sur le revenu;440;460;20
210322;2020;Impôt sur le revenu et impôt sur les sociétés;68;88;20
220102;2020;Impôt sur le revenu et impôt sur les sociétés;183;163;-20
520121;2020;Droits d'enregistrement et de timbre;90;70;-20
100102;2021;Impôt sur le revenu;32;12;-20
120206;2021;Impôt sur le revenu;85;65;-20
720107;2021;Taxe sur la valeur ajoutée;580;600;20
720108;2021;Taxe sur la valeur ajoutée;55;75;20
100201;2022;Impôt sur le revenu;320;340;20
140123;2022;Impôt sur le revenu;87;107;20
210308;2022;Impôt sur le revenu et impôt sur les sociétés;150;170;20
210322;2022;Impôt sur le revenu et impôt sur les sociétés;77;97;20
300101;2022;Impôt sur les sociétés;115;135;20
520121;2022;Droits d'enregistrement et de timbre;70;90;20
210322;2023;Impôt sur le revenu et impôt sur les sociétés;86;106;20
800117;2012;TICPE / produits énergétiques hors gaz et charbons;3;22;19
320121;2014;Impôt sur les sociétés;70;51;-19
730212;2014;Taxe sur la valeur ajoutée;45;26;-19
800208;2014;TICPE / produits énergétiques hors gaz et charbons;110;91;-19
220104;2015;Impôt sur le revenu et impôt sur les sociétés;9;28;19
720106;2015;Taxe sur la valeur ajoutée;64;83;19
120134;2016;Impôt sur le revenu;50;31;-19
820202;2017;TICFE / électricité;85;104;19
800109;2017;TICPE / produits énergétiques hors gaz et charbons;3080;3099;19
440102;2018;Autres impôts directs;52;33;-19
520209;2018;Droits d'enregistrement et de timbre;1;20;19
730206;2018;Taxe sur la valeur ajoutée;188;207;19
110236;2019;Impôt sur le revenu;67;48;-19
130214;2019;Impôt sur le revenu;61;42;-19
200402;2020;Impôt sur le revenu et impôt sur les sociétés;26;7;-19
730232;2020;Taxe sur la valeur ajoutée;142;123;-19
140101;2021;Impôt sur le revenu;392;411;19
320129;2021;Impôt sur les sociétés;121;140;19
730232;2021;Taxe sur la valeur ajoutée;138;157;19
110104;2023;Impôt sur le revenu;476;495;19
320142;2023;Impôt sur les sociétés;15;34;19
730226;2023;Taxe sur la valeur ajoutée;86;67;-19
170201;2010;Impôt sur le revenu;60;42;-18
210322;2011;Impôt sur le revenu et impôt sur les sociétés;90;72;-18
110218;2013;Impôt sur le revenu;50;32;-18
730208;2013;Taxe sur la valeur ajoutée;50;32;-18
220101;2015;Impôt sur le revenu et impôt sur les sociétés;68;50;-18
320140;2015;Impôt sur les sociétés;30;12;-18
550103;2015;Droits d'enregistrement et de timbre;15;33;18
110224;2016;Impôt sur le revenu;300;282;-18
110227;2016;Impôt sur le revenu;55;37;-18
130214;2016;Impôt sur le revenu;50;68;18
550103;2016;Droits d'enregistrement et de timbre;15;33;18
730206;2016;Taxe sur la valeur ajoutée;160;178;18
110216;2017;Impôt sur le revenu;72;54;-18
110302;2017;Impôt sur le revenu;384;402;18
100101;2019;Impôt sur le revenu;42;24;-18
110250;2019;Impôt sur le revenu;180;162;-18
100102;2020;Impôt sur le revenu;40;22;-18
300211;2020;Impôt sur les sociétés;97;115;18
820206;2020;TICFE / électricité;0;18;18
210318;2021;Impôt sur le revenu et impôt sur les sociétés;28;46;18
230102;2021;Impôt sur le revenu et impôt sur les sociétés;23;5;-18
320135;2021;Impôt sur les sociétés;45;63;18
120201;2022;Impôt sur le revenu;59;77;18
050102;2022;Impôts locaux;23;41;18
520121;2023;Droits d'enregistrement et de timbre;80;98;18
400111;2009;Autres impôts directs;104;121;17
120503;2010;Impôt sur le revenu;40;23;-17
400203;2012;Autres impôts directs;57;74;17
520109;2012;Droits d'enregistrement et de timbre;23;40;17
730307;2012;Taxe sur la valeur ajoutée;8;25;17
400202;2013;Autres impôts directs;482;465;-17
720106;2014;Taxe sur la valeur ajoutée;60;77;17
950102;2014;Autres droits;46;29;-17
950101;2015;Autres droits;487;470;-17
950102;2015;Autres droits;30;47;17
050201;2015;Impôts locaux;70;53;-17
210320;2016;Impôt sur le revenu et impôt sur les sociétés;29;12;-17
110224;2017;Impôt sur le revenu;285;302;17
060102;2017;Impôts locaux;139;122;-17
130214;2018;Impôt sur le revenu;68;51;-17
130302;2018;Impôt sur le revenu;45;62;17
060102;2018;Impôts locaux;125;108;-17
110210;2020;Impôt sur le revenu;72;55;-17
210318;2020;Impôt sur le revenu et impôt sur les sociétés;25;42;17
200302;2021;Impôt sur le revenu et impôt sur les sociétés;6400;6383;-17
730214;2021;Taxe sur la valeur ajoutée;137;120;-17
120501;2022;Impôt sur le revenu;588;605;17
160205;2022;Impôt sur le revenu;24;7;-17
440201;2022;Autres impôts directs;115;132;17
110213;2009;Impôt sur le revenu;145;161;16
130302;2010;Impôt sur le revenu;40;24;-16
400203;2011;Autres impôts directs;70;86;16
050204;2011;Impôts locaux;50;66;16
740102;2013;Taxe sur la valeur ajoutée;12;28;16
210308;2014;Impôt sur le revenu et impôt sur les sociétés;58;74;16
110222;2015;Impôt sur le revenu;890;874;-16
120124;2015;Impôt sur le revenu;94;110;16
060102;2015;Impôts locaux;169;153;-16
100114;2016;Impôt sur le revenu;12;28;16
740105;2017;Taxe sur la valeur ajoutée;146;130;-16
110203;2018;Impôt sur le revenu;1200;1184;-16
110264;2018;Impôt sur le revenu;17;1;-16
120124;2018;Impôt sur le revenu;155;139;-16
220101;2018;Impôt sur le revenu et impôt sur les sociétés;12;28;16
570102;2018;Droits d'enregistrement et de timbre;0;16;16
730301;2018;Taxe sur la valeur ajoutée;62;78;16
110103;2019;Impôt sur le revenu;515;531;16
730206;2019;Taxe sur la valeur ajoutée;211;227;16
110222;2020;Impôt sur le revenu;1100;1084;-16
110259;2020;Impôt sur le revenu;17;1;-16
130214;2020;Impôt sur le revenu;51;35;-16
140123;2020;Impôt sur le revenu;89;105;16
820201;2020;TICFE / électricité;210;226;16
110103;2022;Impôt sur le revenu;530;514;-16
120138;2022;Impôt sur le revenu;295;279;-16
730301;2022;Taxe sur la valeur ajoutée;52;36;-16
110250;2023;Impôt sur le revenu;62;46;-16
160301;2023;Impôt sur le revenu;11;27;16
230602;2023;Impôt sur le revenu et impôt sur les sociétés;82;66;-16
110107;2009;Impôt sur le revenu;65;80;15
110110;2009;Impôt sur le revenu;405;420;15
110215;2009;Impôt sur le revenu;245;230;-15
120109;2009;Impôt sur le revenu;270;255;-15
120203;2009;Impôt sur le revenu;25;10;-15
130215;2009;Impôt sur le revenu;25;10;-15
230304;2009;Impôt sur le revenu et impôt sur les sociétés;15;0;-15
230409;2009;Impôt sur le revenu et impôt sur les sociétés;80;95;15
400112;2009;Autres impôts directs;126;111;-15
520201;2009;Droits d'enregistrement et de timbre;70;85;15
530212;2009;Droits d'enregistrement et de timbre;30;15;-15
710102;2009;Taxe sur la valeur ajoutée;80;65;-15
100102;2010;Impôt sur le revenu;50;35;-15
110252;2010;Impôt sur le revenu;30;45;15
120201;2010;Impôt sur le revenu;30;45;15
730306;2010;Taxe sur la valeur ajoutée;180;195;15
800103;2010;TICPE / produits énergétiques hors gaz et charbons;36;21;-15
190209;2010;Impôt sur le revenu;25;40;15
520119;2010;Droits d'enregistrement et de timbre;185;200;15
110210;2011;Impôt sur le revenu;370;355;-15
110218;2011;Impôt sur le revenu;110;95;-15
530203;2011;Droits d'enregistrement et de timbre;5;20;15
730306;2011;Taxe sur la valeur ajoutée;185;200;15
520203;2011;Droits d'enregistrement et de timbre;115;100;-15
100112;2011;Impôt sur le revenu;390;375;-15
110210;2012;Impôt sur le revenu;315;330;15
400107;2012;Autres impôts directs;45;30;-15
730208;2012;Taxe sur la valeur ajoutée;50;35;-15
730212;2012;Taxe sur la valeur ajoutée;70;55;-15
100112;2012;Impôt sur le revenu;390;405;15
110252;2013;Impôt sur le revenu;310;325;15
120127;2013;Impôt sur le revenu;22;37;15
130203;2013;Impôt sur le revenu;35;20;-15
130209;2013;Impôt sur le revenu;37;22;-15
730218;2013;Taxe sur la valeur ajoutée;25;40;15
110261;2014;Impôt sur le revenu;35;20;-15
120112;2014;Impôt sur le revenu;55;70;15
120117;2014;Impôt sur le revenu;355;370;15
120138;2014;Impôt sur le revenu;275;260;-15
140105;2014;Impôt sur le revenu;60;75;15
140117;2014;Impôt sur le revenu;215;200;-15
210318;2014;Impôt sur le revenu et impôt sur les sociétés;19;34;15
710102;2014;Taxe sur la valeur ajoutée;195;180;-15
100201;2015;Impôt sur le revenu;375;360;-15
110216;2015;Impôt sur le revenu;92;77;-15
120111;2015;Impôt sur le revenu;345;360;15
120134;2015;Impôt sur le revenu;45;30;-15
140102;2015;Impôt sur le revenu;450;435;-15
200214;2015;Impôt sur le revenu et impôt sur les sociétés;16;1;-15
210305;2015;Impôt sur le revenu et impôt sur les sociétés;39;54;15
210320;2015;Impôt sur le revenu et impôt sur les sociétés;34;19;-15
730218;2015;Taxe sur la valeur ajoutée;40;55;15
800102;2015;TICPE / produits énergétiques hors gaz et charbons;135;150;15
110215;2016;Impôt sur le revenu;155;170;15
110216;2016;Impôt sur le revenu;80;65;-15
120111;2016;Impôt sur le revenu;375;360;-15
520121;2016;Droits d'enregistrement et de timbre;100;115;15
730204;2016;Taxe sur la valeur ajoutée;190;205;15
730216;2016;Taxe sur la valeur ajoutée;105;120;15
140203;2016;Impôt sur le revenu;1975;1960;-15
190209;2016;Impôt sur le revenu;50;35;-15
800109;2016;TICPE / produits énergétiques hors gaz et charbons;2820;2835;15
110109;2017;Impôt sur le revenu;125;140;15
120126;2017;Impôt sur le revenu;185;170;-15
130215;2017;Impôt sur le revenu;44;59;15
730222;2017;Taxe sur la valeur ajoutée;50;35;-15
800212;2017;TICPE / produits énergétiques hors gaz et charbons;64;79;15
110246;2018;Impôt sur le revenu;4740;4725;-15
210311;2018;Impôt sur le revenu et impôt sur les sociétés;213;198;-15
210325;2018;Impôt sur le revenu et impôt sur les sociétés;125;110;-15
520109;2018;Droits d'enregistrement et de timbre;65;50;-15
730224;2018;Taxe sur la valeur ajoutée;75;90;15
730306;2018;Taxe sur la valeur ajoutée;185;200;15
110216;2019;Impôt sur le revenu;65;50;-15
300101;2019;Impôt sur les sociétés;135;120;-15
300102;2019;Impôt sur les sociétés;1160;1145;-15
720108;2019;Taxe sur la valeur ajoutée;70;55;-15
730305;2019;Taxe sur la valeur ajoutée;170;155;-15
120113;2020;Impôt sur le revenu;145;160;15
120134;2020;Impôt sur le revenu;28;43;15
740105;2020;Taxe sur la valeur ajoutée;175;160;-15
110103;2021;Impôt sur le revenu;540;525;-15
110258;2021;Impôt sur le revenu;17;2;-15
710109;2021;Taxe sur la valeur ajoutée;75;90;15
120206;2022;Impôt sur le revenu;85;70;-15
150114;2022;Impôt sur le revenu;10;25;15
150120;2022;Impôt sur le revenu;50;65;15
580102;2022;Droits d'enregistrement et de timbre;80;95;15
710110;2022;Taxe sur la valeur ajoutée;32;17;-15
110302;2023;Impôt sur le revenu;368;383;15
160207;2023;Impôt sur le revenu;40;55;15
580102;2023;Droits d'enregistrement et de timbre;90;105;15
050201;2009;Impôts locaux;84;70;-14
730307;2010;Taxe sur la valeur ajoutée;20;6;-14
800209;2010;TICPE / produits énergétiques hors gaz et charbons;14;0;-14
060201;2010;Impôts locaux;22;8;-14
800404;2011;TICPE / produits énergétiques hors gaz et charbons;26;40;14
520206;2014;Droits d'enregistrement et de timbre;16;30;14
730214;2015;Taxe sur la valeur ajoutée;170;184;14
110250;2016;Impôt sur le revenu;180;166;-14
210308;2016;Impôt sur le revenu et impôt sur les sociétés;80;94;14
400202;2016;Autres impôts directs;620;634;14
110236;2017;Impôt sur le revenu;48;62;14
140123;2017;Impôt sur le revenu;189;203;14
400112;2017;Autres impôts directs;56;70;14
800404;2018;TICPE / produits énergétiques hors gaz et charbons;182;168;-14
110211;2019;Impôt sur le revenu;77;91;14
110242;2019;Impôt sur le revenu;175;161;-14
130218;2019;Impôt sur le revenu;25;11;-14
230602;2019;Impôt sur le revenu et impôt sur les sociétés;71;85;14
730301;2019;Taxe sur la valeur ajoutée;66;80;14
110102;2021;Impôt sur le revenu;570;584;14
110107;2021;Impôt sur le revenu;97;111;14
110210;2021;Impôt sur le revenu;57;43;-14
110265;2021;Impôt sur le revenu;15;1;-14
210316;2021;Impôt sur le revenu et impôt sur les sociétés;61;75;14
710110;2021;Taxe sur la valeur ajoutée;23;37;14
040108;2021;Impôts locaux;28;14;-14
200402;2022;Impôt sur le revenu et impôt sur les sociétés;21;7;-14
830101;2022;TICGN / gaz naturels;15;1;-14
140123;2023;Impôt sur le revenu;56;70;14
300211;2023;Impôt sur les sociétés;118;132;14
320105;2023;Impôt sur les sociétés;41;55;14
730301;2023;Taxe sur la valeur ajoutée;53;39;-14
050106;2009;Impôts locaux;94;81;-13
110228;2010;Impôt sur le revenu;60;73;13
130207;2010;Impôt sur le revenu;40;27;-13
210316;2010;Impôt sur le revenu et impôt sur les sociétés;20;33;13
130207;2011;Impôt sur le revenu;10;23;13
210305;2012;Impôt sur le revenu et impôt sur les sociétés;35;48;13
040107;2012;Impôts locaux;20;7;-13
210322;2013;Impôt sur le revenu et impôt sur les sociétés;74;87;13
530202;2013;Droits d'enregistrement et de timbre;13;0;-13
800101;2013;TICPE / produits énergétiques hors gaz et charbons;278;265;-13
110210;2014;Impôt sur le revenu;235;222;-13
210308;2015;Impôt sur le revenu et impôt sur les sociétés;70;83;13
210318;2015;Impôt sur le revenu et impôt sur les sociétés;38;25;-13
120127;2017;Impôt sur le revenu;50;63;13
120504;2017;Impôt sur le revenu;11;24;13
530212;2017;Droits d'enregistrement et de timbre;15;2;-13
110258;2018;Impôt sur le revenu;22;35;13
740103;2018;Taxe sur la valeur ajoutée;20;7;-13
110109;2019;Impôt sur le revenu;135;148;13
740103;2019;Taxe sur la valeur ajoutée;21;8;-13
100101;2020;Impôt sur le revenu;44;31;-13
230102;2020;Impôt sur le revenu et impôt sur les sociétés;16;3;-13
230602;2020;Impôt sur le revenu et impôt sur les sociétés;94;81;-13
110245;2021;Impôt sur le revenu;21;8;-13
820202;2021;TICFE / électricité;105;92;-13
110242;2022;Impôt sur le revenu;200;213;13
320128;2023;Impôt sur les sociétés;13;26;13
800103;2009;TICPE / produits énergétiques hors gaz et charbons;27;15;-12
080205;2009;Impôts locaux;538;526;-12
320121;2011;Impôt sur les sociétés;45;57;12
400112;2011;Autres impôts directs;119;131;12
400201;2011;Autres impôts directs;24;12;-12
530212;2011;Droits d'enregistrement et de timbre;15;3;-12
110223;2012;Impôt sur le revenu;25;37;12
400111;2012;Autres impôts directs;63;75;12
530212;2012;Droits d'enregistrement et de timbre;15;3;-12
110210;2013;Impôt sur le revenu;265;277;12
730214;2014;Taxe sur la valeur ajoutée;175;163;-12
740102;2014;Taxe sur la valeur ajoutée;17;29;12
100101;2015;Impôt sur le revenu;50;38;-12
100114;2015;Impôt sur le revenu;8;20;12
530212;2015;Droits d'enregistrement et de timbre;3;15;12
060201;2015;Impôts locaux;18;6;-12
110210;2016;Impôt sur le revenu;150;138;-12
130215;2016;Impôt sur le revenu;28;40;12
320121;2016;Impôt sur les sociétés;70;58;-12
520109;2016;Droits d'enregistrement et de timbre;50;62;12
740105;2016;Taxe sur la valeur ajoutée;137;125;-12
110222;2017;Impôt sur le revenu;1670;1682;12
740102;2017;Taxe sur la valeur ajoutée;30;42;12
800404;2017;TICPE / produits énergétiques hors gaz et charbons;121;109;-12
050201;2017;Impôts locaux;58;46;-12
800101;2017;TICPE / produits énergétiques hors gaz et charbons;460;472;12
110251;2018;Impôt sur le revenu;760;748;-12
730218;2018;Taxe sur la valeur ajoutée;55;67;12
820204;2018;TICFE / électricité;186;198;12
730218;2019;Taxe sur la valeur ajoutée;57;69;12
800211;2019;TICPE / produits énergétiques hors gaz et charbons;14;2;-12
110211;2020;Impôt sur le revenu;90;102;12
110213;2020;Impôt sur le revenu;315;303;-12
820202;2020;TICFE / électricité;75;87;12
110236;2021;Impôt sur le revenu;45;57;12
110242;2021;Impôt sur le revenu;193;205;12
120127;2021;Impôt sur le revenu;84;72;-12
190212;2021;Impôt sur le revenu;18;30;12
210315;2021;Impôt sur le revenu et impôt sur les sociétés;53;41;-12
230602;2021;Impôt sur le revenu et impôt sur les sociétés;81;69;-12
110211;2022;Impôt sur le revenu;110;122;12
730212;2022;Taxe sur la valeur ajoutée;28;16;-12
110216;2023;Impôt sur le revenu;61;73;12
110259;2023;Impôt sur le revenu;1;13;12
140102;2023;Impôt sur le revenu;383;395;12
220102;2023;Impôt sur le revenu et impôt sur les sociétés;132;120;-12
840101;2023;TICC / charbons;14;2;-12
110235;2009;Impôt sur le revenu;15;26;11
210305;2009;Impôt sur le revenu et impôt sur les sociétés;15;26;11
400203;2009;Autres impôts directs;40;51;11
320118;2010;Impôt sur les sociétés;20;9;-11
320129;2010;Impôt sur les sociétés;60;49;-11
320140;2010;Impôt sur les sociétés;15;4;-11
110249;2011;Impôt sur le revenu;5;16;11
210318;2011;Impôt sur le revenu et impôt sur les sociétés;12;23;11
040105;2011;Impôts locaux;15;4;-11
040108;2012;Impôts locaux;9;20;11
110221;2013;Impôt sur le revenu;40;29;-11
100101;2014;Impôt sur le revenu;36;47;11
210322;2014;Impôt sur le revenu et impôt sur les sociétés;77;88;11
060102;2014;Impôts locaux;178;167;-11
070201;2014;Impôts locaux;36;47;11
110221;2015;Impôt sur le revenu;20;9;-11
110250;2015;Impôt sur le revenu;175;164;-11
320118;2015;Impôt sur les sociétés;10;21;11
320129;2015;Impôt sur les sociétés;72;61;-11
730206;2015;Taxe sur la valeur ajoutée;155;166;11
120504;2016;Impôt sur le revenu;10;21;11
140102;2016;Impôt sur le revenu;335;324;-11
110252;2017;Impôt sur le revenu;394;383;-11
120112;2017;Impôt sur le revenu;76;65;-11
130214;2017;Impôt sur le revenu;50;61;11
320118;2017;Impôt sur les sociétés;14;3;-11
730216;2017;Taxe sur la valeur ajoutée;139;150;11
110109;2018;Impôt sur le revenu;135;146;11
110218;2018;Impôt sur le revenu;32;43;11
110249;2018;Impôt sur le revenu;42;31;-11
120504;2018;Impôt sur le revenu;21;32;11
040110;2018;Impôts locaux;11;0;-11
110107;2019;Impôt sur le revenu;100;111;11
110245;2019;Impôt sur le revenu;33;22;-11
120402;2019;Impôt sur le revenu;0;11;11
580102;2019;Droits d'enregistrement et de timbre;49;60;11
070203;2019;Impôts locaux;39;28;-11
110202;2020;Impôt sur le revenu;152;141;-11
120123;2020;Impôt sur le revenu;56;67;11
110109;2021;Impôt sur le revenu;165;154;-11
110211;2021;Impôt sur le revenu;101;112;11
110215;2021;Impôt sur le revenu;202;213;11
160205;2021;Impôt sur le revenu;18;7;-11
170201;2021;Impôt sur le revenu;38;49;11
720106;2021;Taxe sur la valeur ajoutée;89;100;11
110236;2022;Impôt sur le revenu;54;65;11
190212;2022;Impôt sur le revenu;27;38;11
300211;2022;Impôt sur les sociétés;115;126;11
320140;2022;Impôt sur les sociétés;97;108;11
830204;2022;TICGN / gaz naturels;4;15;11
110213;2023;Impôt sur le revenu;272;261;-11
120126;2023;Impôt sur le revenu;104;93;-11
100102;2009;Impôt sur le revenu;40;30;-10
100112;2009;Impôt sur le revenu;400;390;-10
110242;2009;Impôt sur le revenu;180;190;10
110302;2009;Impôt sur le revenu;280;270;-10
120110;2009;Impôt sur le revenu;40;30;-10
120201;2009;Impôt sur le revenu;30;40;10
120204;2009;Impôt sur le revenu;210;220;10
120206;2009;Impôt sur le revenu;30;20;-10
120207;2009;Impôt sur le revenu;15;5;-10
130214;2009;Impôt sur le revenu;20;30;10
140106;2009;Impôt sur le revenu;30;20;-10
150114;2009;Impôt sur le revenu;30;20;-10
150515;2009;Impôt sur le revenu;350;360;10
300211;2009;Impôt sur les sociétés;30;40;10
320121;2009;Impôt sur les sociétés;50;60;10
730212;2009;Taxe sur la valeur ajoutée;60;70;10
730214;2009;Taxe sur la valeur ajoutée;120;110;-10
730303;2009;Taxe sur la valeur ajoutée;1140;1130;-10
080109;2009;Impôts locaux;37;27;-10
100201;2010;Impôt sur le revenu;250;260;10
110104;2010;Impôt sur le revenu;350;340;-10
110107;2010;Impôt sur le revenu;75;85;10
110250;2010;Impôt sur le revenu;10;20;10
120203;2010;Impôt sur le revenu;30;20;-10
120206;2010;Impôt sur le revenu;20;30;10
130203;2010;Impôt sur le revenu;20;30;10
130204;2010;Impôt sur le revenu;50;60;10
130211;2010;Impôt sur le revenu;20;10;-10
130214;2010;Impôt sur le revenu;50;60;10
140101;2010;Impôt sur le revenu;550;560;10
170103;2010;Impôt sur le revenu;160;170;10
520201;2010;Droits d'enregistrement et de timbre;80;70;-10
720106;2010;Taxe sur la valeur ajoutée;70;80;10
730208;2010;Taxe sur la valeur ajoutée;40;50;10
730212;2010;Taxe sur la valeur ajoutée;60;70;10
730301;2010;Taxe sur la valeur ajoutée;50;60;10
110110;2011;Impôt sur le revenu;420;410;-10
110213;2011;Impôt sur le revenu;175;185;10
120140;2011;Impôt sur le revenu;0;10;10
130204;2011;Impôt sur le revenu;50;60;10
140104;2011;Impôt sur le revenu;80;70;-10
140105;2011;Impôt sur le revenu;50;40;-10
520121;2011;Droits d'enregistrement et de timbre;50;60;10
720106;2011;Taxe sur la valeur ajoutée;70;60;-10
730208;2011;Taxe sur la valeur ajoutée;40;50;10
730216;2011;Taxe sur la valeur ajoutée;100;90;-10
730305;2011;Taxe sur la valeur ajoutée;190;180;-10
090108;2011;Impôts locaux;10;0;-10
140203;2011;Impôt sur le revenu;1300;1290;-10
520206;2011;Droits d'enregistrement et de timbre;35;25;-10
110104;2012;Impôt sur le revenu;350;360;10
120117;2012;Impôt sur le revenu;340;350;10
120127;2012;Impôt sur le revenu;20;30;10
120201;2012;Impôt sur le revenu;45;55;10
120206;2012;Impôt sur le revenu;35;45;10
140106;2012;Impôt sur le revenu;10;20;10
150117;2012;Impôt sur le revenu;15;25;10
210321;2012;Impôt sur le revenu et impôt sur les sociétés;100;90;-10
550103;2012;Droits d'enregistrement et de timbre;5;15;10
580102;2012;Droits d'enregistrement et de timbre;20;30;10
110109;2013;Impôt sur le revenu;100;110;10
120112;2013;Impôt sur le revenu;50;60;10
120201;2013;Impôt sur le revenu;50;60;10
130204;2013;Impôt sur le revenu;60;50;-10
400108;2013;Autres impôts directs;40;50;10
520109;2013;Droits d'enregistrement et de timbre;30;40;10
520112;2013;Droits d'enregistrement et de timbre;25;15;-10
730212;2013;Taxe sur la valeur ajoutée;40;50;10
730216;2013;Taxe sur la valeur ajoutée;80;70;-10
740106;2013;Taxe sur la valeur ajoutée;175;185;10
800404;2013;TICPE / produits énergétiques hors gaz et charbons;42;32;-10
520203;2013;Droits d'enregistrement et de timbre;100;110;10
110109;2014;Impôt sur le revenu;110;120;10
120126;2014;Impôt sur le revenu;200;210;10
120134;2014;Impôt sur le revenu;40;50;10
120204;2014;Impôt sur le revenu;365;375;10
130208;2014;Impôt sur le revenu;270;260;-10
130214;2014;Impôt sur le revenu;40;50;10
140101;2014;Impôt sur le revenu;720;710;-10
320132;2014;Impôt sur les sociétés;120;130;10
520109;2014;Droits d'enregistrement et de timbre;40;50;10
730305;2014;Taxe sur la valeur ajoutée;150;160;10
740106;2014;Taxe sur la valeur ajoutée;185;195;10
800116;2014;TICPE / produits énergétiques hors gaz et charbons;60;50;-10
800117;2014;TICPE / produits énergétiques hors gaz et charbons;22;32;10
210319;2014;Impôt sur le revenu et impôt sur les sociétés;90;80;-10
520119;2014;Droits d'enregistrement et de timbre;400;390;-10
110107;2015;Impôt sur le revenu;130;120;-10
110109;2015;Impôt sur le revenu;120;130;10
120110;2015;Impôt sur le revenu;40;50;10
130214;2015;Impôt sur le revenu;40;50;10
150120;2015;Impôt sur le revenu;45;35;-10
230605;2015;Impôt sur le revenu et impôt sur les sociétés;2;12;10
300101;2015;Impôt sur les sociétés;200;210;10
520201;2015;Droits d'enregistrement et de timbre;60;70;10
580102;2015;Droits d'enregistrement et de timbre;33;43;10
710103;2015;Taxe sur la valeur ajoutée;1290;1300;10
730205;2015;Taxe sur la valeur ajoutée;680;670;-10
730216;2015;Taxe sur la valeur ajoutée;90;100;10
730307;2015;Taxe sur la valeur ajoutée;40;30;-10
070201;2015;Impôts locaux;43;53;10
210319;2015;Impôt sur le revenu et impôt sur les sociétés;90;100;10
520120;2015;Droits d'enregistrement et de timbre;80;90;10
110102;2016;Impôt sur le revenu;550;540;-10
110110;2016;Impôt sur le revenu;570;580;10
110213;2016;Impôt sur le revenu;305;295;-10
120117;2016;Impôt sur le revenu;385;375;-10
120132;2016;Impôt sur le revenu;280;290;10
150120;2016;Impôt sur le revenu;45;35;-10
150203;2016;Impôt sur le revenu;50;40;-10
300211;2016;Impôt sur les sociétés;80;90;10
730222;2016;Taxe sur la valeur ajoutée;45;35;-10
800208;2016;TICPE / produits énergétiques hors gaz et charbons;65;75;10
190204;2016;Impôt sur le revenu;130;120;-10
520203;2016;Droits d'enregistrement et de timbre;160;170;10
110215;2017;Impôt sur le revenu;180;170;-10
110242;2017;Impôt sur le revenu;175;165;-10
120501;2017;Impôt sur le revenu;260;250;-10
230410;2017;Impôt sur le revenu et impôt sur les sociétés;15;5;-10
300211;2017;Impôt sur les sociétés;80;90;10
070201;2017;Impôts locaux;57;67;10
520206;2017;Droits d'enregistrement et de timbre;26;36;10
100101;2018;Impôt sur le revenu;34;44;10
110103;2018;Impôt sur le revenu;550;560;10
110242;2018;Impôt sur le revenu;175;165;-10
120109;2018;Impôt sur le revenu;455;465;10
120111;2018;Impôt sur le revenu;380;390;10
120113;2018;Impôt sur le revenu;135;145;10
200310;2018;Impôt sur le revenu et impôt sur les sociétés;180;190;10
720108;2018;Taxe sur la valeur ajoutée;60;70;10
110218;2019;Impôt sur le revenu;42;32;-10
120113;2019;Impôt sur le revenu;135;145;10
120127;2019;Impôt sur le revenu;76;86;10
140102;2019;Impôt sur le revenu;160;150;-10
300110;2019;Impôt sur les sociétés;0;10;10
730222;2019;Taxe sur la valeur ajoutée;50;60;10
120112;2020;Impôt sur le revenu;70;60;-10
120203;2020;Impôt sur le revenu;15;25;10
140105;2020;Impôt sur le revenu;15;25;10
200401;2020;Impôt sur le revenu et impôt sur les sociétés;715;705;-10
300101;2020;Impôt sur les sociétés;140;130;-10
320141;2020;Impôt sur les sociétés;3;13;10
710105;2020;Taxe sur la valeur ajoutée;200;190;-10
100101;2021;Impôt sur le revenu;34;24;-10
120134;2021;Impôt sur le revenu;35;45;10
120203;2021;Impôt sur le revenu;14;24;10
130214;2021;Impôt sur le revenu;42;32;-10
150114;2021;Impôt sur le revenu;10;20;10
300101;2021;Impôt sur les sociétés;115;125;10
520121;2021;Droits d'enregistrement et de timbre;70;80;10
820206;2021;TICFE / électricité;12;22;10
110109;2022;Impôt sur le revenu;150;160;10
110215;2022;Impôt sur le revenu;210;220;10
110249;2022;Impôt sur le revenu;29;39;10
120205;2022;Impôt sur le revenu;125;135;10
160207;2022;Impôt sur le revenu;60;50;-10
320145;2022;Impôt sur les sociétés;10;0;-10
530203;2022;Droits d'enregistrement et de timbre;30;40;10
740102;2022;Taxe sur la valeur ajoutée;16;6;-10
120204;2023;Impôt sur le revenu;535;545;10
120205;2023;Impôt sur le revenu;115;125;10
730302;2023;Taxe sur la valeur ajoutée;13;3;-10
050106;2023;Impôts locaux;111;121;10
080206;2009;Impôts locaux;200;209;9
140117;2010;Impôt sur le revenu;125;116;-9
210309;2010;Impôt sur le revenu et impôt sur les sociétés;340;331;-9
320121;2010;Impôt sur les sociétés;60;51;-9
320130;2010;Impôt sur les sociétés;35;26;-9
320140;2011;Impôt sur les sociétés;13;4;-9
800208;2011;TICPE / produits énergétiques hors gaz et charbons;41;50;9
040106;2011;Impôts locaux;13;4;-9
110202;2012;Impôt sur le revenu;125;134;9
110258;2012;Impôt sur le revenu;7;16;9
130204;2012;Impôt sur le revenu;60;51;-9
130209;2012;Impôt sur le revenu;35;26;-9
210308;2012;Impôt sur le revenu et impôt sur les sociétés;36;45;9
060201;2012;Impôts locaux;22;13;-9
110258;2013;Impôt sur le revenu;11;20;9
160204;2013;Impôt sur le revenu;7;16;9
210308;2013;Impôt sur le revenu et impôt sur les sociétés;50;59;9
230602;2013;Impôt sur le revenu et impôt sur les sociétés;100;109;9
320118;2013;Impôt sur les sociétés;16;7;-9
740103;2013;Taxe sur la valeur ajoutée;5;14;9
070201;2013;Impôts locaux;31;40;9
130203;2016;Impôt sur le revenu;28;37;9
740102;2016;Taxe sur la valeur ajoutée;29;38;9
070201;2016;Impôts locaux;51;60;9
110261;2017;Impôt sur le revenu;360;351;-9
210321;2017;Impôt sur le revenu et impôt sur les sociétés;65;56;-9
570202;2017;Droits d'enregistrement et de timbre;0;9;9
710102;2017;Taxe sur la valeur ajoutée;158;167;9
820204;2017;TICFE / électricité;190;199;9
120112;2018;Impôt sur le revenu;79;70;-9
120127;2018;Impôt sur le revenu;65;74;9
120206;2018;Impôt sur le revenu;68;77;9
320142;2018;Impôt sur les sociétés;6;15;9
110203;2019;Impôt sur le revenu;1220;1229;9
120123;2019;Impôt sur le revenu;55;64;9
120504;2019;Impôt sur le revenu;24;33;9
050201;2019;Impôts locaux;48;39;-9
130204;2020;Impôt sur le revenu;44;35;-9
220101;2020;Impôt sur le revenu et impôt sur les sociétés;15;6;-9
800119;2020;TICPE / produits énergétiques hors gaz et charbons;27;18;-9
210305;2021;Impôt sur le revenu et impôt sur les sociétés;100;109;9
320141;2021;Impôt sur les sociétés;2;11;9
110244;2022;Impôt sur le revenu;25;34;9
110256;2022;Impôt sur le revenu;31;22;-9
160301;2022;Impôt sur le revenu;6;15;9
120123;2023;Impôt sur le revenu;66;75;9
130203;2023;Impôt sur le revenu;25;16;-9
190212;2023;Impôt sur le revenu;30;39;9
110228;2009;Impôt sur le revenu;80;72;-8
210315;2009;Impôt sur le revenu et impôt sur les sociétés;12;20;8
210316;2009;Impôt sur le revenu et impôt sur les sociétés;8;16;8
230604;2009;Impôt sur le revenu et impôt sur les sociétés;10;18;8
320118;2009;Impôt sur les sociétés;25;17;-8
720108;2009;Taxe sur la valeur ajoutée;10;2;-8
080110;2009;Impôts locaux;22;14;-8
100101;2010;Impôt sur le revenu;30;38;8
110218;2010;Impôt sur le revenu;100;108;8
140306;2010;Impôt sur le revenu;10;2;-8
200212;2010;Impôt sur le revenu et impôt sur les sociétés;15;7;-8
530203;2010;Droits d'enregistrement et de timbre;10;18;8
800208;2010;TICPE / produits énergétiques hors gaz et charbons;39;47;8
950103;2010;Autres droits;33;41;8
110256;2011;Impôt sur le revenu;60;68;8
200212;2011;Impôt sur le revenu et impôt sur les sociétés;10;18;8
210308;2011;Impôt sur le revenu et impôt sur les sociétés;45;37;-8
400110;2011;Autres impôts directs;7;15;8
070201;2011;Impôts locaux;21;29;8
130302;2012;Impôt sur le revenu;24;16;-8
520301;2012;Droits d'enregistrement et de timbre;17;25;8
210312;2013;Impôt sur le revenu et impôt sur les sociétés;13;21;8
720108;2013;Taxe sur la valeur ajoutée;2;10;8
950102;2013;Autres droits;47;39;-8
800102;2013;TICPE / produits énergétiques hors gaz et charbons;65;57;-8
110221;2014;Impôt sur le revenu;26;18;-8
110223;2014;Impôt sur le revenu;26;34;8
130203;2014;Impôt sur le revenu;20;28;8
130215;2014;Impôt sur le revenu;20;28;8
140103;2014;Impôt sur le revenu;60;68;8
320140;2014;Impôt sur les sociétés;12;20;8
800203;2015;TICPE / produits énergétiques hors gaz et charbons;110;102;-8
800404;2015;TICPE / produits énergétiques hors gaz et charbons;59;51;-8
520206;2015;Droits d'enregistrement et de timbre;33;25;-8
210316;2016;Impôt sur le revenu et impôt sur les sociétés;21;29;8
210318;2016;Impôt sur le revenu et impôt sur les sociétés;34;26;-8
220102;2016;Impôt sur le revenu et impôt sur les sociétés;200;192;-8
570202;2016;Droits d'enregistrement et de timbre;0;8;8
090109;2016;Impôts locaux;2;10;8
110211;2017;Impôt sur le revenu;37;45;8
110245;2017;Impôt sur le revenu;28;36;8
130211;2017;Impôt sur le revenu;10;18;8
210320;2017;Impôt sur le revenu et impôt sur les sociétés;20;12;-8
320140;2017;Impôt sur les sociétés;52;44;-8
320142;2017;Impôt sur les sociétés;2;10;8
300110;2018;Impôt sur les sociétés;0;8;8
070201;2018;Impôts locaux;63;71;8
100102;2019;Impôt sur le revenu;40;32;-8
120206;2019;Impôt sur le revenu;72;80;8
130211;2019;Impôt sur le revenu;18;10;-8
210322;2019;Impôt sur le revenu et impôt sur les sociétés;58;66;8
730206;2020;Taxe sur la valeur ajoutée;219;211;-8
800117;2020;TICPE / produits énergétiques hors gaz et charbons;48;40;-8
110259;2021;Impôt sur le revenu;9;1;-8
130204;2021;Impôt sur le revenu;40;32;-8
300211;2021;Impôt sur les sociétés;110;118;8
530203;2021;Droits d'enregistrement et de timbre;28;36;8
730306;2021;Taxe sur la valeur ajoutée;220;228;8
800119;2021;TICPE / produits énergétiques hors gaz et charbons;27;19;-8
800220;2021;TICPE / produits énergétiques hors gaz et charbons;54;46;-8
840101;2021;TICC / charbons;22;14;-8
110210;2022;Impôt sur le revenu;42;34;-8
110218;2022;Impôt sur le revenu;49;57;8
110223;2022;Impôt sur le revenu;49;57;8
110261;2022;Impôt sur le revenu;1383;1375;-8
220102;2022;Impôt sur le revenu et impôt sur les sociétés;154;146;-8
800117;2022;TICPE / produits énergétiques hors gaz et charbons;44;52;8
820206;2022;TICFE / électricité;18;10;-8
050201;2022;Impôts locaux;42;34;-8
110210;2023;Impôt sur le revenu;34;26;-8
110211;2023;Impôt sur le revenu;123;131;8
160204;2023;Impôt sur le revenu;24;32;8
320121;2023;Impôt sur les sociétés;101;109;8
320122;2023;Impôt sur les sociétés;8;0;-8
320140;2023;Impôt sur les sociétés;201;193;-8
440201;2023;Autres impôts directs;133;141;8
840201;2023;TICC / charbons;30;22;-8
200201;2009;Impôt sur le revenu et impôt sur les sociétés;10;3;-7
210318;2009;Impôt sur le revenu et impôt sur les sociétés;4;11;7
530202;2009;Droits d'enregistrement et de timbre;3;10;7
800207;2009;TICPE / produits énergétiques hors gaz et charbons;2;9;7
080202;2009;Impôts locaux;20;27;7
120140;2010;Impôt sur le revenu;0;7;7
320135;2010;Impôt sur les sociétés;4;11;7
120201;2011;Impôt sur le revenu;40;47;7
130209;2011;Impôt sur le revenu;30;37;7
150114;2012;Impôt sur le revenu;18;25;7
230403;2012;Impôt sur le revenu et impôt sur les sociétés;0;7;7
520201;2012;Droits d'enregistrement et de timbre;67;60;-7
740103;2012;Taxe sur la valeur ajoutée;4;11;7
070201;2012;Impôts locaux;27;34;7
100101;2013;Impôt sur le revenu;35;42;7
110202;2013;Impôt sur le revenu;142;149;7
110228;2013;Impôt sur le revenu;32;25;-7
120123;2013;Impôt sur le revenu;45;52;7
320135;2013;Impôt sur les sociétés;12;5;-7
120110;2014;Impôt sur le revenu;38;45;7
120127;2014;Impôt sur le revenu;34;41;7
120129;2014;Impôt sur le revenu;0;7;7
160204;2014;Impôt sur le revenu;11;18;7
110236;2015;Impôt sur le revenu;34;41;7
800201;2015;TICPE / produits énergétiques hors gaz et charbons;1790;1783;-7
800405;2015;TICPE / produits énergétiques hors gaz et charbons;110;103;-7
110245;2016;Impôt sur le revenu;20;27;7
130302;2016;Impôt sur le revenu;38;45;7
720106;2016;Taxe sur la valeur ajoutée;77;84;7
800405;2016;TICPE / produits énergétiques hors gaz et charbons;160;153;-7
520120;2016;Droits d'enregistrement et de timbre;85;92;7
230605;2017;Impôt sur le revenu et impôt sur les sociétés;13;6;-7
320135;2017;Impôt sur les sociétés;17;10;-7
110215;2018;Impôt sur le revenu;180;173;-7
110260;2018;Impôt sur le revenu;1;8;7
120205;2018;Impôt sur le revenu;125;118;-7
130218;2018;Impôt sur le revenu;12;5;-7
300211;2018;Impôt sur les sociétés;90;97;7
320140;2018;Impôt sur les sociétés;46;53;7
800114;2018;TICPE / produits énergétiques hors gaz et charbons;25;32;7
090110;2018;Impôts locaux;11;4;-7
110223;2019;Impôt sur le revenu;55;48;-7
110228;2019;Impôt sur le revenu;23;16;-7
120205;2019;Impôt sur le revenu;115;122;7
160301;2019;Impôt sur le revenu;13;6;-7
110252;2020;Impôt sur le revenu;350;357;7
120127;2020;Impôt sur le revenu;81;88;7
120205;2020;Impôt sur le revenu;118;125;7
130215;2020;Impôt sur le revenu;62;55;-7
140102;2020;Impôt sur le revenu;163;170;7
210316;2020;Impôt sur le revenu et impôt sur les sociétés;54;61;7
800215;2020;TICPE / produits énergétiques hors gaz et charbons;0;7;7
120205;2021;Impôt sur le revenu;122;115;-7
130215;2021;Impôt sur le revenu;61;54;-7
140102;2021;Impôt sur le revenu;117;124;7
140105;2021;Impôt sur le revenu;12;19;7
320140;2021;Impôt sur les sociétés;70;77;7
120134;2022;Impôt sur le revenu;40;47;7
740103;2022;Taxe sur la valeur ajoutée;11;4;-7
840101;2022;TICC / charbons;13;6;-7
840201;2022;TICC / charbons;38;31;-7
120201;2023;Impôt sur le revenu;56;63;7
210318;2023;Impôt sur le revenu et impôt sur les sociétés;47;54;7
530203;2023;Droits d'enregistrement et de timbre;36;43;7
740102;2023;Taxe sur la valeur ajoutée;14;7;-7
970104;2023;Autres droits;12;19;7
110237;2009;Impôt sur le revenu;10;4;-6
210308;2009;Impôt sur le revenu et impôt sur les sociétés;60;66;6
400107;2009;Autres impôts directs;75;81;6
050104;2009;Impôts locaux;8;2;-6
110230;2010;Impôt sur le revenu;20;14;-6
110249;2010;Impôt sur le revenu;10;4;-6
200201;2010;Impôt sur le revenu et impôt sur les sociétés;10;4;-6
210315;2010;Impôt sur le revenu et impôt sur les sociétés;18;24;6
320122;2010;Impôt sur les sociétés;0;6;6
400110;2010;Autres impôts directs;3;9;6
740103;2010;Taxe sur la valeur ajoutée;10;4;-6
130211;2011;Impôt sur le revenu;20;14;-6
200201;2011;Impôt sur le revenu et impôt sur les sociétés;3;9;6
200207;2011;Impôt sur le revenu et impôt sur les sociétés;3;9;6
320122;2011;Impôt sur les sociétés;0;6;6
400108;2011;Autres impôts directs;52;46;-6
110109;2012;Impôt sur le revenu;90;96;6
110236;2012;Impôt sur le revenu;30;36;6
160204;2012;Impôt sur le revenu;5;11;6
800404;2012;TICPE / produits énergétiques hors gaz et charbons;30;36;6
040101;2012;Impôts locaux;12;6;-6
110223;2013;Impôt sur le revenu;39;33;-6
120129;2013;Impôt sur le revenu;0;6;6
120142;2013;Impôt sur le revenu;10;16;6
120209;2013;Impôt sur le revenu;4;10;6
130215;2013;Impôt sur le revenu;30;24;-6
190208;2013;Impôt sur le revenu;156;150;-6
230604;2013;Impôt sur le revenu et impôt sur les sociétés;19;13;-6
320129;2013;Impôt sur les sociétés;50;56;6
400110;2013;Autres impôts directs;14;20;6
110236;2014;Impôt sur le revenu;28;34;6
130204;2014;Impôt sur le revenu;51;45;-6
980102;2014;Autres droits;4;10;6
060201;2014;Impôts locaux;20;14;-6
110245;2015;Impôt sur le revenu;15;21;6
110246;2015;Impôt sur le revenu;1980;1986;6
110252;2015;Impôt sur le revenu;400;394;-6
120504;2015;Impôt sur le revenu;5;11;6
140104;2015;Impôt sur le revenu;200;194;-6
800107;2015;TICPE / produits énergétiques hors gaz et charbons;120;114;-6
110236;2016;Impôt sur le revenu;41;47;6
140122;2016;Impôt sur le revenu;7;13;6
210305;2016;Impôt sur le revenu et impôt sur les sociétés;45;51;6
210315;2016;Impôt sur le revenu et impôt sur les sociétés;45;51;6
320129;2016;Impôt sur les sociétés;60;54;-6
400108;2016;Autres impôts directs;46;52;6
120206;2017;Impôt sur le revenu;60;66;6
140102;2017;Impôt sur le revenu;272;266;-6
140106;2017;Impôt sur le revenu;19;13;-6
190208;2017;Impôt sur le revenu;92;98;6
210316;2017;Impôt sur le revenu et impôt sur les sociétés;27;33;6
580102;2017;Droits d'enregistrement et de timbre;43;49;6
110223;2018;Impôt sur le revenu;48;54;6
110252;2018;Impôt sur le revenu;380;374;-6
110259;2018;Impôt sur le revenu;11;17;6
720106;2018;Taxe sur la valeur ajoutée;84;90;6
800403;2018;TICPE / produits énergétiques hors gaz et charbons;1137;1143;6
230608;2019;Impôt sur le revenu et impôt sur les sociétés;7;1;-6
110223;2020;Impôt sur le revenu;49;55;6
130211;2020;Impôt sur le revenu;15;9;-6
140101;2020;Impôt sur le revenu;441;435;-6
070201;2020;Impôts locaux;78;84;6
110218;2021;Impôt sur le revenu;42;48;6
720207;2021;Taxe sur la valeur ajoutée;2;8;6
800117;2021;TICPE / produits énergétiques hors gaz et charbons;39;45;6
800221;2021;TICPE / produits énergétiques hors gaz et charbons;1274;1268;-6
120127;2022;Impôt sur le revenu;74;80;6
130204;2022;Impôt sur le revenu;25;31;6
210305;2022;Impôt sur le revenu et impôt sur les sociétés;110;104;-6
210315;2022;Impôt sur le revenu et impôt sur les sociétés;52;46;-6
230410;2022;Impôt sur le revenu et impôt sur les sociétés;9;15;6
320135;2022;Impôt sur les sociétés;57;51;-6
800220;2022;TICPE / produits énergétiques hors gaz et charbons;61;67;6
110107;2023;Impôt sur le revenu;109;115;6
140122;2023;Impôt sur le revenu;3;9;6
320113;2023;Impôt sur les sociétés;25;19;-6
320118;2023;Impôt sur les sociétés;39;45;6
320135;2023;Impôt sur les sociétés;31;37;6
110109;2009;Impôt sur le revenu;95;100;5
120134;2009;Impôt sur le revenu;25;20;-5
130203;2009;Impôt sur le revenu;25;30;5
130211;2009;Impôt sur le revenu;20;15;-5
150117;2009;Impôt sur le revenu;20;15;-5
170306;2009;Impôt sur le revenu;5;10;5
320102;2009;Impôt sur les sociétés;95;90;-5
520109;2009;Droits d'enregistrement et de timbre;20;25;5
720106;2009;Taxe sur la valeur ajoutée;75;70;-5
730209;2009;Taxe sur la valeur ajoutée;45;40;-5
730218;2009;Taxe sur la valeur ajoutée;20;25;5
730301;2009;Taxe sur la valeur ajoutée;50;55;5
800108;2009;TICPE / produits énergétiques hors gaz et charbons;15;10;-5
110109;2010;Impôt sur le revenu;85;90;5
110110;2010;Impôt sur le revenu;385;380;-5
110202;2010;Impôt sur le revenu;120;125;5
110215;2010;Impôt sur le revenu;230;225;-5
110216;2010;Impôt sur le revenu;230;225;-5
110223;2010;Impôt sur le revenu;30;25;-5
110232;2010;Impôt sur le revenu;600;595;-5
110236;2010;Impôt sur le revenu;30;35;5
110245;2010;Impôt sur le revenu;8;13;5
120110;2010;Impôt sur le revenu;30;35;5
120210;2010;Impôt sur le revenu;10;5;-5
130209;2010;Impôt sur le revenu;30;35;5
140103;2010;Impôt sur le revenu;30;25;-5
140201;2010;Impôt sur le revenu;350;345;-5
150117;2010;Impôt sur le revenu;10;15;5
210318;2010;Impôt sur le revenu et impôt sur les sociétés;8;13;5
220103;2010;Impôt sur le revenu et impôt sur les sociétés;5;0;-5
230604;2010;Impôt sur le revenu et impôt sur les sociétés;11;16;5
530202;2010;Droits d'enregistrement et de timbre;5;10;5
730209;2010;Taxe sur la valeur ajoutée;45;40;-5
730218;2010;Taxe sur la valeur ajoutée;25;20;-5
730305;2010;Taxe sur la valeur ajoutée;200;195;-5
950102;2010;Autres droits;58;63;5
100102;2011;Impôt sur le revenu;30;35;5
110216;2011;Impôt sur le revenu;230;235;5
110242;2011;Impôt sur le revenu;200;195;-5
110302;2011;Impôt sur le revenu;290;295;5
120110;2011;Impôt sur le revenu;30;35;5
120141;2011;Impôt sur le revenu;0;5;5
120203;2011;Impôt sur le revenu;30;25;-5
120206;2011;Impôt sur le revenu;30;35;5
140103;2011;Impôt sur le revenu;25;20;-5
140106;2011;Impôt sur le revenu;10;15;5
150114;2011;Impôt sur le revenu;20;25;5
160206;2011;Impôt sur le revenu;0;5;5
320118;2011;Impôt sur les sociétés;10;15;5
520109;2011;Droits d'enregistrement et de timbre;25;30;5
520201;2011;Droits d'enregistrement et de timbre;75;80;5
580102;2011;Droits d'enregistrement et de timbre;20;25;5
730220;2011;Taxe sur la valeur ajoutée;15;10;-5
730301;2011;Taxe sur la valeur ajoutée;55;60;5
730307;2011;Taxe sur la valeur ajoutée;5;10;5
740106;2011;Taxe sur la valeur ajoutée;170;165;-5
800207;2011;TICPE / produits énergétiques hors gaz et charbons;9;4;-5
800401;2011;TICPE / produits énergétiques hors gaz et charbons;99;104;5
950102;2011;Autres droits;51;56;5
520120;2011;Droits d'enregistrement et de timbre;105;100;-5
520301;2011;Droits d'enregistrement et de timbre;20;25;5
100102;2012;Impôt sur le revenu;35;40;5
110215;2012;Impôt sur le revenu;225;230;5
110221;2012;Impôt sur le revenu;47;42;-5
110242;2012;Impôt sur le revenu;195;200;5
110252;2012;Impôt sur le revenu;220;215;-5
120112;2012;Impôt sur le revenu;50;55;5
130215;2012;Impôt sur le revenu;25;20;-5
210102;2012;Impôt sur le revenu et impôt sur les sociétés;65;60;-5
720206;2012;Taxe sur la valeur ajoutée;10;5;-5
740102;2012;Taxe sur la valeur ajoutée;12;17;5
160104;2012;Impôt sur le revenu;5;10;5
100102;2013;Impôt sur le revenu;35;40;5
110104;2013;Impôt sur le revenu;350;355;5
110242;2013;Impôt sur le revenu;210;205;-5
110259;2013;Impôt sur le revenu;6;11;5
120110;2013;Impôt sur le revenu;35;40;5
120124;2013;Impôt sur le revenu;99;94;-5
120138;2013;Impôt sur le revenu;250;255;5
120206;2013;Impôt sur le revenu;50;55;5
130211;2013;Impôt sur le revenu;14;9;-5
150117;2013;Impôt sur le revenu;25;20;-5
160206;2013;Impôt sur le revenu;5;0;-5
320121;2013;Impôt sur les sociétés;59;54;-5
400107;2013;Autres impôts directs;35;40;5
580102;2013;Droits d'enregistrement et de timbre;25;30;5
710102;2013;Taxe sur la valeur ajoutée;190;185;-5
730306;2013;Taxe sur la valeur ajoutée;230;235;5
060201;2013;Impôts locaux;22;17;-5
160104;2013;Impôt sur le revenu;5;10;5
520301;2013;Droits d'enregistrement et de timbre;25;20;-5
100102;2014;Impôt sur le revenu;40;45;5
110245;2014;Impôt sur le revenu;11;16;5
120206;2014;Impôt sur le revenu;55;60;5
150114;2014;Impôt sur le revenu;20;15;-5
150117;2014;Impôt sur le revenu;20;15;-5
150120;2014;Impôt sur le revenu;50;45;-5
210203;2014;Impôt sur le revenu et impôt sur les sociétés;9;4;-5
210321;2014;Impôt sur le revenu et impôt sur les sociétés;125;120;-5
220102;2014;Impôt sur le revenu et impôt sur les sociétés;175;170;-5
220104;2014;Impôt sur le revenu et impôt sur les sociétés;9;14;5
320105;2014;Impôt sur les sociétés;10;15;5
320129;2014;Impôt sur les sociétés;62;57;-5
400110;2014;Autres impôts directs;15;20;5
720201;2014;Taxe sur la valeur ajoutée;10;5;-5
730218;2014;Taxe sur la valeur ajoutée;45;50;5
520120;2014;Droits d'enregistrement et de timbre;70;75;5
520301;2014;Droits d'enregistrement et de timbre;25;20;-5
110223;2015;Impôt sur le revenu;35;40;5
110249;2015;Impôt sur le revenu;27;32;5
110262;2015;Impôt sur le revenu;8;3;-5
120109;2015;Impôt sur le revenu;335;340;5
120112;2015;Impôt sur le revenu;65;70;5
120116;2015;Impôt sur le revenu;5;10;5
120117;2015;Impôt sur le revenu;370;375;5
120123;2015;Impôt sur le revenu;52;57;5
120126;2015;Impôt sur le revenu;200;195;-5
120205;2015;Impôt sur le revenu;145;140;-5
130204;2015;Impôt sur le revenu;50;45;-5
150114;2015;Impôt sur le revenu;15;10;-5
150117;2015;Impôt sur le revenu;15;10;-5
230410;2015;Impôt sur le revenu et impôt sur les sociétés;10;15;5
320105;2015;Impôt sur les sociétés;10;15;5
320115;2015;Impôt sur les sociétés;45;40;-5
320135;2015;Impôt sur les sociétés;11;6;-5
520112;2015;Droits d'enregistrement et de timbre;15;20;5
730207;2015;Taxe sur la valeur ajoutée;775;770;-5
730305;2015;Taxe sur la valeur ajoutée;170;165;-5
100102;2016;Impôt sur le revenu;45;40;-5
110109;2016;Impôt sur le revenu;130;125;-5
110221;2016;Impôt sur le revenu;10;5;-5
120116;2016;Impôt sur le revenu;5;10;5
120127;2016;Impôt sur le revenu;42;47;5
130209;2016;Impôt sur le revenu;12;17;5
140106;2016;Impôt sur le revenu;21;16;-5
150114;2016;Impôt sur le revenu;15;10;-5
150117;2016;Impôt sur le revenu;15;10;-5
160204;2016;Impôt sur le revenu;18;23;5
210321;2016;Impôt sur le revenu et impôt sur les sociétés;80;75;-5
730218;2016;Taxe sur la valeur ajoutée;50;55;5
730305;2016;Taxe sur la valeur ajoutée;165;160;-5
740103;2016;Taxe sur la valeur ajoutée;14;19;5
800107;2016;TICPE / produits énergétiques hors gaz et charbons;40;35;-5
050110;2016;Impôts locaux;1;6;5
210319;2016;Impôt sur le revenu et impôt sur les sociétés;80;75;-5
110102;2017;Impôt sur le revenu;555;560;5
110213;2017;Impôt sur le revenu;300;295;-5
120109;2017;Impôt sur le revenu;455;450;-5
120113;2017;Impôt sur le revenu;130;135;5
120134;2017;Impôt sur le revenu;30;35;5
160204;2017;Impôt sur le revenu;19;24;5
160301;2017;Impôt sur le revenu;8;13;5
210315;2017;Impôt sur le revenu et impôt sur les sociétés;45;50;5
400110;2017;Autres impôts directs;23;28;5
520201;2017;Droits d'enregistrement et de timbre;75;70;-5
730306;2017;Taxe sur la valeur ajoutée;175;170;-5
740103;2017;Taxe sur la valeur ajoutée;15;20;5
800201;2017;TICPE / produits énergétiques hors gaz et charbons;1885;1890;5
040108;2017;Impôts locaux;25;20;-5
190207;2017;Impôt sur le revenu;180;185;5
190209;2017;Impôt sur le revenu;40;35;-5
520120;2017;Droits d'enregistrement et de timbre;95;90;-5
110107;2018;Impôt sur le revenu;110;115;5
120126;2018;Impôt sur le revenu;175;170;-5
120142;2018;Impôt sur le revenu;15;20;5
150120;2018;Impôt sur le revenu;40;45;5
150403;2018;Impôt sur le revenu;0;5;5
210320;2018;Impôt sur le revenu et impôt sur les sociétés;10;5;-5
210321;2018;Impôt sur le revenu et impôt sur les sociétés;51;46;-5
230410;2018;Impôt sur le revenu et impôt sur les sociétés;10;5;-5
320138;2018;Impôt sur les sociétés;2;7;5
730222;2018;Taxe sur la valeur ajoutée;40;45;5
110215;2019;Impôt sur le revenu;175;170;-5
120126;2019;Impôt sur le revenu;170;165;-5
120204;2019;Impôt sur le revenu;440;445;5
150120;2019;Impôt sur le revenu;40;45;5
150403;2019;Impôt sur le revenu;0;5;5
300111;2019;Impôt sur les sociétés;10;5;-5
110104;2020;Impôt sur le revenu;450;455;5
120126;2020;Impôt sur le revenu;160;155;-5
120132;2020;Impôt sur le revenu;335;340;5
140120;2020;Impôt sur le revenu;10;5;-5
150120;2020;Impôt sur le revenu;45;40;-5
300111;2020;Impôt sur les sociétés;10;5;-5
320105;2020;Impôt sur les sociétés;15;10;-5
530203;2020;Droits d'enregistrement et de timbre;25;30;5
730218;2020;Taxe sur la valeur ajoutée;67;72;5
730208;2020;Taxe sur la valeur ajoutée;33;28;-5
800212;2020;TICPE / produits énergétiques hors gaz et charbons;90;95;5
040108;2020;Impôts locaux;23;28;5
110302;2021;Impôt sur le revenu;373;368;-5
140120;2021;Impôt sur le revenu;10;5;-5
140123;2021;Impôt sur le revenu;51;56;5
150117;2021;Impôt sur le revenu;10;15;5
150120;2021;Impôt sur le revenu;45;50;5
160301;2021;Impôt sur le revenu;6;11;5
160302;2021;Impôt sur le revenu;11;6;-5
230103;2021;Impôt sur le revenu et impôt sur les sociétés;5;0;-5
730305;2021;Taxe sur la valeur ajoutée;150;145;-5
830204;2021;TICGN / gaz naturels;3;8;5
100102;2022;Impôt sur le revenu;15;20;5
110107;2022;Impôt sur le revenu;110;115;5
110268;2022;Impôt sur le revenu;2;7;5
130211;2022;Impôt sur le revenu;9;4;-5
150117;2022;Impôt sur le revenu;15;20;5
160302;2022;Impôt sur le revenu;11;6;-5
320142;2022;Impôt sur les sociétés;22;17;-5
440102;2022;Autres impôts directs;36;41;5
500102;2022;Droits d'enregistrement et de timbre;4;9;5
720108;2022;Taxe sur la valeur ajoutée;50;55;5
100102;2023;Impôt sur le revenu;18;23;5
110265;2023;Impôt sur le revenu;8;3;-5
120134;2023;Impôt sur le revenu;45;50;5
120206;2023;Impôt sur le revenu;70;75;5
130215;2023;Impôt sur le revenu;50;45;-5
150118;2023;Impôt sur le revenu;10;15;5
220107;2023;Impôt sur le revenu et impôt sur les sociétés;10;5;-5
730230;2023;Taxe sur la valeur ajoutée;200;205;5
800220;2023;TICPE / produits énergétiques hors gaz et charbons;45;50;5
830204;2023;TICGN / gaz naturels;8;3;-5
050201;2023;Impôts locaux;39;34;-5
110221;2009;Impôt sur le revenu;45;49;4
130212;2009;Impôt sur le revenu;7;3;-4
150512;2009;Impôt sur le revenu;1;5;4
210312;2009;Impôt sur le revenu et impôt sur les sociétés;10;14;4
310203;2009;Impôt sur les sociétés;61;65;4
320135;2009;Impôt sur les sociétés;10;14;4
530203;2009;Droits d'enregistrement et de timbre;1;5;4
800404;2009;TICPE / produits énergétiques hors gaz et charbons;22;26;4
070201;2009;Impôts locaux;16;20;4
110226;2010;Impôt sur le revenu;3;7;4
120141;2010;Impôt sur le revenu;0;4;4
130216;2010;Impôt sur le revenu;3;7;4
200213;2010;Impôt sur le revenu et impôt sur les sociétés;40;44;4
400201;2010;Autres impôts directs;20;24;4
520109;2010;Droits d'enregistrement et de timbre;25;21;-4
800206;2010;TICPE / produits énergétiques hors gaz et charbons;0;4;4
070201;2010;Impôts locaux;20;24;4
520120;2010;Droits d'enregistrement et de timbre;80;84;4
100114;2011;Impôt sur le revenu;4;8;4
110211;2011;Impôt sur le revenu;30;34;4
110258;2011;Impôt sur le revenu;5;9;4
120504;2011;Impôt sur le revenu;3;7;4
210305;2011;Impôt sur le revenu et impôt sur les sociétés;30;34;4
210315;2011;Impôt sur le revenu et impôt sur les sociétés;24;28;4
740102;2011;Taxe sur la valeur ajoutée;8;12;4
800103;2011;TICPE / produits énergétiques hors gaz et charbons;26;22;-4
800206;2011;TICPE / produits énergétiques hors gaz et charbons;0;4;4
950103;2011;Autres droits;32;36;4
040101;2011;Impôts locaux;8;12;4
040103;2011;Impôts locaux;5;1;-4
100114;2012;Impôt sur le revenu;6;10;4
110211;2012;Impôt sur le revenu;34;38;4
110259;2012;Impôt sur le revenu;4;8;4
120142;2012;Impôt sur le revenu;10;14;4
130203;2012;Impôt sur le revenu;30;26;-4
200309;2012;Impôt sur le revenu et impôt sur les sociétés;2;6;4
210203;2012;Impôt sur le revenu et impôt sur les sociétés;5;9;4
210315;2012;Impôt sur le revenu et impôt sur les sociétés;28;32;4
210316;2012;Impôt sur le revenu et impôt sur les sociétés;18;22;4
330106;2012;Impôt sur les sociétés;5;1;-4
400110;2012;Autres impôts directs;4;8;4
400112;2012;Autres impôts directs;40;44;4
400201;2012;Autres impôts directs;32;36;4
720108;2012;Taxe sur la valeur ajoutée;2;6;4
720201;2012;Taxe sur la valeur ajoutée;4;8;4
800209;2012;TICPE / produits énergétiques hors gaz et charbons;4;0;-4
040105;2012;Impôts locaux;4;0;-4
050109;2012;Impôts locaux;3;7;4
210203;2013;Impôt sur le revenu et impôt sur les sociétés;3;7;4
530207;2013;Droits d'enregistrement et de timbre;0;4;4
720206;2013;Taxe sur la valeur ajoutée;9;5;-4
110218;2014;Impôt sur le revenu;25;29;4
120133;2014;Impôt sur le revenu;7;11;4
140106;2014;Impôt sur le revenu;20;24;4
210312;2014;Impôt sur le revenu et impôt sur les sociétés;16;20;4
210315;2014;Impôt sur le revenu et impôt sur les sociétés;35;39;4
210316;2014;Impôt sur le revenu et impôt sur les sociétés;17;21;4
230510;2014;Impôt sur le revenu et impôt sur les sociétés;5;1;-4
320118;2014;Impôt sur les sociétés;6;10;4
530207;2014;Droits d'enregistrement et de timbre;0;4;4
720108;2014;Taxe sur la valeur ajoutée;6;10;4
800405;2014;TICPE / produits énergétiques hors gaz et charbons;120;116;-4
110218;2015;Impôt sur le revenu;26;30;4
140106;2015;Impôt sur le revenu;20;24;4
210316;2015;Impôt sur le revenu et impôt sur les sociétés;20;24;4
210322;2015;Impôt sur le revenu et impôt sur les sociétés;83;87;4
230510;2015;Impôt sur le revenu et impôt sur les sociétés;5;1;-4
520118;2015;Droits d'enregistrement et de timbre;2;6;4
740105;2015;Taxe sur la valeur ajoutée;136;140;4
800114;2015;TICPE / produits énergétiques hors gaz et charbons;3;7;4
120138;2016;Impôt sur le revenu;285;289;4
230410;2016;Impôt sur le revenu et impôt sur les sociétés;14;10;-4
230605;2016;Impôt sur le revenu et impôt sur les sociétés;3;7;4
300111;2016;Impôt sur les sociétés;13;9;-4
320140;2016;Impôt sur les sociétés;15;19;4
950102;2016;Autres droits;17;21;4
110107;2017;Impôt sur le revenu;110;114;4
110202;2017;Impôt sur le revenu;156;152;-4
110221;2017;Impôt sur le revenu;6;2;-4
110223;2017;Impôt sur le revenu;43;47;4
110249;2017;Impôt sur le revenu;33;29;-4
130209;2017;Impôt sur le revenu;10;14;4
150712;2017;Impôt sur le revenu;2;6;4
520109;2017;Droits d'enregistrement et de timbre;65;61;-4
110210;2018;Impôt sur le revenu;90;94;4
110221;2018;Impôt sur le revenu;5;1;-4
120129;2018;Impôt sur le revenu;4;0;-4
140101;2018;Impôt sur le revenu;858;854;-4
140122;2018;Impôt sur le revenu;13;17;4
210312;2018;Impôt sur le revenu et impôt sur les sociétés;22;26;4
210315;2018;Impôt sur le revenu et impôt sur les sociétés;48;52;4
230604;2018;Impôt sur le revenu et impôt sur les sociétés;9;13;4
320118;2018;Impôt sur les sociétés;3;7;4
730302;2018;Taxe sur la valeur ajoutée;6;10;4
120112;2019;Impôt sur le revenu;69;65;-4
120134;2019;Impôt sur le revenu;35;39;4
130204;2019;Impôt sur le revenu;44;40;-4
140104;2019;Impôt sur le revenu;72;68;-4
140105;2019;Impôt sur le revenu;19;15;-4
140122;2019;Impôt sur le revenu;13;9;-4
210321;2019;Impôt sur le revenu et impôt sur les sociétés;43;39;-4
230410;2019;Impôt sur le revenu et impôt sur les sociétés;5;9;4
520112;2019;Droits d'enregistrement et de timbre;24;20;-4
530203;2019;Droits d'enregistrement et de timbre;24;28;4
720106;2019;Taxe sur la valeur ajoutée;86;90;4
730302;2019;Taxe sur la valeur ajoutée;6;10;4
800119;2019;TICPE / produits énergétiques hors gaz et charbons;31;27;-4
110249;2020;Impôt sur le revenu;26;30;4
230410;2020;Impôt sur le revenu et impôt sur les sociétés;5;9;4
320138;2020;Impôt sur les sociétés;4;0;-4
050109;2020;Impôts locaux;10;14;4
110202;2021;Impôt sur le revenu;141;145;4
110247;2021;Impôt sur le revenu;10;14;4
110260;2021;Impôt sur le revenu;8;4;-4
120504;2021;Impôt sur le revenu;33;37;4
130218;2021;Impôt sur le revenu;27;23;-4
220102;2021;Impôt sur le revenu et impôt sur les sociétés;143;139;-4
050201;2021;Impôts locaux;41;37;-4
110228;2022;Impôt sur le revenu;12;16;4
120123;2022;Impôt sur le revenu;67;71;4
120132;2022;Impôt sur le revenu;360;356;-4
130203;2022;Impôt sur le revenu;25;29;4
130215;2022;Impôt sur le revenu;45;49;4
150712;2022;Impôt sur le revenu;1;5;4
230607;2022;Impôt sur le revenu et impôt sur les sociétés;0;4;4
320115;2022;Impôt sur les sociétés;20;24;4
320118;2022;Impôt sur les sociétés;10;6;-4
320141;2022;Impôt sur les sociétés;8;12;4
990202;2022;Autres droits;10;14;4
110223;2023;Impôt sur le revenu;53;57;4
110256;2023;Impôt sur le revenu;23;19;-4
140104;2023;Impôt sur le revenu;161;165;4
140105;2023;Impôt sur le revenu;50;54;4
180105;2023;Impôt sur le revenu;1;5;4
210316;2023;Impôt sur le revenu et impôt sur les sociétés;109;105;-4
730218;2023;Taxe sur la valeur ajoutée;66;62;-4
800117;2023;TICPE / produits énergétiques hors gaz et charbons;45;49;4
800119;2023;TICPE / produits énergétiques hors gaz et charbons;19;23;4
050102;2023;Impôts locaux;41;45;4
110202;2009;Impôt sur le revenu;120;123;3
110240;2009;Impôt sur le revenu;7;10;3
110245;2009;Impôt sur le revenu;7;10;3
140122;2009;Impôt sur le revenu;2;5;3
140306;2009;Impôt sur le revenu;7;10;3
320128;2009;Impôt sur les sociétés;5;2;-3
400108;2009;Autres impôts directs;45;48;3
400110;2009;Autres impôts directs;3;6;3
400201;2009;Autres impôts directs;25;22;-3
060102;2009;Impôts locaux;170;173;3
080103;2009;Impôts locaux;9;6;-3
080111;2009;Impôts locaux;16;19;3
080203;2009;Impôts locaux;37;34;-3
110244;2010;Impôt sur le revenu;25;28;3
120133;2010;Impôt sur le revenu;10;7;-3
120207;2010;Impôt sur le revenu;5;2;-3
210305;2010;Impôt sur le revenu et impôt sur les sociétés;25;28;3
210312;2010;Impôt sur le revenu et impôt sur les sociétés;10;13;3
230509;2010;Impôt sur le revenu et impôt sur les sociétés;0;3;3
320128;2010;Impôt sur les sociétés;1;4;3
400112;2010;Autres impôts directs;130;127;-3
520203;2010;Droits d'enregistrement et de timbre;75;72;-3
520206;2010;Droits d'enregistrement et de timbre;25;22;-3
110223;2011;Impôt sur le revenu;30;27;-3
110228;2011;Impôt sur le revenu;70;67;-3
110245;2011;Impôt sur le revenu;13;10;-3
120133;2011;Impôt sur le revenu;10;7;-3
120209;2011;Impôt sur le revenu;4;7;3
230509;2011;Impôt sur le revenu et impôt sur les sociétés;0;3;3
530202;2011;Droits d'enregistrement et de timbre;10;13;3
800108;2011;TICPE / produits énergétiques hors gaz et charbons;7;10;3
090107;2011;Impôts locaux;9;6;-3
350101;2011;Impôt sur les sociétés;5;2;-3
100101;2012;Impôt sur le revenu;37;40;3
120110;2012;Impôt sur le revenu;35;38;3
120133;2012;Impôt sur le revenu;10;7;-3
130207;2012;Impôt sur le revenu;7;4;-3
140125;2012;Impôt sur le revenu;10;7;-3
320128;2012;Impôt sur les sociétés;3;6;3
400108;2012;Autres impôts directs;25;22;-3
800116;2012;TICPE / produits énergétiques hors gaz et charbons;253;250;-3
040102;2012;Impôts locaux;3;0;-3
040106;2012;Impôts locaux;4;1;-3
050204;2012;Impôts locaux;80;77;-3
350101;2012;Impôt sur les sociétés;5;2;-3
110245;2013;Impôt sur le revenu;7;10;3
150711;2013;Impôt sur le revenu;2;5;3
210315;2013;Impôt sur le revenu et impôt sur les sociétés;33;36;3
210316;2013;Impôt sur le revenu et impôt sur les sociétés;23;20;-3
210321;2013;Impôt sur le revenu et impôt sur les sociétés;110;107;-3
230303;2013;Impôt sur le revenu et impôt sur les sociétés;3;6;3
320128;2013;Impôt sur les sociétés;3;6;3
500102;2013;Droits d'enregistrement et de timbre;3;6;3
550103;2013;Droits d'enregistrement et de timbre;12;15;3
720106;2013;Taxe sur la valeur ajoutée;60;63;3
800116;2013;TICPE / produits énergétiques hors gaz et charbons;253;250;-3
950101;2013;Autres droits;466;463;-3
060102;2013;Impôts locaux;178;175;-3
110226;2014;Impôt sur le revenu;3;6;3
110258;2014;Impôt sur le revenu;22;19;-3
120123;2014;Impôt sur le revenu;50;53;3
200214;2014;Impôt sur le revenu et impôt sur les sociétés;4;1;-3
210305;2014;Impôt sur le revenu et impôt sur les sociétés;48;45;-3
230203;2014;Impôt sur le revenu et impôt sur les sociétés;3;6;3
400108;2014;Autres impôts directs;43;46;3
500102;2014;Droits d'enregistrement et de timbre;4;7;3
520118;2014;Droits d'enregistrement et de timbre;2;5;3
530208;2014;Droits d'enregistrement et de timbre;4;1;-3
730302;2014;Taxe sur la valeur ajoutée;10;7;-3
740103;2014;Taxe sur la valeur ajoutée;11;14;3
800203;2014;TICPE / produits énergétiques hors gaz et charbons;108;105;-3
060203;2014;Impôts locaux;12;9;-3
110226;2015;Impôt sur le revenu;2;5;3
110247;2015;Impôt sur le revenu;760;763;3
160204;2015;Impôt sur le revenu;16;19;3
160205;2015;Impôt sur le revenu;17;20;3
210203;2015;Impôt sur le revenu et impôt sur les sociétés;7;4;-3
210321;2015;Impôt sur le revenu et impôt sur les sociétés;107;110;3
230203;2015;Impôt sur le revenu et impôt sur les sociétés;4;7;3
230303;2015;Impôt sur le revenu et impôt sur les sociétés;6;3;-3
400110;2015;Autres impôts directs;20;23;3
730212;2015;Taxe sur la valeur ajoutée;28;25;-3
800117;2015;TICPE / produits énergétiques hors gaz et charbons;32;35;3
110258;2016;Impôt sur le revenu;20;23;3
120129;2016;Impôt sur le revenu;7;4;-3
120206;2016;Impôt sur le revenu;60;63;3
130211;2016;Impôt sur le revenu;10;13;3
210312;2016;Impôt sur le revenu et impôt sur les sociétés;20;23;3
230303;2016;Impôt sur le revenu et impôt sur les sociétés;6;3;-3
320141;2016;Impôt sur les sociétés;5;2;-3
500102;2016;Droits d'enregistrement et de timbre;9;6;-3
090108;2016;Impôts locaux;16;13;-3
520206;2016;Droits d'enregistrement et de timbre;30;27;-3
520301;2016;Droits d'enregistrement et de timbre;25;22;-3
100114;2017;Impôt sur le revenu;30;27;-3
110250;2017;Impôt sur le revenu;170;173;3
120117;2017;Impôt sur le revenu;385;382;-3
120133;2017;Impôt sur le revenu;11;8;-3
160205;2017;Impôt sur le revenu;20;23;3
210322;2017;Impôt sur le revenu et impôt sur les sociétés;60;63;3
320128;2017;Impôt sur les sociétés;8;11;3
400108;2017;Autres impôts directs;49;52;3
720106;2017;Taxe sur la valeur ajoutée;83;86;3
720107;2017;Taxe sur la valeur ajoutée;550;553;3
730208;2017;Taxe sur la valeur ajoutée;28;31;3
800210;2017;TICPE / produits énergétiques hors gaz et charbons;310;307;-3
950102;2017;Autres droits;14;17;3
090201;2017;Impôts locaux;3;0;-3
110236;2018;Impôt sur le revenu;67;64;-3
120134;2018;Impôt sur le revenu;31;28;-3
120141;2018;Impôt sur le revenu;4;1;-3
120201;2018;Impôt sur le revenu;60;63;3
120202;2018;Impôt sur le revenu;1905;1902;-3
160204;2018;Impôt sur le revenu;23;26;3
160205;2018;Impôt sur le revenu;19;22;3
210102;2018;Impôt sur le revenu et impôt sur les sociétés;15;12;-3
210203;2018;Impôt sur le revenu et impôt sur les sociétés;2;5;3
210318;2018;Impôt sur le revenu et impôt sur les sociétés;28;25;-3
210322;2018;Impôt sur le revenu et impôt sur les sociétés;67;64;-3
230605;2018;Impôt sur le revenu et impôt sur les sociétés;7;4;-3
320128;2018;Impôt sur les sociétés;8;11;3
530203;2018;Droits d'enregistrement et de timbre;22;25;3
570202;2018;Droits d'enregistrement et de timbre;8;11;3
580102;2018;Droits d'enregistrement et de timbre;53;50;-3
800103;2018;TICPE / produits énergétiques hors gaz et charbons;42;45;3
100202;2019;Impôt sur le revenu;6;3;-3
110244;2019;Impôt sur le revenu;26;29;3
110258;2019;Impôt sur le revenu;20;17;-3
120201;2019;Impôt sur le revenu;62;59;-3
230509;2019;Impôt sur le revenu et impôt sur les sociétés;3;0;-3
230605;2019;Impôt sur le revenu et impôt sur les sociétés;6;3;-3
730224;2019;Taxe sur la valeur ajoutée;90;93;3
800117;2019;TICPE / produits énergétiques hors gaz et charbons;50;47;-3
060203;2019;Impôts locaux;7;10;3
070201;2019;Impôts locaux;72;75;3
110103;2020;Impôt sur le revenu;540;543;3
110228;2020;Impôt sur le revenu;15;12;-3
110262;2020;Impôt sur le revenu;4;7;3
140104;2020;Impôt sur le revenu;72;75;3
210321;2020;Impôt sur le revenu et impôt sur les sociétés;35;32;-3
720106;2020;Taxe sur la valeur ajoutée;90;87;-3
720201;2020;Taxe sur la valeur ajoutée;6;3;-3
050102;2020;Impôts locaux;18;21;3
050110;2020;Impôts locaux;4;1;-3
060203;2020;Impôts locaux;7;10;3
110213;2021;Impôt sur le revenu;274;271;-3
110216;2021;Impôt sur le revenu;58;61;3
110252;2021;Impôt sur le revenu;320;323;3
130211;2021;Impôt sur le revenu;10;7;-3
130302;2021;Impôt sur le revenu;13;16;3
210321;2021;Impôt sur le revenu et impôt sur les sociétés;32;35;3
320121;2021;Impôt sur les sociétés;88;85;-3
730212;2021;Taxe sur la valeur ajoutée;24;27;3
730218;2021;Taxe sur la valeur ajoutée;69;66;-3
740102;2021;Taxe sur la valeur ajoutée;16;13;-3
820205;2021;TICFE / électricité;1;4;3
830101;2021;TICGN / gaz naturels;6;3;-3
040109;2021;Impôts locaux;3;0;-3
050109;2021;Impôts locaux;14;11;-3
060203;2021;Impôts locaux;10;7;-3
110265;2022;Impôt sur le revenu;2;5;3
140105;2022;Impôt sur le revenu;19;16;-3
140120;2022;Impôt sur le revenu;5;2;-3
210330;2022;Impôt sur le revenu et impôt sur les sociétés;30;33;3
230102;2022;Impôt sur le revenu et impôt sur les sociétés;9;6;-3
230609;2022;Impôt sur le revenu et impôt sur les sociétés;0;3;3
320128;2022;Impôt sur les sociétés;17;20;3
530207;2022;Droits d'enregistrement et de timbre;7;4;-3
970104;2022;Autres droits;10;13;3
060102;2022;Impôts locaux;106;103;-3
060203;2022;Impôts locaux;10;7;-3
110242;2023;Impôt sur le revenu;215;212;-3
110249;2023;Impôt sur le revenu;38;41;3
120112;2023;Impôt sur le revenu;94;97;3
130211;2023;Impôt sur le revenu;3;6;3
140120;2023;Impôt sur le revenu;5;2;-3
230105;2023;Impôt sur le revenu et impôt sur les sociétés;0;3;3
300111;2023;Impôt sur les sociétés;5;2;-3
300209;2023;Impôt sur les sociétés;6;3;-3
320141;2023;Impôt sur les sociétés;7;10;3
720206;2023;Taxe sur la valeur ajoutée;5;2;-3
720207;2023;Taxe sur la valeur ajoutée;5;2;-3
730208;2023;Taxe sur la valeur ajoutée;14;11;-3
820203;2023;TICFE / électricité;0;3;3
990201;2023;Autres droits;3;0;-3
110223;2009;Impôt sur le revenu;30;32;2
110236;2009;Impôt sur le revenu;30;32;2
110244;2009;Impôt sur le revenu;30;28;-2
150711;2009;Impôt sur le revenu;2;0;-2
180101;2009;Impôt sur le revenu;5;3;-2
200205;2009;Impôt sur le revenu et impôt sur les sociétés;4;2;-2
200308;2009;Impôt sur le revenu et impôt sur les sociétés;0;2;2
230204;2009;Impôt sur le revenu et impôt sur les sociétés;1;3;2
420106;2009;Autres impôts directs;5;3;-2
740102;2009;Taxe sur la valeur ajoutée;10;8;-2
740103;2009;Taxe sur la valeur ajoutée;8;6;-2
800114;2009;TICPE / produits énergétiques hors gaz et charbons;5;3;-2
130217;2010;Impôt sur le revenu;0;2;2
180101;2010;Impôt sur le revenu;5;3;-2
200308;2010;Impôt sur le revenu et impôt sur les sociétés;1;3;2
210203;2010;Impôt sur le revenu et impôt sur les sociétés;3;5;2
230202;2010;Impôt sur le revenu et impôt sur les sociétés;0;2;2
230203;2010;Impôt sur le revenu et impôt sur les sociétés;0;2;2
500102;2010;Droits d'enregistrement et de timbre;1;3;2
520112;2010;Droits d'enregistrement et de timbre;25;23;-2
730215;2010;Taxe sur la valeur ajoutée;3;5;2
520301;2010;Droits d'enregistrement et de timbre;20;18;-2
100101;2011;Impôt sur le revenu;35;37;2
110236;2011;Impôt sur le revenu;30;32;2
110244;2011;Impôt sur le revenu;30;28;-2
110259;2011;Impôt sur le revenu;3;5;2
120127;2011;Impôt sur le revenu;20;22;2
130217;2011;Impôt sur le revenu;0;2;2
140125;2011;Impôt sur le revenu;10;8;-2
140126;2011;Impôt sur le revenu;0;2;2
160204;2011;Impôt sur le revenu;5;7;2
180105;2011;Impôt sur le revenu;0;2;2
180305;2011;Impôt sur le revenu;2;0;-2
200205;2011;Impôt sur le revenu et impôt sur les sociétés;2;4;2
200309;2011;Impôt sur le revenu et impôt sur les sociétés;1;3;2
230303;2011;Impôt sur le revenu et impôt sur les sociétés;5;3;-2
230604;2011;Impôt sur le revenu et impôt sur les sociétés;20;18;-2
530206;2011;Droits d'enregistrement et de timbre;5;7;2
720206;2011;Taxe sur la valeur ajoutée;10;8;-2
040102;2011;Impôts locaux;5;3;-2
050203;2011;Impôts locaux;5;3;-2
070203;2011;Impôts locaux;25;27;2
090104;2011;Impôts locaux;3;5;2
110226;2012;Impôt sur le revenu;6;4;-2
120124;2012;Impôt sur le revenu;88;86;-2
120137;2012;Impôt sur le revenu;3;5;2
120140;2012;Impôt sur le revenu;11;13;2
160302;2012;Impôt sur le revenu;10;12;2
180105;2012;Impôt sur le revenu;0;2;2
180305;2012;Impôt sur le revenu;2;0;-2
200102;2012;Impôt sur le revenu et impôt sur les sociétés;2;0;-2
200201;2012;Impôt sur le revenu et impôt sur les sociétés;2;0;-2
200207;2012;Impôt sur le revenu et impôt sur les sociétés;2;0;-2
220104;2012;Impôt sur le revenu et impôt sur les sociétés;5;3;-2
230202;2012;Impôt sur le revenu et impôt sur les sociétés;2;0;-2
230303;2012;Impôt sur le revenu et impôt sur les sociétés;4;6;2
230602;2012;Impôt sur le revenu et impôt sur les sociétés;110;108;-2
320121;2012;Impôt sur les sociétés;60;58;-2
420107;2012;Autres impôts directs;14;12;-2
530203;2012;Droits d'enregistrement et de timbre;18;20;2
530206;2012;Droits d'enregistrement et de timbre;5;7;2
730302;2012;Taxe sur la valeur ajoutée;4;6;2
800108;2012;TICPE / produits énergétiques hors gaz et charbons;10;8;-2
800206;2012;TICPE / produits énergétiques hors gaz et charbons;4;2;-2
110236;2013;Impôt sur le revenu;28;26;-2
120137;2013;Impôt sur le revenu;3;5;2
120140;2013;Impôt sur le revenu;12;14;2
130213;2013;Impôt sur le revenu;2;0;-2
130302;2013;Impôt sur le revenu;20;18;-2
140126;2013;Impôt sur le revenu;2;4;2
160302;2013;Impôt sur le revenu;10;12;2
210305;2013;Impôt sur le revenu et impôt sur les sociétés;45;43;-2
530208;2013;Droits d'enregistrement et de timbre;3;1;-2
720201;2013;Taxe sur la valeur ajoutée;5;3;-2
800206;2013;TICPE / produits énergétiques hors gaz et charbons;4;2;-2
050203;2013;Impôts locaux;3;1;-2
060203;2013;Impôts locaux;12;10;-2
520206;2013;Droits d'enregistrement et de timbre;25;27;2
100114;2014;Impôt sur le revenu;10;12;2
110240;2014;Impôt sur le revenu;11;13;2
110249;2014;Impôt sur le revenu;26;28;2
160205;2014;Impôt sur le revenu;17;19;2
200216;2014;Impôt sur le revenu et impôt sur les sociétés;1;3;2
220105;2014;Impôt sur le revenu et impôt sur les sociétés;3;1;-2
230602;2014;Impôt sur le revenu et impôt sur les sociétés;110;112;2
230604;2014;Impôt sur le revenu et impôt sur les sociétés;8;10;2
400107;2014;Autres impôts directs;48;50;2
570202;2014;Droits d'enregistrement et de timbre;0;2;2
800114;2014;TICPE / produits énergétiques hors gaz et charbons;5;3;-2
800206;2014;TICPE / produits énergétiques hors gaz et charbons;2;0;-2
050203;2014;Impôts locaux;3;1;-2
070101;2014;Impôts locaux;1275;1273;-2
070203;2014;Impôts locaux;35;33;-2
090201;2014;Impôts locaux;1;3;2
110202;2015;Impôt sur le revenu;150;152;2
110211;2015;Impôt sur le revenu;54;52;-2
110228;2015;Impôt sur le revenu;25;23;-2
130207;2015;Impôt sur le revenu;3;5;2
140105;2015;Impôt sur le revenu;55;53;-2
170105;2015;Impôt sur le revenu;17;19;2
230403;2015;Impôt sur le revenu et impôt sur les sociétés;2;0;-2
230506;2015;Impôt sur le revenu et impôt sur les sociétés;2;4;2
230602;2015;Impôt sur le revenu et impôt sur les sociétés;110;108;-2
230604;2015;Impôt sur le revenu et impôt sur les sociétés;13;11;-2
320141;2015;Impôt sur les sociétés;5;3;-2
500102;2015;Droits d'enregistrement et de timbre;6;4;-2
530203;2015;Droits d'enregistrement et de timbre;20;22;2
740102;2015;Taxe sur la valeur ajoutée;30;28;-2
800103;2015;TICPE / produits énergétiques hors gaz et charbons;25;23;-2
800206;2015;TICPE / produits énergétiques hors gaz et charbons;2;0;-2
520207;2015;Droits d'enregistrement et de timbre;2;0;-2
520301;2015;Droits d'enregistrement et de timbre;20;22;2
110211;2016;Impôt sur le revenu;52;54;2
110218;2016;Impôt sur le revenu;30;32;2
110223;2016;Impôt sur le revenu;41;43;2
110249;2016;Impôt sur le revenu;32;30;-2
120123;2016;Impôt sur le revenu;53;55;2
140104;2016;Impôt sur le revenu;150;148;-2
150712;2016;Impôt sur le revenu;2;4;2
160301;2016;Impôt sur le revenu;10;8;-2
210203;2016;Impôt sur le revenu et impôt sur les sociétés;4;2;-2
210306;2016;Impôt sur le revenu et impôt sur les sociétés;0;2;2
210322;2016;Impôt sur le revenu et impôt sur les sociétés;75;77;2
230506;2016;Impôt sur le revenu et impôt sur les sociétés;3;5;2
320128;2016;Impôt sur les sociétés;11;9;-2
320135;2016;Impôt sur les sociétés;9;11;2
400110;2016;Autres impôts directs;20;22;2
520118;2016;Droits d'enregistrement et de timbre;5;7;2
520209;2016;Droits d'enregistrement et de timbre;3;1;-2
530203;2016;Droits d'enregistrement et de timbre;20;22;2
730208;2016;Taxe sur la valeur ajoutée;27;29;2
730212;2016;Taxe sur la valeur ajoutée;26;24;-2
800117;2016;TICPE / produits énergétiques hors gaz et charbons;39;37;-2
800203;2016;TICPE / produits énergétiques hors gaz et charbons;104;102;-2
800404;2016;TICPE / produits énergétiques hors gaz et charbons;86;84;-2
040109;2016;Impôts locaux;2;0;-2
060108;2016;Impôts locaux;9;7;-2
110258;2017;Impôt sur le revenu;19;21;2
110262;2017;Impôt sur le revenu;3;5;2
120123;2017;Impôt sur le revenu;57;55;-2
120141;2017;Impôt sur le revenu;4;2;-2
120201;2017;Impôt sur le revenu;60;62;2
140105;2017;Impôt sur le revenu;33;31;-2
210305;2017;Impôt sur le revenu et impôt sur les sociétés;54;52;-2
210306;2017;Impôt sur le revenu et impôt sur les sociétés;2;0;-2
220101;2017;Impôt sur le revenu et impôt sur les sociétés;34;32;-2
220102;2017;Impôt sur le revenu et impôt sur les sociétés;180;182;2
220105;2017;Impôt sur le revenu et impôt sur les sociétés;0;2;2
530203;2017;Droits d'enregistrement et de timbre;22;24;2
530206;2017;Droits d'enregistrement et de timbre;6;4;-2
730218;2017;Taxe sur la valeur ajoutée;55;57;2
730301;2017;Taxe sur la valeur ajoutée;60;62;2
800405;2017;TICPE / produits énergétiques hors gaz et charbons;190;192;2
060203;2017;Impôts locaux;9;7;-2
070203;2017;Impôts locaux;39;37;-2
100202;2018;Impôt sur le revenu;7;5;-2
120133;2018;Impôt sur le revenu;9;7;-2
130211;2018;Impôt sur le revenu;13;15;2
140106;2018;Impôt sur le revenu;13;11;-2
200217;2018;Impôt sur le revenu et impôt sur les sociétés;8;6;-2
320122;2018;Impôt sur les sociétés;8;10;2
320135;2018;Impôt sur les sociétés;21;19;-2
440103;2018;Autres impôts directs;10;8;-2
500102;2018;Droits d'enregistrement et de timbre;6;4;-2
520118;2018;Droits d'enregistrement et de timbre;7;9;2
530212;2018;Droits d'enregistrement et de timbre;4;2;-2
040108;2018;Impôts locaux;20;22;2
060203;2018;Impôts locaux;9;7;-2
070203;2018;Impôts locaux;40;38;-2
110259;2019;Impôt sur le revenu;11;9;-2
110262;2019;Impôt sur le revenu;4;6;2
120129;2019;Impôt sur le revenu;3;1;-2
120142;2019;Impôt sur le revenu;15;17;2
120144;2019;Impôt sur le revenu;30;28;-2
130209;2019;Impôt sur le revenu;5;7;2
130215;2019;Impôt sur le revenu;59;61;2
140126;2019;Impôt sur le revenu;3;1;-2
150712;2019;Impôt sur le revenu;3;1;-2
160302;2019;Impôt sur le revenu;13;11;-2
230606;2019;Impôt sur le revenu et impôt sur les sociétés;5;7;2
320122;2019;Impôt sur les sociétés;8;10;2
520118;2019;Droits d'enregistrement et de timbre;7;9;2
060102;2019;Impôts locaux;105;107;2
090108;2019;Impôts locaux;15;17;2
090111;2019;Impôts locaux;2;0;-2
110107;2020;Impôt sur le revenu;110;112;2
110109;2020;Impôt sur le revenu;150;152;2
110216;2020;Impôt sur le revenu;51;53;2
110240;2020;Impôt sur le revenu;18;20;2
110244;2020;Impôt sur le revenu;29;27;-2
110260;2020;Impôt sur le revenu;6;8;2
110265;2020;Impôt sur le revenu;2;0;-2
120133;2020;Impôt sur le revenu;7;5;-2
120142;2020;Impôt sur le revenu;20;18;-2
150712;2020;Impôt sur le revenu;3;1;-2
160205;2020;Impôt sur le revenu;22;24;2
160302;2020;Impôt sur le revenu;13;11;-2
200217;2020;Impôt sur le revenu et impôt sur les sociétés;8;10;2
210203;2020;Impôt sur le revenu et impôt sur les sociétés;5;3;-2
230604;2020;Impôt sur le revenu et impôt sur les sociétés;14;12;-2
320122;2020;Impôt sur les sociétés;10;8;-2
500102;2020;Droits d'enregistrement et de timbre;4;6;2
530207;2020;Droits d'enregistrement et de timbre;5;7;2
740103;2020;Taxe sur la valeur ajoutée;7;9;2
110223;2021;Impôt sur le revenu;52;54;2
110228;2021;Impôt sur le revenu;11;13;2
110249;2021;Impôt sur le revenu;30;32;2
120116;2021;Impôt sur le revenu;10;8;-2
120123;2021;Impôt sur le revenu;64;66;2
120201;2021;Impôt sur le revenu;58;56;-2
140104;2021;Impôt sur le revenu;52;54;2
140308;2021;Impôt sur le revenu;0;2;2
150712;2021;Impôt sur le revenu;1;3;2
230608;2021;Impôt sur le revenu et impôt sur les sociétés;1;3;2
320122;2021;Impôt sur les sociétés;10;8;-2
320138;2021;Impôt sur les sociétés;3;1;-2
320142;2021;Impôt sur les sociétés;12;10;-2
500102;2021;Droits d'enregistrement et de timbre;4;6;2
720201;2021;Taxe sur la valeur ajoutée;5;3;-2
730206;2021;Taxe sur la valeur ajoutée;225;223;-2
730302;2021;Taxe sur la valeur ajoutée;10;12;2
740103;2021;Taxe sur la valeur ajoutée;8;6;-2
800210;2021;TICPE / produits énergétiques hors gaz et charbons;9;7;-2
040110;2021;Impôts locaux;5;3;-2
050102;2021;Impôts locaux;21;23;2
110202;2022;Impôt sur le revenu;145;143;-2
120116;2022;Impôt sur le revenu;10;8;-2
120139;2022;Impôt sur le revenu;4;6;2
130209;2022;Impôt sur le revenu;1;3;2
160204;2022;Impôt sur le revenu;26;28;2
210203;2022;Impôt sur le revenu et impôt sur les sociétés;3;5;2
230604;2022;Impôt sur le revenu et impôt sur les sociétés;11;13;2
230606;2022;Impôt sur le revenu et impôt sur les sociétés;7;5;-2
300110;2022;Impôt sur les sociétés;7;9;2
300209;2022;Impôt sur les sociétés;4;6;2
520118;2022;Droits d'enregistrement et de timbre;8;10;2
720206;2022;Taxe sur la valeur ajoutée;4;2;-2
720207;2022;Taxe sur la valeur ajoutée;3;1;-2
730302;2022;Taxe sur la valeur ajoutée;11;9;-2
800119;2022;TICPE / produits énergétiques hors gaz et charbons;22;20;-2
110110;2023;Impôt sur le revenu;793;795;2
110215;2023;Impôt sur le revenu;220;218;-2
110262;2023;Impôt sur le revenu;7;9;2
150712;2023;Impôt sur le revenu;2;4;2
210321;2023;Impôt sur le revenu et impôt sur les sociétés;43;45;2
230604;2023;Impôt sur le revenu et impôt sur les sociétés;14;12;-2
300110;2023;Impôt sur les sociétés;9;11;2
320145;2023;Impôt sur les sociétés;4;2;-2
320148;2023;Impôt sur les sociétés;2;0;-2
520118;2023;Droits d'enregistrement et de timbre;10;12;2
800211;2023;TICPE / produits énergétiques hors gaz et charbons;0;2;2
820201;2023;TICFE / électricité;0;2;2
990202;2023;Autres droits;18;20;2
990301;2023;Autres droits;6;4;-2
040107;2023;Impôts locaux;7;5;-2
060102;2023;Impôts locaux;105;103;-2
060108;2023;Impôts locaux;8;10;2
090108;2023;Impôts locaux;18;20;2
110211;2009;Impôt sur le revenu;30;31;1
110226;2009;Impôt sur le revenu;4;5;1
110229;2009;Impôt sur le revenu;3;2;-1
110230;2009;Impôt sur le revenu;20;19;-1
110238;2009;Impôt sur le revenu;5;4;-1
110248;2009;Impôt sur le revenu;1;0;-1
130216;2009;Impôt sur le revenu;5;6;1
170105;2009;Impôt sur le revenu;1;2;1
200309;2009;Impôt sur le revenu et impôt sur les sociétés;2;1;-1
230203;2009;Impôt sur le revenu et impôt sur les sociétés;0;1;1
230303;2009;Impôt sur le revenu et impôt sur les sociétés;6;5;-1
300105;2009;Impôt sur les sociétés;2;1;-1
300302;2009;Impôt sur les sociétés;0;1;1
320130;2009;Impôt sur les sociétés;40;39;-1
320137;2009;Impôt sur les sociétés;1;0;-1
500102;2009;Droits d'enregistrement et de timbre;3;4;1
520117;2009;Droits d'enregistrement et de timbre;0;1;1
570102;2009;Droits d'enregistrement et de timbre;0;1;1
730215;2009;Taxe sur la valeur ajoutée;2;3;1
730302;2009;Taxe sur la valeur ajoutée;5;4;-1
800115;2009;TICPE / produits énergétiques hors gaz et charbons;1;2;1
800402;2009;TICPE / produits énergétiques hors gaz et charbons;1;0;-1
960101;2009;Autres droits;15;14;-1
050105;2009;Impôts locaux;1;0;-1
050108;2009;Impôts locaux;5;4;-1
060103;2009;Impôts locaux;8;7;-1
060203;2009;Impôts locaux;11;12;1
080102;2009;Impôts locaux;20;19;-1
080106;2009;Impôts locaux;4;3;-1
080107;2009;Impôts locaux;70;71;1
080204;2009;Impôts locaux;50;51;1
100105;2010;Impôt sur le revenu;0;1;1
100202;2010;Impôt sur le revenu;7;6;-1
110205;2010;Impôt sur le revenu;10;9;-1
110221;2010;Impôt sur le revenu;50;51;1
110234;2010;Impôt sur le revenu;7;6;-1
110238;2010;Impôt sur le revenu;4;3;-1
110239;2010;Impôt sur le revenu;1;0;-1
110240;2010;Impôt sur le revenu;10;11;1
110248;2010;Impôt sur le revenu;1;0;-1
120135;2010;Impôt sur le revenu;0;1;1
120209;2010;Impôt sur le revenu;3;2;-1
130212;2010;Impôt sur le revenu;3;2;-1
150711;2010;Impôt sur le revenu;0;1;1
160205;2010;Impôt sur le revenu;15;16;1
200205;2010;Impôt sur le revenu et impôt sur les sociétés;4;5;1
200207;2010;Impôt sur le revenu et impôt sur les sociétés;5;4;-1
200309;2010;Impôt sur le revenu et impôt sur les sociétés;1;2;1
230405;2010;Impôt sur le revenu et impôt sur les sociétés;0;1;1
320134;2010;Impôt sur les sociétés;1;0;-1
320137;2010;Impôt sur les sociétés;1;0;-1
320138;2010;Impôt sur les sociétés;1;2;1
420107;2010;Autres impôts directs;15;14;-1
500101;2010;Droits d'enregistrement et de timbre;1;2;1
720201;2010;Taxe sur la valeur ajoutée;3;4;1
730302;2010;Taxe sur la valeur ajoutée;5;4;-1
740102;2010;Taxe sur la valeur ajoutée;10;11;1
800108;2010;TICPE / produits énergétiques hors gaz et charbons;9;10;1
800207;2010;TICPE / produits énergétiques hors gaz et charbons;3;4;1
960101;2010;Autres droits;15;14;-1
060102;2010;Impôts locaux;175;176;1
070202;2010;Impôts locaux;27;26;-1
100202;2011;Impôt sur le revenu;5;6;1
110221;2011;Impôt sur le revenu;50;51;1
110233;2011;Impôt sur le revenu;0;1;1
110240;2011;Impôt sur le revenu;10;11;1
120207;2011;Impôt sur le revenu;2;1;-1
120301;2011;Impôt sur le revenu;1;0;-1
120306;2011;Impôt sur le revenu;2;1;-1
130212;2011;Impôt sur le revenu;1;2;1
130213;2011;Impôt sur le revenu;1;2;1
150512;2011;Impôt sur le revenu;4;3;-1
150711;2011;Impôt sur le revenu;1;2;1
160102;2011;Impôt sur le revenu;1;0;-1
160205;2011;Impôt sur le revenu;15;16;1
180101;2011;Impôt sur le revenu;4;3;-1
180304;2011;Impôt sur le revenu;0;1;1
210316;2011;Impôt sur le revenu et impôt sur les sociétés;33;32;-1
230202;2011;Impôt sur le revenu et impôt sur les sociétés;0;1;1
230203;2011;Impôt sur le revenu et impôt sur les sociétés;2;3;1
230403;2011;Impôt sur le revenu et impôt sur les sociétés;0;1;1
230506;2011;Impôt sur le revenu et impôt sur les sociétés;1;2;1
230507;2011;Impôt sur le revenu et impôt sur les sociétés;0;1;1
320128;2011;Impôt sur les sociétés;3;2;-1
320131;2011;Impôt sur les sociétés;1;0;-1
320135;2011;Impôt sur les sociétés;7;8;1
320138;2011;Impôt sur les sociétés;1;2;1
500102;2011;Droits d'enregistrement et de timbre;2;3;1
520209;2011;Droits d'enregistrement et de timbre;1;2;1
530208;2011;Droits d'enregistrement et de timbre;2;3;1
530211;2011;Droits d'enregistrement et de timbre;0;1;1
720108;2011;Taxe sur la valeur ajoutée;1;2;1
720201;2011;Taxe sur la valeur ajoutée;5;4;-1
740103;2011;Taxe sur la valeur ajoutée;6;5;-1
800115;2011;TICPE / produits énergétiques hors gaz et charbons;2;3;1
060104;2011;Impôts locaux;2;3;1
060203;2011;Impôts locaux;12;11;-1
520208;2011;Droits d'enregistrement et de timbre;3;2;-1
110205;2012;Impôt sur le revenu;9;10;1
110234;2012;Impôt sur le revenu;5;6;1
110238;2012;Impôt sur le revenu;3;4;1
110240;2012;Impôt sur le revenu;11;12;1
120207;2012;Impôt sur le revenu;2;1;-1
120301;2012;Impôt sur le revenu;1;0;-1
130211;2012;Impôt sur le revenu;10;9;-1
130213;2012;Impôt sur le revenu;1;0;-1
130217;2012;Impôt sur le revenu;2;3;1
140126;2012;Impôt sur le revenu;1;2;1
150512;2012;Impôt sur le revenu;1;2;1
150712;2012;Impôt sur le revenu;0;1;1
160102;2012;Impôt sur le revenu;1;0;-1
160205;2012;Impôt sur le revenu;16;17;1
160301;2012;Impôt sur le revenu;10;9;-1
180304;2012;Impôt sur le revenu;0;1;1
210318;2012;Impôt sur le revenu et impôt sur les sociétés;23;22;-1
230405;2012;Impôt sur le revenu et impôt sur les sociétés;1;0;-1
230506;2012;Impôt sur le revenu et impôt sur les sociétés;1;2;1
230507;2012;Impôt sur le revenu et impôt sur les sociétés;0;1;1
230604;2012;Impôt sur le revenu et impôt sur les sociétés;19;20;1
320118;2012;Impôt sur les sociétés;15;16;1
320129;2012;Impôt sur les sociétés;52;51;-1
320134;2012;Impôt sur les sociétés;0;1;1
320135;2012;Impôt sur les sociétés;8;7;-1
320138;2012;Impôt sur les sociétés;2;3;1
320140;2012;Impôt sur les sociétés;10;9;-1
500102;2012;Droits d'enregistrement et de timbre;3;4;1
520112;2012;Droits d'enregistrement et de timbre;24;25;1
520209;2012;Droits d'enregistrement et de timbre;1;2;1
530208;2012;Droits d'enregistrement et de timbre;2;3;1
570102;2012;Droits d'enregistrement et de timbre;1;0;-1
710101;2012;Taxe sur la valeur ajoutée;0;1;1
800103;2012;TICPE / produits énergétiques hors gaz et charbons;21;22;1
800115;2012;TICPE / produits énergétiques hors gaz et charbons;2;3;1
820103;2012;TICFE / électricité;7;6;-1
060104;2012;Impôts locaux;2;3;1
060203;2012;Impôts locaux;12;11;-1
520206;2012;Droits d'enregistrement et de timbre;28;27;-1
110211;2013;Impôt sur le revenu;45;44;-1
110238;2013;Impôt sur le revenu;4;3;-1
110244;2013;Impôt sur le revenu;22;21;-1
110249;2013;Impôt sur le revenu;24;25;1
110250;2013;Impôt sur le revenu;145;146;1
110260;2013;Impôt sur le revenu;2;1;-1
120141;2013;Impôt sur le revenu;4;3;-1
120306;2013;Impôt sur le revenu;1;2;1
130217;2013;Impôt sur le revenu;2;3;1
140106;2013;Impôt sur le revenu;25;24;-1
150712;2013;Impôt sur le revenu;0;1;1
160205;2013;Impôt sur le revenu;16;17;1
160301;2013;Impôt sur le revenu;10;9;-1
180101;2013;Impôt sur le revenu;3;2;-1
180304;2013;Impôt sur le revenu;1;0;-1
200216;2013;Impôt sur le revenu et impôt sur les sociétés;4;3;-1
220104;2013;Impôt sur le revenu et impôt sur les sociétés;4;5;1
220105;2013;Impôt sur le revenu et impôt sur les sociétés;2;1;-1
230202;2013;Impôt sur le revenu et impôt sur les sociétés;1;0;-1
230203;2013;Impôt sur le revenu et impôt sur les sociétés;3;4;1
230403;2013;Impôt sur le revenu et impôt sur les sociétés;1;2;1
230509;2013;Impôt sur le revenu et impôt sur les sociétés;3;2;-1
300209;2013;Impôt sur les sociétés;5;6;1
320131;2013;Impôt sur les sociétés;0;1;1
320134;2013;Impôt sur les sociétés;0;1;1
320138;2013;Impôt sur les sociétés;2;3;1
330106;2013;Impôt sur les sociétés;1;0;-1
420107;2013;Autres impôts directs;11;12;1
530211;2013;Droits d'enregistrement et de timbre;1;0;-1
550101;2013;Droits d'enregistrement et de timbre;0;1;1
570102;2013;Droits d'enregistrement et de timbre;1;0;-1
570204;2013;Droits d'enregistrement et de timbre;0;1;1
700102;2013;Taxe sur la valeur ajoutée;1;2;1
710101;2013;Taxe sur la valeur ajoutée;0;1;1
730302;2013;Taxe sur la valeur ajoutée;6;5;-1
740105;2013;Taxe sur la valeur ajoutée;133;134;1
800103;2013;TICPE / produits énergétiques hors gaz et charbons;22;21;-1
820102;2013;TICFE / électricité;6;7;1
820103;2013;TICFE / électricité;7;6;-1
090201;2013;Impôts locaux;1;2;1
100202;2014;Impôt sur le revenu;6;7;1
110202;2014;Impôt sur le revenu;150;151;1
110205;2014;Impôt sur le revenu;10;9;-1
110228;2014;Impôt sur le revenu;25;24;-1
120139;2014;Impôt sur le revenu;0;1;1
120141;2014;Impôt sur le revenu;3;4;1
120142;2014;Impôt sur le revenu;14;15;1
130207;2014;Impôt sur le revenu;4;3;-1
130211;2014;Impôt sur le revenu;9;10;1
140126;2014;Impôt sur le revenu;2;3;1
140127;2014;Impôt sur le revenu;1;0;-1
140308;2014;Impôt sur le revenu;0;1;1
150712;2014;Impôt sur le revenu;1;2;1
160301;2014;Impôt sur le revenu;9;10;1
160302;2014;Impôt sur le revenu;12;13;1
180101;2014;Impôt sur le revenu;3;2;-1
180304;2014;Impôt sur le revenu;1;0;-1
230506;2014;Impôt sur le revenu et impôt sur les sociétés;2;3;1
230507;2014;Impôt sur le revenu et impôt sur les sociétés;1;0;-1
230509;2014;Impôt sur le revenu et impôt sur les sociétés;3;2;-1
230605;2014;Impôt sur le revenu et impôt sur les sociétés;1;2;1
300209;2014;Impôt sur les sociétés;5;6;1
520209;2014;Droits d'enregistrement et de timbre;2;3;1
530202;2014;Droits d'enregistrement et de timbre;1;0;-1
710101;2014;Taxe sur la valeur ajoutée;1;2;1
720206;2014;Taxe sur la valeur ajoutée;5;4;-1
730206;2014;Taxe sur la valeur ajoutée;155;156;1
730208;2014;Taxe sur la valeur ajoutée;28;27;-1
800103;2014;TICPE / produits énergétiques hors gaz et charbons;22;23;1
800404;2014;TICPE / produits énergétiques hors gaz et charbons;40;39;-1
820102;2014;TICFE / électricité;6;7;1
820103;2014;TICFE / électricité;6;5;-1
050109;2014;Impôts locaux;8;9;1
120308;2014;Impôt sur le revenu;0;1;1
520207;2014;Droits d'enregistrement et de timbre;1;0;-1
110205;2015;Impôt sur le revenu;10;9;-1
110229;2015;Impôt sur le revenu;2;1;-1
110240;2015;Impôt sur le revenu;12;13;1
110258;2015;Impôt sur le revenu;20;19;-1
110259;2015;Impôt sur le revenu;11;10;-1
120127;2015;Impôt sur le revenu;41;40;-1
120129;2015;Impôt sur le revenu;7;6;-1
120133;2015;Impôt sur le revenu;9;10;1
120139;2015;Impôt sur le revenu;0;1;1
120140;2015;Impôt sur le revenu;12;13;1
120141;2015;Impôt sur le revenu;3;4;1
120142;2015;Impôt sur le revenu;16;15;-1
120306;2015;Impôt sur le revenu;2;1;-1
130211;2015;Impôt sur le revenu;9;10;1
140103;2015;Impôt sur le revenu;50;49;-1
140308;2015;Impôt sur le revenu;0;1;1
150712;2015;Impôt sur le revenu;1;2;1
160301;2015;Impôt sur le revenu;9;8;-1
160302;2015;Impôt sur le revenu;12;13;1
200216;2015;Impôt sur le revenu et impôt sur les sociétés;2;3;1
210315;2015;Impôt sur le revenu et impôt sur les sociétés;44;45;1
220105;2015;Impôt sur le revenu et impôt sur les sociétés;1;0;-1
230507;2015;Impôt sur le revenu et impôt sur les sociétés;1;0;-1
230509;2015;Impôt sur le revenu et impôt sur les sociétés;2;3;1
230606;2015;Impôt sur le revenu et impôt sur les sociétés;5;6;1
320121;2015;Impôt sur les sociétés;65;66;1
320134;2015;Impôt sur les sociétés;2;1;-1
400108;2015;Autres impôts directs;50;49;-1
500101;2015;Droits d'enregistrement et de timbre;1;0;-1
530202;2015;Droits d'enregistrement et de timbre;0;1;1
530206;2015;Droits d'enregistrement et de timbre;7;6;-1
700102;2015;Taxe sur la valeur ajoutée;2;1;-1
730208;2015;Taxe sur la valeur ajoutée;26;27;1
730302;2015;Taxe sur la valeur ajoutée;8;7;-1
800108;2015;TICPE / produits énergétiques hors gaz et charbons;1;0;-1
820103;2015;TICFE / électricité;6;5;-1
060104;2015;Impôts locaux;3;2;-1
060203;2015;Impôts locaux;10;9;-1
090108;2015;Impôts locaux;15;16;1
090201;2015;Impôts locaux;2;3;1
120308;2015;Impôt sur le revenu;0;1;1
100105;2016;Impôt sur le revenu;1;2;1
100202;2016;Impôt sur le revenu;6;7;1
110202;2016;Impôt sur le revenu;155;154;-1
110229;2016;Impôt sur le revenu;2;1;-1
110240;2016;Impôt sur le revenu;14;15;1
110259;2016;Impôt sur le revenu;12;11;-1
110262;2016;Impôt sur le revenu;4;5;1
120139;2016;Impôt sur le revenu;1;2;1
120140;2016;Impôt sur le revenu;14;13;-1
130207;2016;Impôt sur le revenu;3;4;1
140103;2016;Impôt sur le revenu;37;36;-1
140105;2016;Impôt sur le revenu;38;37;-1
160302;2016;Impôt sur le revenu;13;14;1
180105;2016;Impôt sur le revenu;2;1;-1
200216;2016;Impôt sur le revenu et impôt sur les sociétés;5;4;-1
220105;2016;Impôt sur le revenu et impôt sur les sociétés;1;2;1
230403;2016;Impôt sur le revenu et impôt sur les sociétés;2;1;-1
230509;2016;Impôt sur le revenu et impôt sur les sociétés;2;3;1
230602;2016;Impôt sur le revenu et impôt sur les sociétés;120;119;-1
230604;2016;Impôt sur le revenu et impôt sur les sociétés;10;9;-1
320138;2016;Impôt sur les sociétés;3;2;-1
400112;2016;Autres impôts directs;60;61;1
510101;2016;Droits d'enregistrement et de timbre;0;1;1
530212;2016;Droits d'enregistrement et de timbre;3;4;1
710101;2016;Taxe sur la valeur ajoutée;2;1;-1
720206;2016;Taxe sur la valeur ajoutée;4;5;1
730302;2016;Taxe sur la valeur ajoutée;7;6;-1
800103;2016;TICPE / produits énergétiques hors gaz et charbons;30;29;-1
800114;2016;TICPE / produits énergétiques hors gaz et charbons;11;12;1
050109;2016;Impôts locaux;9;8;-1
070203;2016;Impôts locaux;38;37;-1
120308;2016;Impôt sur le revenu;1;2;1
350101;2016;Impôt sur les sociétés;2;3;1
100201;2017;Impôt sur le revenu;315;316;1
100202;2017;Impôt sur le revenu;6;7;1
110226;2017;Impôt sur le revenu;5;6;1
110234;2017;Impôt sur le revenu;5;4;-1
110238;2017;Impôt sur le revenu;1;0;-1
110240;2017;Impôt sur le revenu;16;17;1
110257;2017;Impôt sur le revenu;1;0;-1
110259;2017;Impôt sur le revenu;10;11;1
120111;2017;Impôt sur le revenu;375;374;-1
120129;2017;Impôt sur le revenu;4;5;1
120139;2017;Impôt sur le revenu;2;3;1
120140;2017;Impôt sur le revenu;11;10;-1
130204;2017;Impôt sur le revenu;45;44;-1
140104;2017;Impôt sur le revenu;125;124;-1
140126;2017;Impôt sur le revenu;4;3;-1
140308;2017;Impôt sur le revenu;1;0;-1
140309;2017;Impôt sur le revenu;1;0;-1
160206;2017;Impôt sur le revenu;1;0;-1
180105;2017;Impôt sur le revenu;2;1;-1
200217;2017;Impôt sur le revenu et impôt sur les sociétés;4;5;1
210312;2017;Impôt sur le revenu et impôt sur les sociétés;22;23;1
230203;2017;Impôt sur le revenu et impôt sur les sociétés;7;6;-1
230403;2017;Impôt sur le revenu et impôt sur les sociétés;0;1;1
230510;2017;Impôt sur le revenu et impôt sur les sociétés;1;0;-1
230606;2017;Impôt sur le revenu et impôt sur les sociétés;7;6;-1
320138;2017;Impôt sur les sociétés;3;2;-1
500101;2017;Droits d'enregistrement et de timbre;0;1;1
520105;2017;Droits d'enregistrement et de timbre;0;1;1
520112;2017;Droits d'enregistrement et de timbre;21;20;-1
520118;2017;Droits d'enregistrement et de timbre;6;7;1
520209;2017;Droits d'enregistrement et de timbre;2;1;-1
530202;2017;Droits d'enregistrement et de timbre;1;0;-1
550103;2017;Droits d'enregistrement et de timbre;33;32;-1
720206;2017;Taxe sur la valeur ajoutée;5;4;-1
730212;2017;Taxe sur la valeur ajoutée;25;24;-1
730302;2017;Taxe sur la valeur ajoutée;7;6;-1
800103;2017;TICPE / produits énergétiques hors gaz et charbons;35;34;-1
800114;2017;TICPE / produits énergétiques hors gaz et charbons;15;16;1
800203;2017;TICPE / produits énergétiques hors gaz et charbons;103;102;-1
800208;2017;TICPE / produits énergétiques hors gaz et charbons;65;66;1
090101;2017;Impôts locaux;1;0;-1
090108;2017;Impôts locaux;13;14;1
120308;2017;Impôt sur le revenu;2;3;1
160104;2017;Impôt sur le revenu;10;11;1
110205;2018;Impôt sur le revenu;9;8;-1
110216;2018;Impôt sur le revenu;57;58;1
110229;2018;Impôt sur le revenu;1;0;-1
110240;2018;Impôt sur le revenu;17;18;1
110244;2018;Impôt sur le revenu;28;29;1
110248;2018;Impôt sur le revenu;0;1;1
110261;2018;Impôt sur le revenu;554;555;1
110262;2018;Impôt sur le revenu;5;6;1
120123;2018;Impôt sur le revenu;55;56;1
120139;2018;Impôt sur le revenu;3;4;1
120140;2018;Impôt sur le revenu;7;6;-1
120143;2018;Impôt sur le revenu;0;1;1
120145;2018;Impôt sur le revenu;11;10;-1
120306;2018;Impôt sur le revenu;1;2;1
120402;2018;Impôt sur le revenu;0;1;1
130204;2018;Impôt sur le revenu;45;44;-1
140102;2018;Impôt sur le revenu;278;277;-1
140105;2018;Impôt sur le revenu;31;30;-1
140308;2018;Impôt sur le revenu;1;0;-1
150712;2018;Impôt sur le revenu;5;4;-1
160301;2018;Impôt sur le revenu;8;7;-1
160302;2018;Impôt sur le revenu;14;13;-1
200214;2018;Impôt sur le revenu et impôt sur les sociétés;2;3;1
230303;2018;Impôt sur le revenu et impôt sur les sociétés;3;2;-1
230510;2018;Impôt sur le revenu et impôt sur les sociétés;1;0;-1
300111;2018;Impôt sur les sociétés;9;10;1
320141;2018;Impôt sur les sociétés;2;3;1
520111;2018;Droits d'enregistrement et de timbre;0;1;1
520112;2018;Droits d'enregistrement et de timbre;21;20;-1
530206;2018;Droits d'enregistrement et de timbre;7;6;-1
550103;2018;Droits d'enregistrement et de timbre;33;32;-1
730208;2018;Taxe sur la valeur ajoutée;30;31;1
800117;2018;TICPE / produits énergétiques hors gaz et charbons;44;45;1
950102;2018;Autres droits;14;15;1
050109;2018;Impôts locaux;9;10;1
050203;2018;Impôts locaux;1;0;-1
060108;2018;Impôts locaux;7;8;1
090108;2018;Impôts locaux;14;15;1
110205;2019;Impôt sur le revenu;8;7;-1
120133;2019;Impôt sur le revenu;8;7;-1
120141;2019;Impôt sur le revenu;2;1;-1
120145;2019;Impôt sur le revenu;10;11;1
140103;2019;Impôt sur le revenu;17;16;-1
140106;2019;Impôt sur le revenu;6;5;-1
160204;2019;Impôt sur le revenu;24;25;1
160205;2019;Impôt sur le revenu;23;24;1
210203;2019;Impôt sur le revenu et impôt sur les sociétés;4;3;-1
230303;2019;Impôt sur le revenu et impôt sur les sociétés;2;1;-1
230604;2019;Impôt sur le revenu et impôt sur les sociétés;10;11;1
320134;2019;Impôt sur les sociétés;1;0;-1
320138;2019;Impôt sur les sociétés;2;3;1
320141;2019;Impôt sur les sociétés;3;4;1
440103;2019;Autres impôts directs;10;9;-1
520105;2019;Droits d'enregistrement et de timbre;1;0;-1
520111;2019;Droits d'enregistrement et de timbre;0;1;1
530208;2019;Droits d'enregistrement et de timbre;1;2;1
720201;2019;Taxe sur la valeur ajoutée;6;5;-1
720206;2019;Taxe sur la valeur ajoutée;5;4;-1
730208;2019;Taxe sur la valeur ajoutée;33;34;1
820202;2019;TICFE / électricité;104;105;1
040108;2019;Impôts locaux;22;23;1
050203;2019;Impôts locaux;1;0;-1
060108;2019;Impôts locaux;8;9;1
110218;2020;Impôt sur le revenu;32;31;-1
110226;2020;Impôt sur le revenu;5;4;-1
110236;2020;Impôt sur le revenu;52;51;-1
120129;2020;Impôt sur le revenu;0;1;1
120144;2020;Impôt sur le revenu;28;29;1
120145;2020;Impôt sur le revenu;12;11;-1
120146;2020;Impôt sur le revenu;1880;1879;-1
120201;2020;Impôt sur le revenu;60;59;-1
130217;2020;Impôt sur le revenu;3;2;-1
140103;2020;Impôt sur le revenu;16;17;1
140122;2020;Impôt sur le revenu;7;8;1
140126;2020;Impôt sur le revenu;3;2;-1
160301;2020;Impôt sur le revenu;7;6;-1
230203;2020;Impôt sur le revenu et impôt sur les sociétés;3;2;-1
230303;2020;Impôt sur le revenu et impôt sur les sociétés;2;1;-1
230403;2020;Impôt sur le revenu et impôt sur les sociétés;1;2;1
230605;2020;Impôt sur le revenu et impôt sur les sociétés;4;3;-1
230606;2020;Impôt sur le revenu et impôt sur les sociétés;7;8;1
230608;2020;Impôt sur le revenu et impôt sur les sociétés;1;2;1
230609;2020;Impôt sur le revenu et impôt sur les sociétés;1;0;-1
300110;2020;Impôt sur les sociétés;8;7;-1
320134;2020;Impôt sur les sociétés;1;0;-1
520114;2020;Droits d'enregistrement et de timbre;0;1;1
520118;2020;Droits d'enregistrement et de timbre;9;8;-1
530208;2020;Droits d'enregistrement et de timbre;1;2;1
710101;2020;Taxe sur la valeur ajoutée;1;0;-1
720206;2020;Taxe sur la valeur ajoutée;5;4;-1
730212;2020;Taxe sur la valeur ajoutée;24;25;1
730302;2020;Taxe sur la valeur ajoutée;11;10;-1
740102;2020;Taxe sur la valeur ajoutée;15;14;-1
800214;2020;TICPE / produits énergétiques hors gaz et charbons;0;1;1
820205;2020;TICFE / électricité;5;4;-1
040111;2020;Impôts locaux;1;0;-1
050106;2020;Impôts locaux;68;67;-1
050201;2020;Impôts locaux;40;41;1
090109;2020;Impôts locaux;4;3;-1
090113;2020;Impôts locaux;1;0;-1
110226;2021;Impôt sur le revenu;5;4;-1
110244;2021;Impôt sur le revenu;28;29;1
110248;2021;Impôt sur le revenu;0;1;1
110256;2021;Impôt sur le revenu;34;33;-1
110264;2021;Impôt sur le revenu;0;1;1
120133;2021;Impôt sur le revenu;7;6;-1
120139;2021;Impôt sur le revenu;4;5;1
120141;2021;Impôt sur le revenu;1;0;-1
120142;2021;Impôt sur le revenu;17;16;-1
120143;2021;Impôt sur le revenu;1;2;1
120145;2021;Impôt sur le revenu;12;11;-1
120509;2021;Impôt sur le revenu;0;1;1
130217;2021;Impôt sur le revenu;3;2;-1
140103;2021;Impôt sur le revenu;11;12;1
140122;2021;Impôt sur le revenu;6;5;-1
140126;2021;Impôt sur le revenu;1;2;1
140309;2021;Impôt sur le revenu;4;3;-1
160204;2021;Impôt sur le revenu;25;24;-1
210327;2021;Impôt sur le revenu et impôt sur les sociétés;0;1;1
230409;2021;Impôt sur le revenu et impôt sur les sociétés;6;5;-1
230410;2021;Impôt sur le revenu et impôt sur les sociétés;9;10;1
230604;2021;Impôt sur le revenu et impôt sur les sociétés;11;12;1
230605;2021;Impôt sur le revenu et impôt sur les sociétés;3;2;-1
230606;2021;Impôt sur le revenu et impôt sur les sociétés;6;5;-1
300110;2021;Impôt sur les sociétés;10;9;-1
300111;2021;Impôt sur les sociétés;4;5;1
300209;2021;Impôt sur les sociétés;6;5;-1
320128;2021;Impôt sur les sociétés;11;12;1
320134;2021;Impôt sur les sociétés;0;1;1
320143;2021;Impôt sur les sociétés;0;1;1
440103;2021;Autres impôts directs;9;8;-1
520105;2021;Droits d'enregistrement et de timbre;0;1;1
520114;2021;Droits d'enregistrement et de timbre;0;1;1
520118;2021;Droits d'enregistrement et de timbre;9;10;1
530207;2021;Droits d'enregistrement et de timbre;7;6;-1
710101;2021;Taxe sur la valeur ajoutée;1;0;-1
710102;2021;Taxe sur la valeur ajoutée;189;190;1
800214;2021;TICPE / produits énergétiques hors gaz et charbons;0;1;1
830203;2021;TICGN / gaz naturels;0;1;1
060102;2021;Impôts locaux;107;106;-1
060108;2021;Impôts locaux;9;8;-1
090108;2021;Impôts locaux;17;18;1
090109;2021;Impôts locaux;3;2;-1
090113;2021;Impôts locaux;1;0;-1
100101;2022;Impôt sur le revenu;24;25;1
110205;2022;Impôt sur le revenu;8;7;-1
110213;2022;Impôt sur le revenu;263;262;-1
110245;2022;Impôt sur le revenu;8;7;-1
110259;2022;Impôt sur le revenu;1;2;1
110260;2022;Impôt sur le revenu;4;3;-1
110266;2022;Impôt sur le revenu;10;9;-1
120129;2022;Impôt sur le revenu;1;0;-1
120133;2022;Impôt sur le revenu;7;6;-1
120141;2022;Impôt sur le revenu;1;0;-1
120142;2022;Impôt sur le revenu;18;17;-1
120143;2022;Impôt sur le revenu;1;2;1
130214;2022;Impôt sur le revenu;25;24;-1
130217;2022;Impôt sur le revenu;2;1;-1
140122;2022;Impôt sur le revenu;6;5;-1
140126;2022;Impôt sur le revenu;2;3;1
140309;2022;Impôt sur le revenu;3;4;1
150403;2022;Impôt sur le revenu;5;6;1
160201;2022;Impôt sur le revenu;1;0;-1
170201;2022;Impôt sur le revenu;55;56;1
180105;2022;Impôt sur le revenu;1;2;1
180309;2022;Impôt sur le revenu;3;4;1
200403;2022;Impôt sur le revenu et impôt sur les sociétés;2;3;1
210321;2022;Impôt sur le revenu et impôt sur les sociétés;30;29;-1
210329;2022;Impôt sur le revenu et impôt sur les sociétés;45;46;1
230104;2022;Impôt sur le revenu et impôt sur les sociétés;1;0;-1
230105;2022;Impôt sur le revenu et impôt sur les sociétés;0;1;1
230303;2022;Impôt sur le revenu et impôt sur les sociétés;0;1;1
230409;2022;Impôt sur le revenu et impôt sur les sociétés;4;5;1
230602;2022;Impôt sur le revenu et impôt sur les sociétés;75;76;1
230605;2022;Impôt sur le revenu et impôt sur les sociétés;3;2;-1
300303;2022;Impôt sur les sociétés;0;1;1
320134;2022;Impôt sur les sociétés;0;1;1
320138;2022;Impôt sur les sociétés;0;1;1
320143;2022;Impôt sur les sociétés;0;1;1
440103;2022;Autres impôts directs;8;9;1
520105;2022;Droits d'enregistrement et de timbre;0;1;1
710107;2022;Taxe sur la valeur ajoutée;1;0;-1
720201;2022;Taxe sur la valeur ajoutée;4;3;-1
940201;2022;Autres droits;0;1;1
050109;2022;Impôts locaux;11;12;1
060108;2022;Impôts locaux;9;10;1
090108;2022;Impôts locaux;17;18;1
090109;2022;Impôts locaux;3;2;-1
100101;2023;Impôt sur le revenu;24;23;-1
100105;2023;Impôt sur le revenu;2;3;1
100202;2023;Impôt sur le revenu;2;3;1
110109;2023;Impôt sur le revenu;158;159;1
110202;2023;Impôt sur le revenu;144;143;-1
110228;2023;Impôt sur le revenu;17;16;-1
110245;2023;Impôt sur le revenu;7;6;-1
110258;2023;Impôt sur le revenu;1;0;-1
110266;2023;Impôt sur le revenu;8;9;1
110267;2023;Impôt sur le revenu;3;2;-1
110268;2023;Impôt sur le revenu;13;12;-1
120139;2023;Impôt sur le revenu;6;7;1
120140;2023;Impôt sur le revenu;3;2;-1
120143;2023;Impôt sur le revenu;2;1;-1
130204;2023;Impôt sur le revenu;25;24;-1
130213;2023;Impôt sur le revenu;0;1;1
130214;2023;Impôt sur le revenu;25;24;-1
140103;2023;Impôt sur le revenu;35;36;1
140126;2023;Impôt sur le revenu;2;3;1
140308;2023;Impôt sur le revenu;2;1;-1
160302;2023;Impôt sur le revenu;6;7;1
180309;2023;Impôt sur le revenu;3;4;1
200403;2023;Impôt sur le revenu et impôt sur les sociétés;4;5;1
210203;2023;Impôt sur le revenu et impôt sur les sociétés;3;4;1
230303;2023;Impôt sur le revenu et impôt sur les sociétés;0;1;1
230403;2023;Impôt sur le revenu et impôt sur les sociétés;1;0;-1
230606;2023;Impôt sur le revenu et impôt sur les sociétés;6;5;-1
230608;2023;Impôt sur le revenu et impôt sur les sociétés;3;2;-1
320115;2023;Impôt sur les sociétés;20;21;1
320134;2023;Impôt sur les sociétés;1;0;-1
320138;2023;Impôt sur les sociétés;1;0;-1
320143;2023;Impôt sur les sociétés;1;2;1
440102;2023;Autres impôts directs;43;44;1
710107;2023;Taxe sur la valeur ajoutée;1;0;-1
720201;2023;Taxe sur la valeur ajoutée;4;3;-1
720203;2023;Taxe sur la valeur ajoutée;1;0;-1
740103;2023;Taxe sur la valeur ajoutée;7;6;-1
830101;2023;TICGN / gaz naturels;3;4;1
040108;2023;Impôts locaux;21;20;-1
050101;2023;Impôts locaux;28;29;1
050109;2023;Impôts locaux;12;13;1
050110;2023;Impôts locaux;1;0;-1
060203;2023;Impôts locaux;7;8;1
090109;2023;Impôts locaux;2;1;-1
100105;2009;Impôt sur le revenu;1;1;0
100202;2009;Impôt sur le revenu;5;5;0
110102;2009;Impôt sur le revenu;1700;1700;0
110205;2009;Impôt sur le revenu;10;10;0
110233;2009;Impôt sur le revenu;0;0;0
110234;2009;Impôt sur le revenu;6;6;0
110239;2009;Impôt sur le revenu;0;0;0
110241;2009;Impôt sur le revenu;0;0;0
110243;2009;Impôt sur le revenu;0;0;0
120101;2009;Impôt sur le revenu;1;1;0
120104;2009;Impôt sur le revenu;0;0;0
120113;2009;Impôt sur le revenu;60;60;0
120116;2009;Impôt sur le revenu;5;5;0
120121;2009;Impôt sur le revenu;0;0;0
120123;2009;Impôt sur le revenu;20;20;0
120127;2009;Impôt sur le revenu;20;20;0
120129;2009;Impôt sur le revenu;0;0;0
120132;2009;Impôt sur le revenu;50;50;0
120133;2009;Impôt sur le revenu;10;10;0
120135;2009;Impôt sur le revenu;0;0;0
120137;2009;Impôt sur le revenu;3;3;0
120208;2009;Impôt sur le revenu;0;0;0
120301;2009;Impôt sur le revenu;1;1;0
120306;2009;Impôt sur le revenu;2;2;0
120307;2009;Impôt sur le revenu;0;0;0
120501;2009;Impôt sur le revenu;140;140;0
120506;2009;Impôt sur le revenu;0;0;0
120507;2009;Impôt sur le revenu;0;0;0
120508;2009;Impôt sur le revenu;0;0;0
130204;2009;Impôt sur le revenu;50;50;0
130207;2009;Impôt sur le revenu;45;45;0
130301;2009;Impôt sur le revenu;0;0;0
130302;2009;Impôt sur le revenu;40;40;0
140109;2009;Impôt sur le revenu;300;300;0
140110;2009;Impôt sur le revenu;0;0;0
140124;2009;Impôt sur le revenu;0;0;0
140125;2009;Impôt sur le revenu;10;10;0
140308;2009;Impôt sur le revenu;0;0;0
150118;2009;Impôt sur le revenu;10;10;0
150119;2009;Impôt sur le revenu;0;0;0
150403;2009;Impôt sur le revenu;0;0;0
150405;2009;Impôt sur le revenu;5;5;0
150514;2009;Impôt sur le revenu;2;2;0
150706;2009;Impôt sur le revenu;0;0;0
150710;2009;Impôt sur le revenu;0;0;0
160102;2009;Impôt sur le revenu;1;1;0
160103;2009;Impôt sur le revenu;0;0;0
160203;2009;Impôt sur le revenu;1;1;0
160204;2009;Impôt sur le revenu;5;5;0
160205;2009;Impôt sur le revenu;15;15;0
160301;2009;Impôt sur le revenu;10;10;0
160302;2009;Impôt sur le revenu;10;10;0
160406;2009;Impôt sur le revenu;1;1;0
170501;2009;Impôt sur le revenu;1;1;0
180104;2009;Impôt sur le revenu;0;0;0
180304;2009;Impôt sur le revenu;0;0;0
180305;2009;Impôt sur le revenu;2;2;0
180306;2009;Impôt sur le revenu;0;0;0
180307;2009;Impôt sur le revenu;0;0;0
180308;2009;Impôt sur le revenu;0;0;0
200206;2009;Impôt sur le revenu et impôt sur les sociétés;0;0;0
200207;2009;Impôt sur le revenu et impôt sur les sociétés;3;3;0
200216;2009;Impôt sur le revenu et impôt sur les sociétés;0;0;0
210203;2009;Impôt sur le revenu et impôt sur les sociétés;3;3;0
210306;2009;Impôt sur le revenu et impôt sur les sociétés;0;0;0
210313;2009;Impôt sur le revenu et impôt sur les sociétés;700;700;0
210317;2009;Impôt sur le revenu et impôt sur les sociétés;0;0;0
220301;2009;Impôt sur le revenu et impôt sur les sociétés;0;0;0
230202;2009;Impôt sur le revenu et impôt sur les sociétés;0;0;0
230403;2009;Impôt sur le revenu et impôt sur les sociétés;0;0;0
230405;2009;Impôt sur le revenu et impôt sur les sociétés;0;0;0
230408;2009;Impôt sur le revenu et impôt sur les sociétés;0;0;0
230506;2009;Impôt sur le revenu et impôt sur les sociétés;1;1;0
230507;2009;Impôt sur le revenu et impôt sur les sociétés;0;0;0
230509;2009;Impôt sur le revenu et impôt sur les sociétés;0;0;0
300101;2009;Impôt sur les sociétés;50;50;0
300109;2009;Impôt sur les sociétés;0;0;0
300110;2009;Impôt sur les sociétés;0;0;0
300207;2009;Impôt sur les sociétés;0;0;0
300208;2009;Impôt sur les sociétés;5;5;0
300209;2009;Impôt sur les sociétés;5;5;0
300210;2009;Impôt sur les sociétés;3;3;0
300303;2009;Impôt sur les sociétés;0;0;0
310204;2009;Impôt sur les sociétés;0;0;0
310205;2009;Impôt sur les sociétés;0;0;0
320105;2009;Impôt sur les sociétés;10;10;0
320106;2009;Impôt sur les sociétés;0;0;0
320108;2009;Impôt sur les sociétés;3;3;0
320115;2009;Impôt sur les sociétés;10;10;0
320122;2009;Impôt sur les sociétés;0;0;0
320126;2009;Impôt sur les sociétés;0;0;0
320131;2009;Impôt sur les sociétés;0;0;0
320133;2009;Impôt sur les sociétés;1;1;0
320134;2009;Impôt sur les sociétés;0;0;0
320138;2009;Impôt sur les sociétés;1;1;0
400301;2009;Autres impôts directs;0;0;0
500101;2009;Droits d'enregistrement et de timbre;1;1;0
520111;2009;Droits d'enregistrement et de timbre;0;0;0
520114;2009;Droits d'enregistrement et de timbre;0;0;0
520116;2009;Droits d'enregistrement et de timbre;0;0;0
520118;2009;Droits d'enregistrement et de timbre;2;2;0
520209;2009;Droits d'enregistrement et de timbre;1;1;0
520302;2009;Droits d'enregistrement et de timbre;0;0;0
530101;2009;Droits d'enregistrement et de timbre;0;0;0
530206;2009;Droits d'enregistrement et de timbre;5;5;0
530207;2009;Droits d'enregistrement et de timbre;0;0;0
530208;2009;Droits d'enregistrement et de timbre;2;2;0
530209;2009;Droits d'enregistrement et de timbre;0;0;0
530211;2009;Droits d'enregistrement et de timbre;0;0;0
540101;2009;Droits d'enregistrement et de timbre;0;0;0
550101;2009;Droits d'enregistrement et de timbre;0;0;0
550102;2009;Droits d'enregistrement et de timbre;0;0;0
550103;2009;Droits d'enregistrement et de timbre;5;5;0
570202;2009;Droits d'enregistrement et de timbre;0;0;0
580102;2009;Droits d'enregistrement et de timbre;20;20;0
700102;2009;Taxe sur la valeur ajoutée;1;1;0
710101;2009;Taxe sur la valeur ajoutée;0;0;0
720107;2009;Taxe sur la valeur ajoutée;600;600;0
720201;2009;Taxe sur la valeur ajoutée;5;5;0
720202;2009;Taxe sur la valeur ajoutée;0;0;0
720203;2009;Taxe sur la valeur ajoutée;1;1;0
720206;2009;Taxe sur la valeur ajoutée;10;10;0
730208;2009;Taxe sur la valeur ajoutée;40;40;0
730306;2009;Taxe sur la valeur ajoutée;185;185;0
800104;2009;TICPE / produits énergétiques hors gaz et charbons;0;0;0
800111;2009;TICPE / produits énergétiques hors gaz et charbons;0;0;0
800203;2009;TICPE / produits énergétiques hors gaz et charbons;6;6;0
800204;2009;TICPE / produits énergétiques hors gaz et charbons;0;0;0
800206;2009;TICPE / produits énergétiques hors gaz et charbons;0;0;0
800302;2009;TICPE / produits énergétiques hors gaz et charbons;1;1;0
800406;2009;TICPE / produits énergétiques hors gaz et charbons;0;0;0
960102;2009;Autres droits;0;0;0
050102;2009;Impôts locaux;4;4;0
050103;2009;Impôts locaux;3;3;0
050107;2009;Impôts locaux;0;0;0
060104;2009;Impôts locaux;2;2;0
060105;2009;Impôts locaux;0;0;0
060106;2009;Impôts locaux;1;1;0
060107;2009;Impôts locaux;0;0;0
080101;2009;Impôts locaux;1;1;0
080108;2009;Impôts locaux;0;0;0
080207;2009;Impôts locaux;0;0;0
110211;2010;Impôt sur le revenu;30;30;0
110214;2010;Impôt sur le revenu;1250;1250;0
110229;2010;Impôt sur le revenu;2;2;0
110233;2010;Impôt sur le revenu;0;0;0
110241;2010;Impôt sur le revenu;0;0;0
110242;2010;Impôt sur le revenu;195;195;0
110243;2010;Impôt sur le revenu;0;0;0
110253;2010;Impôt sur le revenu;0;0;0
110255;2010;Impôt sur le revenu;0;0;0
110302;2010;Impôt sur le revenu;290;290;0
120101;2010;Impôt sur le revenu;1;1;0
120104;2010;Impôt sur le revenu;0;0;0
120112;2010;Impôt sur le revenu;50;50;0
120113;2010;Impôt sur le revenu;100;100;0
120115;2010;Impôt sur le revenu;50;50;0
120116;2010;Impôt sur le revenu;5;5;0
120121;2010;Impôt sur le revenu;0;0;0
120123;2010;Impôt sur le revenu;20;20;0
120126;2010;Impôt sur le revenu;200;200;0
120127;2010;Impôt sur le revenu;20;20;0
120129;2010;Impôt sur le revenu;0;0;0
120137;2010;Impôt sur le revenu;3;3;0
120139;2010;Impôt sur le revenu;0;0;0
120142;2010;Impôt sur le revenu;10;10;0
120202;2010;Impôt sur le revenu;1600;1600;0
120205;2010;Impôt sur le revenu;100;100;0
120208;2010;Impôt sur le revenu;0;0;0
120211;2010;Impôt sur le revenu;0;0;0
120301;2010;Impôt sur le revenu;1;1;0
120306;2010;Impôt sur le revenu;1;1;0
120307;2010;Impôt sur le revenu;0;0;0
120501;2010;Impôt sur le revenu;140;140;0
120507;2010;Impôt sur le revenu;0;0;0
120508;2010;Impôt sur le revenu;0;0;0
130215;2010;Impôt sur le revenu;15;15;0
130301;2010;Impôt sur le revenu;0;0;0
140109;2010;Impôt sur le revenu;300;300;0
140110;2010;Impôt sur le revenu;0;0;0
140124;2010;Impôt sur le revenu;0;0;0
140125;2010;Impôt sur le revenu;10;10;0
140126;2010;Impôt sur le revenu;0;0;0
140308;2010;Impôt sur le revenu;0;0;0
150403;2010;Impôt sur le revenu;0;0;0
150405;2010;Impôt sur le revenu;5;5;0
150512;2010;Impôt sur le revenu;1;1;0
150514;2010;Impôt sur le revenu;2;2;0
150701;2010;Impôt sur le revenu;150;150;0
150706;2010;Impôt sur le revenu;0;0;0
150710;2010;Impôt sur le revenu;0;0;0
150712;2010;Impôt sur le revenu;0;0;0
160102;2010;Impôt sur le revenu;1;1;0
160103;2010;Impôt sur le revenu;0;0;0
160203;2010;Impôt sur le revenu;1;1;0
160204;2010;Impôt sur le revenu;5;5;0
160206;2010;Impôt sur le revenu;0;0;0
160302;2010;Impôt sur le revenu;10;10;0
160406;2010;Impôt sur le revenu;1;1;0
170501;2010;Impôt sur le revenu;1;1;0
180105;2010;Impôt sur le revenu;0;0;0
180304;2010;Impôt sur le revenu;0;0;0
180305;2010;Impôt sur le revenu;2;2;0
180306;2010;Impôt sur le revenu;0;0;0
180307;2010;Impôt sur le revenu;0;0;0
180308;2010;Impôt sur le revenu;0;0;0
190101;2010;Impôt sur le revenu;800;800;0
200206;2010;Impôt sur le revenu et impôt sur les sociétés;0;0;0
200216;2010;Impôt sur le revenu et impôt sur les sociétés;2;2;0
200304;2010;Impôt sur le revenu et impôt sur les sociétés;1;1;0
210306;2010;Impôt sur le revenu et impôt sur les sociétés;0;0;0
230204;2010;Impôt sur le revenu et impôt sur les sociétés;3;3;0
230303;2010;Impôt sur le revenu et impôt sur les sociétés;4;4;0
230304;2010;Impôt sur le revenu et impôt sur les sociétés;0;0;0
230403;2010;Impôt sur le revenu et impôt sur les sociétés;0;0;0
230408;2010;Impôt sur le revenu et impôt sur les sociétés;0;0;0
230506;2010;Impôt sur le revenu et impôt sur les sociétés;1;1;0
230507;2010;Impôt sur le revenu et impôt sur les sociétés;0;0;0
300101;2010;Impôt sur les sociétés;50;50;0
300105;2010;Impôt sur les sociétés;1;1;0
300109;2010;Impôt sur les sociétés;0;0;0
300110;2010;Impôt sur les sociétés;0;0;0
300207;2010;Impôt sur les sociétés;0;0;0
300208;2010;Impôt sur les sociétés;5;5;0
300209;2010;Impôt sur les sociétés;5;5;0
300211;2010;Impôt sur les sociétés;40;40;0
300302;2010;Impôt sur les sociétés;0;0;0
300303;2010;Impôt sur les sociétés;0;0;0
310203;2010;Impôt sur les sociétés;0;0;0
310204;2010;Impôt sur les sociétés;0;0;0
310205;2010;Impôt sur les sociétés;0;0;0
320105;2010;Impôt sur les sociétés;10;10;0
320106;2010;Impôt sur les sociétés;0;0;0
320108;2010;Impôt sur les sociétés;3;3;0
320111;2010;Impôt sur les sociétés;0;0;0
320115;2010;Impôt sur les sociétés;10;10;0
320126;2010;Impôt sur les sociétés;0;0;0
320131;2010;Impôt sur les sociétés;0;0;0
400108;2010;Autres impôts directs;50;50;0
400113;2010;Autres impôts directs;5;5;0
400301;2010;Autres impôts directs;0;0;0
420106;2010;Autres impôts directs;1;1;0
520111;2010;Droits d'enregistrement et de timbre;0;0;0
520114;2010;Droits d'enregistrement et de timbre;0;0;0
520116;2010;Droits d'enregistrement et de timbre;0;0;0
520117;2010;Droits d'enregistrement et de timbre;1;1;0
520118;2010;Droits d'enregistrement et de timbre;2;2;0
520209;2010;Droits d'enregistrement et de timbre;1;1;0
520302;2010;Droits d'enregistrement et de timbre;0;0;0
530101;2010;Droits d'enregistrement et de timbre;0;0;0
530206;2010;Droits d'enregistrement et de timbre;5;5;0
530207;2010;Droits d'enregistrement et de timbre;0;0;0
530208;2010;Droits d'enregistrement et de timbre;2;2;0
530209;2010;Droits d'enregistrement et de timbre;0;0;0
530211;2010;Droits d'enregistrement et de timbre;0;0;0
530212;2010;Droits d'enregistrement et de timbre;15;15;0
540101;2010;Droits d'enregistrement et de timbre;0;0;0
550101;2010;Droits d'enregistrement et de timbre;0;0;0
550102;2010;Droits d'enregistrement et de timbre;0;0;0
550103;2010;Droits d'enregistrement et de timbre;5;5;0
570102;2010;Droits d'enregistrement et de timbre;1;1;0
570202;2010;Droits d'enregistrement et de timbre;0;0;0
580102;2010;Droits d'enregistrement et de timbre;20;20;0
700102;2010;Taxe sur la valeur ajoutée;1;1;0
710101;2010;Taxe sur la valeur ajoutée;0;0;0
710104;2010;Taxe sur la valeur ajoutée;100;100;0
720108;2010;Taxe sur la valeur ajoutée;2;2;0
720202;2010;Taxe sur la valeur ajoutée;0;0;0
720203;2010;Taxe sur la valeur ajoutée;1;1;0
720206;2010;Taxe sur la valeur ajoutée;10;10;0
730220;2010;Taxe sur la valeur ajoutée;10;10;0
730221;2010;Taxe sur la valeur ajoutée;3000;3000;0
800104;2010;TICPE / produits énergétiques hors gaz et charbons;0;0;0
800111;2010;TICPE / produits énergétiques hors gaz et charbons;0;0;0
800114;2010;TICPE / produits énergétiques hors gaz et charbons;3;3;0
800115;2010;TICPE / produits énergétiques hors gaz et charbons;2;2;0
800203;2010;TICPE / produits énergétiques hors gaz et charbons;6;6;0
800204;2010;TICPE / produits énergétiques hors gaz et charbons;0;0;0
800302;2010;TICPE / produits énergétiques hors gaz et charbons;1;1;0
800406;2010;TICPE / produits énergétiques hors gaz et charbons;0;0;0
920201;2010;Autres droits;0;0;0
920202;2010;Autres droits;0;0;0
920301;2010;Autres droits;5;5;0
960102;2010;Autres droits;0;0;0
970101;2010;Autres droits;0;0;0
050201;2010;Impôts locaux;70;70;0
060104;2010;Impôts locaux;2;2;0
060108;2010;Impôts locaux;10;10;0
060203;2010;Impôts locaux;12;12;0
150702;2010;Impôt sur le revenu;180;180;0
160104;2010;Impôt sur le revenu;5;5;0
160403;2010;Impôt sur le revenu;0;0;0
160405;2010;Impôt sur le revenu;0;0;0
190203;2010;Impôt sur le revenu;10;10;0
190206;2010;Impôt sur le revenu;20;20;0
350101;2010;Impôt sur les sociétés;5;5;0
520207;2010;Droits d'enregistrement et de timbre;1;1;0
520208;2010;Droits d'enregistrement et de timbre;3;3;0
800102;2010;TICPE / produits énergétiques hors gaz et charbons;105;105;0
100105;2011;Impôt sur le revenu;1;1;0
110102;2011;Impôt sur le revenu;1440;1440;0
110104;2011;Impôt sur le revenu;340;340;0
110107;2011;Impôt sur le revenu;80;80;0
110109;2011;Impôt sur le revenu;100;100;0
110202;2011;Impôt sur le revenu;130;130;0
110205;2011;Impôt sur le revenu;10;10;0
110224;2011;Impôt sur le revenu;700;700;0
110226;2011;Impôt sur le revenu;8;8;0
110229;2011;Impôt sur le revenu;2;2;0
110234;2011;Impôt sur le revenu;6;6;0
110238;2011;Impôt sur le revenu;4;4;0
110239;2011;Impôt sur le revenu;0;0;0
110241;2011;Impôt sur le revenu;0;0;0
110243;2011;Impôt sur le revenu;0;0;0
110248;2011;Impôt sur le revenu;0;0;0
110255;2011;Impôt sur le revenu;0;0;0
110257;2011;Impôt sur le revenu;0;0;0
120101;2011;Impôt sur le revenu;1;1;0
120104;2011;Impôt sur le revenu;0;0;0
120109;2011;Impôt sur le revenu;275;275;0
120112;2011;Impôt sur le revenu;50;50;0
120113;2011;Impôt sur le revenu;100;100;0
120116;2011;Impôt sur le revenu;5;5;0
120121;2011;Impôt sur le revenu;0;0;0
120126;2011;Impôt sur le revenu;200;200;0
120129;2011;Impôt sur le revenu;0;0;0
120135;2011;Impôt sur le revenu;1;1;0
120137;2011;Impôt sur le revenu;3;3;0
120142;2011;Impôt sur le revenu;10;10;0
120143;2011;Impôt sur le revenu;0;0;0
120208;2011;Impôt sur le revenu;0;0;0
120211;2011;Impôt sur le revenu;0;0;0
120307;2011;Impôt sur le revenu;0;0;0
120308;2011;Impôt sur le revenu;0;0;0
120501;2011;Impôt sur le revenu;140;140;0
120507;2011;Impôt sur le revenu;0;0;0
120508;2011;Impôt sur le revenu;0;0;0
130215;2011;Impôt sur le revenu;20;20;0
140110;2011;Impôt sur le revenu;0;0;0
140117;2011;Impôt sur le revenu;115;115;0
140119;2011;Impôt sur le revenu;1000;1000;0
140120;2011;Impôt sur le revenu;10;10;0
140124;2011;Impôt sur le revenu;0;0;0
140308;2011;Impôt sur le revenu;0;0;0
150117;2011;Impôt sur le revenu;15;15;0
150118;2011;Impôt sur le revenu;10;10;0
150119;2011;Impôt sur le revenu;0;0;0
150403;2011;Impôt sur le revenu;0;0;0
150405;2011;Impôt sur le revenu;5;5;0
150514;2011;Impôt sur le revenu;2;2;0
150706;2011;Impôt sur le revenu;0;0;0
150710;2011;Impôt sur le revenu;0;0;0
150712;2011;Impôt sur le revenu;0;0;0
160103;2011;Impôt sur le revenu;0;0;0
160203;2011;Impôt sur le revenu;1;1;0
160301;2011;Impôt sur le revenu;10;10;0
160302;2011;Impôt sur le revenu;10;10;0
160406;2011;Impôt sur le revenu;1;1;0
170501;2011;Impôt sur le revenu;1;1;0
190210;2011;Impôt sur le revenu;0;0;0
200206;2011;Impôt sur le revenu et impôt sur les sociétés;0;0;0
200216;2011;Impôt sur le revenu et impôt sur les sociétés;3;3;0
210203;2011;Impôt sur le revenu et impôt sur les sociétés;3;3;0
210306;2011;Impôt sur le revenu et impôt sur les sociétés;0;0;0
210312;2011;Impôt sur le revenu et impôt sur les sociétés;13;13;0
210320;2011;Impôt sur le revenu et impôt sur les sociétés;100;100;0
230204;2011;Impôt sur le revenu et impôt sur les sociétés;3;3;0
230304;2011;Impôt sur le revenu et impôt sur les sociétés;0;0;0
230405;2011;Impôt sur le revenu et impôt sur les sociétés;0;0;0
230408;2011;Impôt sur le revenu et impôt sur les sociétés;0;0;0
300101;2011;Impôt sur les sociétés;50;50;0
300105;2011;Impôt sur les sociétés;1;1;0
300109;2011;Impôt sur les sociétés;0;0;0
300110;2011;Impôt sur les sociétés;0;0;0
300207;2011;Impôt sur les sociétés;0;0;0
300208;2011;Impôt sur les sociétés;5;5;0
300209;2011;Impôt sur les sociétés;5;5;0
300211;2011;Impôt sur les sociétés;40;40;0
300302;2011;Impôt sur les sociétés;0;0;0
300303;2011;Impôt sur les sociétés;0;0;0
310204;2011;Impôt sur les sociétés;0;0;0
320105;2011;Impôt sur les sociétés;10;10;0
320108;2011;Impôt sur les sociétés;3;3;0
320111;2011;Impôt sur les sociétés;0;0;0
320115;2011;Impôt sur les sociétés;10;10;0
320129;2011;Impôt sur les sociétés;50;50;0
320134;2011;Impôt sur les sociétés;0;0;0
400113;2011;Autres impôts directs;10;10;0
400301;2011;Autres impôts directs;0;0;0
500101;2011;Droits d'enregistrement et de timbre;1;1;0
510101;2011;Droits d'enregistrement et de timbre;0;0;0
520105;2011;Droits d'enregistrement et de timbre;0;0;0
520111;2011;Droits d'enregistrement et de timbre;0;0;0
520112;2011;Droits d'enregistrement et de timbre;25;25;0
520114;2011;Droits d'enregistrement et de timbre;0;0;0
520116;2011;Droits d'enregistrement et de timbre;0;0;0
520118;2011;Droits d'enregistrement et de timbre;2;2;0
520122;2011;Droits d'enregistrement et de timbre;0;0;0
520302;2011;Droits d'enregistrement et de timbre;0;0;0
530101;2011;Droits d'enregistrement et de timbre;0;0;0
530207;2011;Droits d'enregistrement et de timbre;0;0;0
530209;2011;Droits d'enregistrement et de timbre;0;0;0
540101;2011;Droits d'enregistrement et de timbre;0;0;0
550101;2011;Droits d'enregistrement et de timbre;0;0;0
550102;2011;Droits d'enregistrement et de timbre;0;0;0
550103;2011;Droits d'enregistrement et de timbre;5;5;0
570102;2011;Droits d'enregistrement et de timbre;1;1;0
570202;2011;Droits d'enregistrement et de timbre;0;0;0
570204;2011;Droits d'enregistrement et de timbre;0;0;0
700102;2011;Taxe sur la valeur ajoutée;1;1;0
710101;2011;Taxe sur la valeur ajoutée;0;0;0
710104;2011;Taxe sur la valeur ajoutée;100;100;0
720202;2011;Taxe sur la valeur ajoutée;0;0;0
720203;2011;Taxe sur la valeur ajoutée;1;1;0
730215;2011;Taxe sur la valeur ajoutée;3;3;0
730218;2011;Taxe sur la valeur ajoutée;25;25;0
730302;2011;Taxe sur la valeur ajoutée;4;4;0
800111;2011;TICPE / produits énergétiques hors gaz et charbons;0;0;0
800114;2011;TICPE / produits énergétiques hors gaz et charbons;3;3;0
800116;2011;TICPE / produits énergétiques hors gaz et charbons;253;253;0
800203;2011;TICPE / produits énergétiques hors gaz et charbons;6;6;0
800204;2011;TICPE / produits énergétiques hors gaz et charbons;0;0;0
800302;2011;TICPE / produits énergétiques hors gaz et charbons;1;1;0
800406;2011;TICPE / produits énergétiques hors gaz et charbons;0;0;0
920201;2011;Autres droits;0;0;0
920202;2011;Autres droits;0;0;0
920301;2011;Autres droits;5;5;0
970101;2011;Autres droits;0;0;0
040107;2011;Impôts locaux;20;20;0
040109;2011;Impôts locaux;0;0;0
050201;2011;Impôts locaux;70;70;0
090101;2011;Impôts locaux;6;6;0
090102;2011;Impôts locaux;1;1;0
090103;2011;Impôts locaux;0;0;0
090105;2011;Impôts locaux;4;4;0
090106;2011;Impôts locaux;3;3;0
090109;2011;Impôts locaux;0;0;0
150702;2011;Impôt sur le revenu;180;180;0
160104;2011;Impôt sur le revenu;5;5;0
160403;2011;Impôt sur le revenu;0;0;0
160405;2011;Impôt sur le revenu;0;0;0
190203;2011;Impôt sur le revenu;10;10;0
190206;2011;Impôt sur le revenu;20;20;0
520119;2011;Droits d'enregistrement et de timbre;200;200;0
520207;2011;Droits d'enregistrement et de timbre;1;1;0
120139;2011;Impôt sur le revenu;0;0;0
100105;2012;Impôt sur le revenu;1;1;0
100202;2012;Impôt sur le revenu;6;6;0
110224;2012;Impôt sur le revenu;470;470;0
110229;2012;Impôt sur le revenu;2;2;0
110233;2012;Impôt sur le revenu;1;1;0
110239;2012;Impôt sur le revenu;0;0;0
110241;2012;Impôt sur le revenu;0;0;0
110243;2012;Impôt sur le revenu;0;0;0
110244;2012;Impôt sur le revenu;25;25;0
110245;2012;Impôt sur le revenu;9;9;0
110248;2012;Impôt sur le revenu;0;0;0
110251;2012;Impôt sur le revenu;430;430;0
110255;2012;Impôt sur le revenu;0;0;0
110257;2012;Impôt sur le revenu;0;0;0
120101;2012;Impôt sur le revenu;1;1;0
120104;2012;Impôt sur le revenu;0;0;0
120113;2012;Impôt sur le revenu;100;100;0
120116;2012;Impôt sur le revenu;5;5;0
120121;2012;Impôt sur le revenu;0;0;0
120126;2012;Impôt sur le revenu;200;200;0
120129;2012;Impôt sur le revenu;0;0;0
120139;2012;Impôt sur le revenu;0;0;0
120141;2012;Impôt sur le revenu;5;5;0
120143;2012;Impôt sur le revenu;0;0;0
120208;2012;Impôt sur le revenu;0;0;0
120306;2012;Impôt sur le revenu;1;1;0
120307;2012;Impôt sur le revenu;0;0;0
120501;2012;Impôt sur le revenu;140;140;0
140110;2012;Impôt sur le revenu;0;0;0
140120;2012;Impôt sur le revenu;10;10;0
140124;2012;Impôt sur le revenu;0;0;0
140308;2012;Impôt sur le revenu;0;0;0
150119;2012;Impôt sur le revenu;0;0;0
150403;2012;Impôt sur le revenu;0;0;0
150405;2012;Impôt sur le revenu;5;5;0
150706;2012;Impôt sur le revenu;0;0;0
150710;2012;Impôt sur le revenu;0;0;0
150711;2012;Impôt sur le revenu;2;2;0
160103;2012;Impôt sur le revenu;0;0;0
160203;2012;Impôt sur le revenu;1;1;0
160206;2012;Impôt sur le revenu;0;0;0
160406;2012;Impôt sur le revenu;1;1;0
170501;2012;Impôt sur le revenu;1;1;0
180101;2012;Impôt sur le revenu;3;3;0
190210;2012;Impôt sur le revenu;0;0;0
200206;2012;Impôt sur le revenu et impôt sur les sociétés;0;0;0
200216;2012;Impôt sur le revenu et impôt sur les sociétés;3;3;0
210306;2012;Impôt sur le revenu et impôt sur les sociétés;0;0;0
210312;2012;Impôt sur le revenu et impôt sur les sociétés;13;13;0
230203;2012;Impôt sur le revenu et impôt sur les sociétés;3;3;0
230204;2012;Impôt sur le revenu et impôt sur les sociétés;3;3;0
230408;2012;Impôt sur le revenu et impôt sur les sociétés;0;0;0
230509;2012;Impôt sur le revenu et impôt sur les sociétés;3;3;0
300109;2012;Impôt sur les sociétés;0;0;0
300110;2012;Impôt sur les sociétés;0;0;0
300207;2012;Impôt sur les sociétés;0;0;0
300208;2012;Impôt sur les sociétés;5;5;0
300209;2012;Impôt sur les sociétés;5;5;0
300211;2012;Impôt sur les sociétés;40;40;0
300302;2012;Impôt sur les sociétés;0;0;0
300303;2012;Impôt sur les sociétés;0;0;0
310201;2012;Impôt sur les sociétés;0;0;0
310204;2012;Impôt sur les sociétés;0;0;0
320105;2012;Impôt sur les sociétés;10;10;0
320108;2012;Impôt sur les sociétés;3;3;0
320111;2012;Impôt sur les sociétés;0;0;0
320115;2012;Impôt sur les sociétés;10;10;0
320122;2012;Impôt sur les sociétés;6;6;0
320126;2012;Impôt sur les sociétés;0;0;0
320131;2012;Impôt sur les sociétés;0;0;0
400301;2012;Autres impôts directs;0;0;0
420106;2012;Autres impôts directs;1;1;0
500101;2012;Droits d'enregistrement et de timbre;1;1;0
510101;2012;Droits d'enregistrement et de timbre;0;0;0
520105;2012;Droits d'enregistrement et de timbre;0;0;0
520110;2012;Droits d'enregistrement et de timbre;500;500;0
520111;2012;Droits d'enregistrement et de timbre;0;0;0
520114;2012;Droits d'enregistrement et de timbre;0;0;0
520116;2012;Droits d'enregistrement et de timbre;0;0;0
520118;2012;Droits d'enregistrement et de timbre;2;2;0
520121;2012;Droits d'enregistrement et de timbre;55;55;0
520122;2012;Droits d'enregistrement et de timbre;0;0;0
520302;2012;Droits d'enregistrement et de timbre;0;0;0
530101;2012;Droits d'enregistrement et de timbre;0;0;0
530202;2012;Droits d'enregistrement et de timbre;10;10;0
530207;2012;Droits d'enregistrement et de timbre;0;0;0
530209;2012;Droits d'enregistrement et de timbre;0;0;0
530211;2012;Droits d'enregistrement et de timbre;0;0;0
540101;2012;Droits d'enregistrement et de timbre;0;0;0
550101;2012;Droits d'enregistrement et de timbre;0;0;0
550102;2012;Droits d'enregistrement et de timbre;0;0;0
570202;2012;Droits d'enregistrement et de timbre;0;0;0
570204;2012;Droits d'enregistrement et de timbre;0;0;0
700102;2012;Taxe sur la valeur ajoutée;1;1;0
710104;2012;Taxe sur la valeur ajoutée;100;100;0
720202;2012;Taxe sur la valeur ajoutée;0;0;0
720203;2012;Taxe sur la valeur ajoutée;1;1;0
730220;2012;Taxe sur la valeur ajoutée;10;10;0
740105;2012;Taxe sur la valeur ajoutée;133;133;0
800111;2012;TICPE / produits énergétiques hors gaz et charbons;0;0;0
800114;2012;TICPE / produits énergétiques hors gaz et charbons;3;3;0
800204;2012;TICPE / produits énergétiques hors gaz et charbons;0;0;0
800302;2012;TICPE / produits énergétiques hors gaz et charbons;1;1;0
800406;2012;TICPE / produits énergétiques hors gaz et charbons;0;0;0
820102;2012;TICFE / électricité;6;6;0
920201;2012;Autres droits;0;0;0
920202;2012;Autres droits;0;0;0
920301;2012;Autres droits;5;5;0
950102;2012;Autres droits;53;53;0
970101;2012;Autres droits;0;0;0
040103;2012;Impôts locaux;1;1;0
050107;2012;Impôts locaux;0;0;0
050201;2012;Impôts locaux;70;70;0
050203;2012;Impôts locaux;3;3;0
070203;2012;Impôts locaux;29;29;0
090103;2012;Impôts locaux;0;0;0
090104;2012;Impôts locaux;5;5;0
090108;2012;Impôts locaux;12;12;0
090201;2012;Impôts locaux;1;1;0
160403;2012;Impôt sur le revenu;0;0;0
160405;2012;Impôt sur le revenu;0;0;0
190203;2012;Impôt sur le revenu;10;10;0
190206;2012;Impôt sur le revenu;20;20;0
520207;2012;Droits d'enregistrement et de timbre;1;1;0
520208;2012;Droits d'enregistrement et de timbre;2;2;0
120308;2012;Impôt sur le revenu;0;0;0
100105;2013;Impôt sur le revenu;1;1;0
100114;2013;Impôt sur le revenu;8;8;0
100202;2013;Impôt sur le revenu;6;6;0
110205;2013;Impôt sur le revenu;10;10;0
110215;2013;Impôt sur le revenu;235;235;0
110226;2013;Impôt sur le revenu;6;6;0
110227;2013;Impôt sur le revenu;2460;2460;0
110229;2013;Impôt sur le revenu;2;2;0
110233;2013;Impôt sur le revenu;0;0;0
110234;2013;Impôt sur le revenu;5;5;0
110239;2013;Impôt sur le revenu;0;0;0
110240;2013;Impôt sur le revenu;12;12;0
110241;2013;Impôt sur le revenu;0;0;0
110243;2013;Impôt sur le revenu;0;0;0
110248;2013;Impôt sur le revenu;0;0;0
110251;2013;Impôt sur le revenu;620;620;0
110257;2013;Impôt sur le revenu;0;0;0
120101;2013;Impôt sur le revenu;1;1;0
120104;2013;Impôt sur le revenu;0;0;0
120113;2013;Impôt sur le revenu;100;100;0
120116;2013;Impôt sur le revenu;5;5;0
120121;2013;Impôt sur le revenu;0;0;0
120126;2013;Impôt sur le revenu;200;200;0
120133;2013;Impôt sur le revenu;8;8;0
120139;2013;Impôt sur le revenu;0;0;0
120143;2013;Impôt sur le revenu;0;0;0
120207;2013;Impôt sur le revenu;1;1;0
120208;2013;Impôt sur le revenu;0;0;0
120301;2013;Impôt sur le revenu;0;0;0
120307;2013;Impôt sur le revenu;0;0;0
140110;2013;Impôt sur le revenu;0;0;0
140120;2013;Impôt sur le revenu;10;10;0
140124;2013;Impôt sur le revenu;0;0;0
140125;2013;Impôt sur le revenu;6;6;0
140308;2013;Impôt sur le revenu;0;0;0
150403;2013;Impôt sur le revenu;0;0;0
150405;2013;Impôt sur le revenu;5;5;0
150706;2013;Impôt sur le revenu;0;0;0
150710;2013;Impôt sur le revenu;0;0;0
160103;2013;Impôt sur le revenu;0;0;0
160203;2013;Impôt sur le revenu;1;1;0
160406;2013;Impôt sur le revenu;1;1;0
170501;2013;Impôt sur le revenu;1;1;0
180105;2013;Impôt sur le revenu;2;2;0
180305;2013;Impôt sur le revenu;0;0;0
180306;2013;Impôt sur le revenu;0;0;0
180307;2013;Impôt sur le revenu;0;0;0
190210;2013;Impôt sur le revenu;0;0;0
200102;2013;Impôt sur le revenu et impôt sur les sociétés;0;0;0
200206;2013;Impôt sur le revenu et impôt sur les sociétés;0;0;0
210306;2013;Impôt sur le revenu et impôt sur les sociétés;0;0;0
230405;2013;Impôt sur le revenu et impôt sur les sociétés;0;0;0
230408;2013;Impôt sur le revenu et impôt sur les sociétés;0;0;0
230506;2013;Impôt sur le revenu et impôt sur les sociétés;2;2;0
230507;2013;Impôt sur le revenu et impôt sur les sociétés;1;1;0
230510;2013;Impôt sur le revenu et impôt sur les sociétés;5;5;0
300102;2013;Impôt sur les sociétés;1000;1000;0
300109;2013;Impôt sur les sociétés;0;0;0
300110;2013;Impôt sur les sociétés;0;0;0
300207;2013;Impôt sur les sociétés;0;0;0
300208;2013;Impôt sur les sociétés;5;5;0
300211;2013;Impôt sur les sociétés;40;40;0
300302;2013;Impôt sur les sociétés;0;0;0
300303;2013;Impôt sur les sociétés;0;0;0
310201;2013;Impôt sur les sociétés;0;0;0
310204;2013;Impôt sur les sociétés;0;0;0
320105;2013;Impôt sur les sociétés;10;10;0
320108;2013;Impôt sur les sociétés;3;3;0
320113;2013;Impôt sur les sociétés;180;180;0
320122;2013;Impôt sur les sociétés;6;6;0
400301;2013;Autres impôts directs;0;0;0
420106;2013;Autres impôts directs;1;1;0
500101;2013;Droits d'enregistrement et de timbre;1;1;0
510101;2013;Droits d'enregistrement et de timbre;0;0;0
520105;2013;Droits d'enregistrement et de timbre;0;0;0
520110;2013;Droits d'enregistrement et de timbre;500;500;0
520111;2013;Droits d'enregistrement et de timbre;0;0;0
520114;2013;Droits d'enregistrement et de timbre;0;0;0
520116;2013;Droits d'enregistrement et de timbre;0;0;0
520118;2013;Droits d'enregistrement et de timbre;2;2;0
520122;2013;Droits d'enregistrement et de timbre;0;0;0
520209;2013;Droits d'enregistrement et de timbre;2;2;0
520302;2013;Droits d'enregistrement et de timbre;0;0;0
530101;2013;Droits d'enregistrement et de timbre;0;0;0
530203;2013;Droits d'enregistrement et de timbre;20;20;0
530206;2013;Droits d'enregistrement et de timbre;7;7;0
530209;2013;Droits d'enregistrement et de timbre;0;0;0
530212;2013;Droits d'enregistrement et de timbre;3;3;0
540101;2013;Droits d'enregistrement et de timbre;0;0;0
550102;2013;Droits d'enregistrement et de timbre;0;0;0
570202;2013;Droits d'enregistrement et de timbre;0;0;0
710104;2013;Taxe sur la valeur ajoutée;100;100;0
720202;2013;Taxe sur la valeur ajoutée;0;0;0
720203;2013;Taxe sur la valeur ajoutée;1;1;0
730220;2013;Taxe sur la valeur ajoutée;10;10;0
800111;2013;TICPE / produits énergétiques hors gaz et charbons;0;0;0
800114;2013;TICPE / produits énergétiques hors gaz et charbons;3;3;0
800204;2013;TICPE / produits énergétiques hors gaz et charbons;0;0;0
800209;2013;TICPE / produits énergétiques hors gaz et charbons;0;0;0
800302;2013;TICPE / produits énergétiques hors gaz et charbons;1;1;0
800406;2013;TICPE / produits énergétiques hors gaz et charbons;0;0;0
920201;2013;Autres droits;0;0;0
970101;2013;Autres droits;0;0;0
050107;2013;Impôts locaux;0;0;0
050109;2013;Impôts locaux;8;8;0
050201;2013;Impôts locaux;70;70;0
060104;2013;Impôts locaux;3;3;0
060107;2013;Impôts locaux;0;0;0
060108;2013;Impôts locaux;8;8;0
070203;2013;Impôts locaux;32;32;0
090104;2013;Impôts locaux;6;6;0
120308;2013;Impôt sur le revenu;0;0;0
160102;2013;Impôt sur le revenu;0;0;0
160403;2013;Impôt sur le revenu;0;0;0
160405;2013;Impôt sur le revenu;0;0;0
190203;2013;Impôt sur le revenu;10;10;0
190204;2013;Impôt sur le revenu;130;130;0
190206;2013;Impôt sur le revenu;20;20;0
350101;2013;Impôt sur les sociétés;2;2;0
520207;2013;Droits d'enregistrement et de timbre;1;1;0
520305;2013;Droits d'enregistrement et de timbre;10;10;0
100105;2014;Impôt sur le revenu;1;1;0
110211;2014;Impôt sur le revenu;46;46;0
110229;2014;Impôt sur le revenu;2;2;0
110233;2014;Impôt sur le revenu;0;0;0
110234;2014;Impôt sur le revenu;5;5;0
110238;2014;Impôt sur le revenu;2;2;0
110239;2014;Impôt sur le revenu;0;0;0
110241;2014;Impôt sur le revenu;0;0;0
110243;2014;Impôt sur le revenu;0;0;0
110244;2014;Impôt sur le revenu;20;20;0
110248;2014;Impôt sur le revenu;0;0;0
110257;2014;Impôt sur le revenu;0;0;0
110259;2014;Impôt sur le revenu;11;11;0
110260;2014;Impôt sur le revenu;1;1;0
120104;2014;Impôt sur le revenu;0;0;0
120113;2014;Impôt sur le revenu;100;100;0
120116;2014;Impôt sur le revenu;5;5;0
120121;2014;Impôt sur le revenu;0;0;0
120137;2014;Impôt sur le revenu;5;5;0
120140;2014;Impôt sur le revenu;14;14;0
120143;2014;Impôt sur le revenu;0;0;0
120201;2014;Impôt sur le revenu;60;60;0
120203;2014;Impôt sur le revenu;45;45;0
120207;2014;Impôt sur le revenu;1;1;0
120208;2014;Impôt sur le revenu;0;0;0
120301;2014;Impôt sur le revenu;0;0;0
120306;2014;Impôt sur le revenu;2;2;0
120307;2014;Impôt sur le revenu;0;0;0
130213;2014;Impôt sur le revenu;0;0;0
130217;2014;Impôt sur le revenu;3;3;0
140110;2014;Impôt sur le revenu;0;0;0
140120;2014;Impôt sur le revenu;10;10;0
140124;2014;Impôt sur le revenu;0;0;0
140125;2014;Impôt sur le revenu;5;5;0
150403;2014;Impôt sur le revenu;0;0;0
150405;2014;Impôt sur le revenu;5;5;0
150706;2014;Impôt sur le revenu;0;0;0
150710;2014;Impôt sur le revenu;0;0;0
150711;2014;Impôt sur le revenu;2;2;0
160103;2014;Impôt sur le revenu;0;0;0
160406;2014;Impôt sur le revenu;1;1;0
170501;2014;Impôt sur le revenu;1;1;0
180105;2014;Impôt sur le revenu;2;2;0
180305;2014;Impôt sur le revenu;0;0;0
180306;2014;Impôt sur le revenu;0;0;0
180307;2014;Impôt sur le revenu;0;0;0
190210;2014;Impôt sur le revenu;0;0;0
200206;2014;Impôt sur le revenu et impôt sur les sociétés;0;0;0
210306;2014;Impôt sur le revenu et impôt sur les sociétés;0;0;0
230202;2014;Impôt sur le revenu et impôt sur les sociétés;0;0;0
230303;2014;Impôt sur le revenu et impôt sur les sociétés;6;6;0
230408;2014;Impôt sur le revenu et impôt sur les sociétés;0;0;0
300109;2014;Impôt sur les sociétés;0;0;0
300110;2014;Impôt sur les sociétés;0;0;0
300207;2014;Impôt sur les sociétés;0;0;0
300208;2014;Impôt sur les sociétés;5;5;0
300302;2014;Impôt sur les sociétés;0;0;0
300303;2014;Impôt sur les sociétés;0;0;0
310204;2014;Impôt sur les sociétés;0;0;0
320108;2014;Impôt sur les sociétés;3;3;0
320122;2014;Impôt sur les sociétés;6;6;0
320134;2014;Impôt sur les sociétés;1;1;0
320135;2014;Impôt sur les sociétés;5;5;0
320138;2014;Impôt sur les sociétés;3;3;0
500101;2014;Droits d'enregistrement et de timbre;1;1;0
510101;2014;Droits d'enregistrement et de timbre;0;0;0
520105;2014;Droits d'enregistrement et de timbre;0;0;0
520110;2014;Droits d'enregistrement et de timbre;500;500;0
520111;2014;Droits d'enregistrement et de timbre;0;0;0
520112;2014;Droits d'enregistrement et de timbre;15;15;0
520114;2014;Droits d'enregistrement et de timbre;0;0;0
520116;2014;Droits d'enregistrement et de timbre;0;0;0
520122;2014;Droits d'enregistrement et de timbre;0;0;0
520201;2014;Droits d'enregistrement et de timbre;60;60;0
520302;2014;Droits d'enregistrement et de timbre;0;0;0
530101;2014;Droits d'enregistrement et de timbre;0;0;0
530203;2014;Droits d'enregistrement et de timbre;20;20;0
530206;2014;Droits d'enregistrement et de timbre;7;7;0
530209;2014;Droits d'enregistrement et de timbre;0;0;0
530211;2014;Droits d'enregistrement et de timbre;0;0;0
530212;2014;Droits d'enregistrement et de timbre;3;3;0
540101;2014;Droits d'enregistrement et de timbre;0;0;0
550101;2014;Droits d'enregistrement et de timbre;0;0;0
550102;2014;Droits d'enregistrement et de timbre;0;0;0
550103;2014;Droits d'enregistrement et de timbre;15;15;0
570102;2014;Droits d'enregistrement et de timbre;0;0;0
570204;2014;Droits d'enregistrement et de timbre;0;0;0
580102;2014;Droits d'enregistrement et de timbre;30;30;0
700102;2014;Taxe sur la valeur ajoutée;2;2;0
710104;2014;Taxe sur la valeur ajoutée;100;100;0
720202;2014;Taxe sur la valeur ajoutée;0;0;0
720203;2014;Taxe sur la valeur ajoutée;1;1;0
730204;2014;Taxe sur la valeur ajoutée;190;190;0
730205;2014;Taxe sur la valeur ajoutée;650;650;0
730216;2014;Taxe sur la valeur ajoutée;80;80;0
730220;2014;Taxe sur la valeur ajoutée;8;8;0
730301;2014;Taxe sur la valeur ajoutée;60;60;0
740105;2014;Taxe sur la valeur ajoutée;135;135;0
800108;2014;TICPE / produits énergétiques hors gaz et charbons;3;3;0
800111;2014;TICPE / produits énergétiques hors gaz et charbons;0;0;0
800204;2014;TICPE / produits énergétiques hors gaz et charbons;0;0;0
800209;2014;TICPE / produits énergétiques hors gaz et charbons;0;0;0
800302;2014;TICPE / produits énergétiques hors gaz et charbons;1;1;0
800406;2014;TICPE / produits énergétiques hors gaz et charbons;0;0;0
920201;2014;Autres droits;0;0;0
970101;2014;Autres droits;0;0;0
980104;2014;Autres droits;0;0;0
980105;2014;Autres droits;0;0;0
050107;2014;Impôts locaux;0;0;0
050201;2014;Impôts locaux;70;70;0
060104;2014;Impôts locaux;3;3;0
060107;2014;Impôts locaux;0;0;0
060108;2014;Impôts locaux;8;8;0
160102;2014;Impôt sur le revenu;0;0;0
160104;2014;Impôt sur le revenu;10;10;0
160403;2014;Impôt sur le revenu;0;0;0
160405;2014;Impôt sur le revenu;0;0;0
190203;2014;Impôt sur le revenu;10;10;0
190206;2014;Impôt sur le revenu;20;20;0
350101;2014;Impôt sur les sociétés;2;2;0
520305;2014;Droits d'enregistrement et de timbre;10;10;0
800102;2014;TICPE / produits énergétiques hors gaz et charbons;60;60;0
100102;2015;Impôt sur le revenu;40;40;0
100105;2015;Impôt sur le revenu;1;1;0
100202;2015;Impôt sur le revenu;6;6;0
110233;2015;Impôt sur le revenu;0;0;0
110234;2015;Impôt sur le revenu;5;5;0
110239;2015;Impôt sur le revenu;0;0;0
110241;2015;Impôt sur le revenu;0;0;0
110243;2015;Impôt sur le revenu;0;0;0
110244;2015;Impôt sur le revenu;20;20;0
110248;2015;Impôt sur le revenu;0;0;0
110260;2015;Impôt sur le revenu;1;1;0
120101;2015;Impôt sur le revenu;1;1;0
120104;2015;Impôt sur le revenu;0;0;0
120121;2015;Impôt sur le revenu;0;0;0
120137;2015;Impôt sur le revenu;5;5;0
120143;2015;Impôt sur le revenu;0;0;0
120201;2015;Impôt sur le revenu;60;60;0
120206;2015;Impôt sur le revenu;60;60;0
120207;2015;Impôt sur le revenu;1;1;0
120301;2015;Impôt sur le revenu;0;0;0
120307;2015;Impôt sur le revenu;0;0;0
130213;2015;Impôt sur le revenu;0;0;0
130217;2015;Impôt sur le revenu;3;3;0
140110;2015;Impôt sur le revenu;0;0;0
140120;2015;Impôt sur le revenu;10;10;0
140124;2015;Impôt sur le revenu;0;0;0
140125;2015;Impôt sur le revenu;4;4;0
140126;2015;Impôt sur le revenu;4;4;0
140127;2015;Impôt sur le revenu;0;0;0
150118;2015;Impôt sur le revenu;10;10;0
150119;2015;Impôt sur le revenu;0;0;0
150201;2015;Impôt sur le revenu;10;10;0
150403;2015;Impôt sur le revenu;0;0;0
150405;2015;Impôt sur le revenu;5;5;0
150706;2015;Impôt sur le revenu;0;0;0
150710;2015;Impôt sur le revenu;0;0;0
160103;2015;Impôt sur le revenu;0;0;0
160206;2015;Impôt sur le revenu;0;0;0
160406;2015;Impôt sur le revenu;1;1;0
170501;2015;Impôt sur le revenu;1;1;0
180101;2015;Impôt sur le revenu;2;2;0
180105;2015;Impôt sur le revenu;2;2;0
180304;2015;Impôt sur le revenu;0;0;0
180305;2015;Impôt sur le revenu;0;0;0
190210;2015;Impôt sur le revenu;0;0;0
200206;2015;Impôt sur le revenu et impôt sur les sociétés;0;0;0
210306;2015;Impôt sur le revenu et impôt sur les sociétés;0;0;0
210312;2015;Impôt sur le revenu et impôt sur les sociétés;22;22;0
230202;2015;Impôt sur le revenu et impôt sur les sociétés;0;0;0
230408;2015;Impôt sur le revenu et impôt sur les sociétés;0;0;0
300109;2015;Impôt sur les sociétés;0;0;0
300110;2015;Impôt sur les sociétés;0;0;0
300207;2015;Impôt sur les sociétés;0;0;0
300208;2015;Impôt sur les sociétés;5;5;0
300209;2015;Impôt sur les sociétés;6;6;0
300302;2015;Impôt sur les sociétés;0;0;0
300303;2015;Impôt sur les sociétés;0;0;0
310204;2015;Impôt sur les sociétés;0;0;0
320108;2015;Impôt sur les sociétés;3;3;0
320122;2015;Impôt sur les sociétés;6;6;0
320138;2015;Impôt sur les sociétés;3;3;0
510101;2015;Droits d'enregistrement et de timbre;0;0;0
520105;2015;Droits d'enregistrement et de timbre;0;0;0
520110;2015;Droits d'enregistrement et de timbre;500;500;0
520111;2015;Droits d'enregistrement et de timbre;0;0;0
520114;2015;Droits d'enregistrement et de timbre;0;0;0
520116;2015;Droits d'enregistrement et de timbre;0;0;0
520122;2015;Droits d'enregistrement et de timbre;0;0;0
520209;2015;Droits d'enregistrement et de timbre;2;2;0
520302;2015;Droits d'enregistrement et de timbre;0;0;0
530101;2015;Droits d'enregistrement et de timbre;0;0;0
530208;2015;Droits d'enregistrement et de timbre;1;1;0
530211;2015;Droits d'enregistrement et de timbre;0;0;0
550102;2015;Droits d'enregistrement et de timbre;0;0;0
570102;2015;Droits d'enregistrement et de timbre;0;0;0
570202;2015;Droits d'enregistrement et de timbre;0;0;0
570204;2015;Droits d'enregistrement et de timbre;0;0;0
580103;2015;Droits d'enregistrement et de timbre;0;0;0
710101;2015;Taxe sur la valeur ajoutée;1;1;0
710104;2015;Taxe sur la valeur ajoutée;100;100;0
720201;2015;Taxe sur la valeur ajoutée;5;5;0
720202;2015;Taxe sur la valeur ajoutée;0;0;0
720203;2015;Taxe sur la valeur ajoutée;1;1;0
720206;2015;Taxe sur la valeur ajoutée;5;5;0
730220;2015;Taxe sur la valeur ajoutée;8;8;0
730222;2015;Taxe sur la valeur ajoutée;45;45;0
730301;2015;Taxe sur la valeur ajoutée;60;60;0
740103;2015;Taxe sur la valeur ajoutée;14;14;0
740106;2015;Taxe sur la valeur ajoutée;200;200;0
800111;2015;TICPE / produits énergétiques hors gaz et charbons;0;0;0
800209;2015;TICPE / produits énergétiques hors gaz et charbons;0;0;0
800302;2015;TICPE / produits énergétiques hors gaz et charbons;1;1;0
800406;2015;TICPE / produits énergétiques hors gaz et charbons;0;0;0
820102;2015;TICFE / électricité;7;7;0
920201;2015;Autres droits;0;0;0
970101;2015;Autres droits;0;0;0
040105;2015;Impôts locaux;0;0;0
050107;2015;Impôts locaux;0;0;0
050109;2015;Impôts locaux;9;9;0
050203;2015;Impôts locaux;1;1;0
060107;2015;Impôts locaux;0;0;0
060108;2015;Impôts locaux;8;8;0
070203;2015;Impôts locaux;36;36;0
160102;2015;Impôt sur le revenu;0;0;0
160104;2015;Impôt sur le revenu;10;10;0
160403;2015;Impôt sur le revenu;0;0;0
160405;2015;Impôt sur le revenu;0;0;0
190203;2015;Impôt sur le revenu;10;10;0
190206;2015;Impôt sur le revenu;20;20;0
350101;2015;Impôt sur les sociétés;2;2;0
520305;2015;Droits d'enregistrement et de timbre;10;10;0
100101;2016;Impôt sur le revenu;39;39;0
110103;2016;Impôt sur le revenu;550;550;0
110203;2016;Impôt sur le revenu;1200;1200;0
110205;2016;Impôt sur le revenu;8;8;0
110226;2016;Impôt sur le revenu;5;5;0
110228;2016;Impôt sur le revenu;24;24;0
110234;2016;Impôt sur le revenu;5;5;0
110239;2016;Impôt sur le revenu;0;0;0
110241;2016;Impôt sur le revenu;0;0;0
110243;2016;Impôt sur le revenu;0;0;0
110244;2016;Impôt sur le revenu;21;21;0
110248;2016;Impôt sur le revenu;0;0;0
110257;2016;Impôt sur le revenu;1;1;0
110260;2016;Impôt sur le revenu;1;1;0
120101;2016;Impôt sur le revenu;1;1;0
120104;2016;Impôt sur le revenu;0;0;0
120112;2016;Impôt sur le revenu;72;72;0
120121;2016;Impôt sur le revenu;0;0;0
120133;2016;Impôt sur le revenu;9;9;0
120137;2016;Impôt sur le revenu;5;5;0
120141;2016;Impôt sur le revenu;4;4;0
120142;2016;Impôt sur le revenu;15;15;0
120143;2016;Impôt sur le revenu;0;0;0
120201;2016;Impôt sur le revenu;60;60;0
120207;2016;Impôt sur le revenu;1;1;0
120301;2016;Impôt sur le revenu;0;0;0
120306;2016;Impôt sur le revenu;2;2;0
120307;2016;Impôt sur le revenu;0;0;0
130204;2016;Impôt sur le revenu;45;45;0
130213;2016;Impôt sur le revenu;0;0;0
130217;2016;Impôt sur le revenu;3;3;0
140110;2016;Impôt sur le revenu;0;0;0
140120;2016;Impôt sur le revenu;10;10;0
140124;2016;Impôt sur le revenu;0;0;0
140125;2016;Impôt sur le revenu;3;3;0
140126;2016;Impôt sur le revenu;3;3;0
140127;2016;Impôt sur le revenu;0;0;0
140308;2016;Impôt sur le revenu;1;1;0
150119;2016;Impôt sur le revenu;0;0;0
150201;2016;Impôt sur le revenu;20;20;0
150403;2016;Impôt sur le revenu;0;0;0
150405;2016;Impôt sur le revenu;5;5;0
150706;2016;Impôt sur le revenu;0;0;0
150710;2016;Impôt sur le revenu;0;0;0
160103;2016;Impôt sur le revenu;0;0;0
160205;2016;Impôt sur le revenu;19;19;0
160206;2016;Impôt sur le revenu;0;0;0
160406;2016;Impôt sur le revenu;1;1;0
170501;2016;Impôt sur le revenu;1;1;0
180101;2016;Impôt sur le revenu;2;2;0
180304;2016;Impôt sur le revenu;0;0;0
190210;2016;Impôt sur le revenu;0;0;0
200206;2016;Impôt sur le revenu et impôt sur les sociétés;0;0;0
200214;2016;Impôt sur le revenu et impôt sur les sociétés;2;2;0
230202;2016;Impôt sur le revenu et impôt sur les sociétés;0;0;0
230203;2016;Impôt sur le revenu et impôt sur les sociétés;6;6;0
230408;2016;Impôt sur le revenu et impôt sur les sociétés;0;0;0
230507;2016;Impôt sur le revenu et impôt sur les sociétés;0;0;0
230510;2016;Impôt sur le revenu et impôt sur les sociétés;1;1;0
230606;2016;Impôt sur le revenu et impôt sur les sociétés;6;6;0
300109;2016;Impôt sur les sociétés;0;0;0
300110;2016;Impôt sur les sociétés;0;0;0
300207;2016;Impôt sur les sociétés;0;0;0
300208;2016;Impôt sur les sociétés;5;5;0
300209;2016;Impôt sur les sociétés;6;6;0
300302;2016;Impôt sur les sociétés;0;0;0
300303;2016;Impôt sur les sociétés;0;0;0
310204;2016;Impôt sur les sociétés;0;0;0
320105;2016;Impôt sur les sociétés;15;15;0
320108;2016;Impôt sur les sociétés;3;3;0
320115;2016;Impôt sur les sociétés;40;40;0
320122;2016;Impôt sur les sociétés;8;8;0
320134;2016;Impôt sur les sociétés;1;1;0
500101;2016;Droits d'enregistrement et de timbre;1;1;0
520105;2016;Droits d'enregistrement et de timbre;0;0;0
520110;2016;Droits d'enregistrement et de timbre;500;500;0
520111;2016;Droits d'enregistrement et de timbre;0;0;0
520112;2016;Droits d'enregistrement et de timbre;20;20;0
520114;2016;Droits d'enregistrement et de timbre;0;0;0
520116;2016;Droits d'enregistrement et de timbre;0;0;0
520122;2016;Droits d'enregistrement et de timbre;0;0;0
520201;2016;Droits d'enregistrement et de timbre;70;70;0
520302;2016;Droits d'enregistrement et de timbre;0;0;0
530101;2016;Droits d'enregistrement et de timbre;0;0;0
530202;2016;Droits d'enregistrement et de timbre;0;0;0
530206;2016;Droits d'enregistrement et de timbre;7;7;0
530208;2016;Droits d'enregistrement et de timbre;1;1;0
530211;2016;Droits d'enregistrement et de timbre;0;0;0
550102;2016;Droits d'enregistrement et de timbre;0;0;0
570102;2016;Droits d'enregistrement et de timbre;0;0;0
570204;2016;Droits d'enregistrement et de timbre;0;0;0
580103;2016;Droits d'enregistrement et de timbre;0;0;0
700102;2016;Taxe sur la valeur ajoutée;2;2;0
710104;2016;Taxe sur la valeur ajoutée;100;100;0
720201;2016;Taxe sur la valeur ajoutée;5;5;0
720202;2016;Taxe sur la valeur ajoutée;0;0;0
720203;2016;Taxe sur la valeur ajoutée;1;1;0
730220;2016;Taxe sur la valeur ajoutée;8;8;0
730301;2016;Taxe sur la valeur ajoutée;60;60;0
800108;2016;TICPE / produits énergétiques hors gaz et charbons;0;0;0
800111;2016;TICPE / produits énergétiques hors gaz et charbons;0;0;0
800206;2016;TICPE / produits énergétiques hors gaz et charbons;0;0;0
800209;2016;TICPE / produits énergétiques hors gaz et charbons;0;0;0
800302;2016;TICPE / produits énergétiques hors gaz et charbons;1;1;0
920201;2016;Autres droits;0;0;0
970101;2016;Autres droits;0;0;0
040105;2016;Impôts locaux;0;0;0
040106;2016;Impôts locaux;0;0;0
050107;2016;Impôts locaux;0;0;0
050203;2016;Impôts locaux;1;1;0
060104;2016;Impôts locaux;2;2;0
060107;2016;Impôts locaux;0;0;0
060202;2016;Impôts locaux;0;0;0
060203;2016;Impôts locaux;9;9;0
090104;2016;Impôts locaux;7;7;0
090201;2016;Impôts locaux;3;3;0
160102;2016;Impôt sur le revenu;0;0;0
160104;2016;Impôt sur le revenu;10;10;0
160403;2016;Impôt sur le revenu;0;0;0
160405;2016;Impôt sur le revenu;0;0;0
190203;2016;Impôt sur le revenu;10;10;0
520207;2016;Droits d'enregistrement et de timbre;0;0;0
100101;2017;Impôt sur le revenu;36;36;0
100102;2017;Impôt sur le revenu;40;40;0
100105;2017;Impôt sur le revenu;2;2;0
110103;2017;Impôt sur le revenu;530;530;0
110201;2017;Impôt sur le revenu;1400;1400;0
110205;2017;Impôt sur le revenu;8;8;0
110210;2017;Impôt sur le revenu;110;110;0
110218;2017;Impôt sur le revenu;32;32;0
110228;2017;Impôt sur le revenu;24;24;0
110229;2017;Impôt sur le revenu;1;1;0
110239;2017;Impôt sur le revenu;0;0;0
110241;2017;Impôt sur le revenu;0;0;0
110244;2017;Impôt sur le revenu;21;21;0
110248;2017;Impôt sur le revenu;0;0;0
110260;2017;Impôt sur le revenu;1;1;0
110263;2017;Impôt sur le revenu;0;0;0
120101;2017;Impôt sur le revenu;1;1;0
120104;2017;Impôt sur le revenu;0;0;0
120116;2017;Impôt sur le revenu;10;10;0
120121;2017;Impôt sur le revenu;0;0;0
120137;2017;Impôt sur le revenu;5;5;0
120142;2017;Impôt sur le revenu;15;15;0
120143;2017;Impôt sur le revenu;0;0;0
120207;2017;Impôt sur le revenu;1;1;0
120301;2017;Impôt sur le revenu;0;0;0
120306;2017;Impôt sur le revenu;1;1;0
120307;2017;Impôt sur le revenu;0;0;0
120509;2017;Impôt sur le revenu;0;0;0
130207;2017;Impôt sur le revenu;5;5;0
130213;2017;Impôt sur le revenu;0;0;0
130217;2017;Impôt sur le revenu;3;3;0
130302;2017;Impôt sur le revenu;43;43;0
140103;2017;Impôt sur le revenu;30;30;0
140110;2017;Impôt sur le revenu;0;0;0
140120;2017;Impôt sur le revenu;10;10;0
140122;2017;Impôt sur le revenu;11;11;0
140124;2017;Impôt sur le revenu;0;0;0
140125;2017;Impôt sur le revenu;2;2;0
140127;2017;Impôt sur le revenu;0;0;0
150114;2017;Impôt sur le revenu;10;10;0
150117;2017;Impôt sur le revenu;10;10;0
150118;2017;Impôt sur le revenu;10;10;0
150119;2017;Impôt sur le revenu;0;0;0
150120;2017;Impôt sur le revenu;40;40;0
150203;2017;Impôt sur le revenu;30;30;0
150403;2017;Impôt sur le revenu;0;0;0
150405;2017;Impôt sur le revenu;5;5;0
150706;2017;Impôt sur le revenu;0;0;0
150710;2017;Impôt sur le revenu;0;0;0
160103;2017;Impôt sur le revenu;0;0;0
160302;2017;Impôt sur le revenu;13;13;0
160406;2017;Impôt sur le revenu;1;1;0
180101;2017;Impôt sur le revenu;1;1;0
190210;2017;Impôt sur le revenu;0;0;0
190211;2017;Impôt sur le revenu;0;0;0
200206;2017;Impôt sur le revenu et impôt sur les sociétés;0;0;0
200214;2017;Impôt sur le revenu et impôt sur les sociétés;3;3;0
200215;2017;Impôt sur le revenu et impôt sur les sociétés;1;1;0
200216;2017;Impôt sur le revenu et impôt sur les sociétés;4;4;0
210203;2017;Impôt sur le revenu et impôt sur les sociétés;4;4;0
210318;2017;Impôt sur le revenu et impôt sur les sociétés;25;25;0
230202;2017;Impôt sur le revenu et impôt sur les sociétés;0;0;0
230303;2017;Impôt sur le revenu et impôt sur les sociétés;3;3;0
230408;2017;Impôt sur le revenu et impôt sur les sociétés;0;0;0
230507;2017;Impôt sur le revenu et impôt sur les sociétés;0;0;0
230509;2017;Impôt sur le revenu et impôt sur les sociétés;3;3;0
230604;2017;Impôt sur le revenu et impôt sur les sociétés;11;11;0
300109;2017;Impôt sur les sociétés;0;0;0
300110;2017;Impôt sur les sociétés;0;0;0
300111;2017;Impôt sur les sociétés;10;10;0
300207;2017;Impôt sur les sociétés;0;0;0
300208;2017;Impôt sur les sociétés;5;5;0
300209;2017;Impôt sur les sociétés;6;6;0
300302;2017;Impôt sur les sociétés;0;0;0
300303;2017;Impôt sur les sociétés;0;0;0
310204;2017;Impôt sur les sociétés;0;0;0
320105;2017;Impôt sur les sociétés;15;15;0
320115;2017;Impôt sur les sociétés;40;40;0
320122;2017;Impôt sur les sociétés;8;8;0
320134;2017;Impôt sur les sociétés;1;1;0
320141;2017;Impôt sur les sociétés;3;3;0
400107;2017;Autres impôts directs;75;75;0
500102;2017;Droits d'enregistrement et de timbre;4;4;0
510101;2017;Droits d'enregistrement et de timbre;0;0;0
520110;2017;Droits d'enregistrement et de timbre;500;500;0
520111;2017;Droits d'enregistrement et de timbre;0;0;0
520114;2017;Droits d'enregistrement et de timbre;0;0;0
520116;2017;Droits d'enregistrement et de timbre;0;0;0
520122;2017;Droits d'enregistrement et de timbre;0;0;0
520302;2017;Droits d'enregistrement et de timbre;0;0;0
530101;2017;Droits d'enregistrement et de timbre;0;0;0
530208;2017;Droits d'enregistrement et de timbre;1;1;0
530211;2017;Droits d'enregistrement et de timbre;0;0;0
550102;2017;Droits d'enregistrement et de timbre;0;0;0
570102;2017;Droits d'enregistrement et de timbre;0;0;0
570204;2017;Droits d'enregistrement et de timbre;0;0;0
580103;2017;Droits d'enregistrement et de timbre;0;0;0
700102;2017;Taxe sur la valeur ajoutée;2;2;0
710101;2017;Taxe sur la valeur ajoutée;1;1;0
710104;2017;Taxe sur la valeur ajoutée;100;100;0
720201;2017;Taxe sur la valeur ajoutée;5;5;0
720202;2017;Taxe sur la valeur ajoutée;0;0;0
720203;2017;Taxe sur la valeur ajoutée;1;1;0
730220;2017;Taxe sur la valeur ajoutée;8;8;0
800108;2017;TICPE / produits énergétiques hors gaz et charbons;0;0;0
800111;2017;TICPE / produits énergétiques hors gaz et charbons;0;0;0
800117;2017;TICPE / produits énergétiques hors gaz et charbons;40;40;0
800209;2017;TICPE / produits énergétiques hors gaz et charbons;0;0;0
800302;2017;TICPE / produits énergétiques hors gaz et charbons;1;1;0
920201;2017;Autres droits;0;0;0
970101;2017;Autres droits;0;0;0
050107;2017;Impôts locaux;0;0;0
050109;2017;Impôts locaux;8;8;0
050203;2017;Impôts locaux;1;1;0
060104;2017;Impôts locaux;2;2;0
060107;2017;Impôts locaux;0;0;0
060108;2017;Impôts locaux;7;7;0
060202;2017;Impôts locaux;0;0;0
090104;2017;Impôts locaux;7;7;0
160102;2017;Impôt sur le revenu;0;0;0
160403;2017;Impôt sur le revenu;0;0;0
160405;2017;Impôt sur le revenu;0;0;0
190203;2017;Impôt sur le revenu;10;10;0
350101;2017;Impôt sur les sociétés;2;2;0
520207;2017;Droits d'enregistrement et de timbre;0;0;0
520301;2017;Droits d'enregistrement et de timbre;13;13;0
100102;2018;Impôt sur le revenu;40;40;0
100105;2018;Impôt sur le revenu;2;2;0
110202;2018;Impôt sur le revenu;152;152;0
110226;2018;Impôt sur le revenu;5;5;0
110228;2018;Impôt sur le revenu;24;24;0
110238;2018;Impôt sur le revenu;0;0;0
110239;2018;Impôt sur le revenu;0;0;0
110241;2018;Impôt sur le revenu;0;0;0
110245;2018;Impôt sur le revenu;35;35;0
110250;2018;Impôt sur le revenu;178;178;0
110257;2018;Impôt sur le revenu;0;0;0
110263;2018;Impôt sur le revenu;0;0;0
120101;2018;Impôt sur le revenu;1;1;0
120104;2018;Impôt sur le revenu;0;0;0
120116;2018;Impôt sur le revenu;10;10;0
120121;2018;Impôt sur le revenu;0;0;0
120137;2018;Impôt sur le revenu;5;5;0
120144;2018;Impôt sur le revenu;27;27;0
120204;2018;Impôt sur le revenu;420;420;0
120207;2018;Impôt sur le revenu;1;1;0
120301;2018;Impôt sur le revenu;0;0;0
130101;2018;Impôt sur le revenu;0;0;0
130207;2018;Impôt sur le revenu;4;4;0
130209;2018;Impôt sur le revenu;10;10;0
130213;2018;Impôt sur le revenu;0;0;0
130217;2018;Impôt sur le revenu;3;3;0
140103;2018;Impôt sur le revenu;30;30;0
140104;2018;Impôt sur le revenu;127;127;0
140110;2018;Impôt sur le revenu;0;0;0
140120;2018;Impôt sur le revenu;10;10;0
140124;2018;Impôt sur le revenu;0;0;0
140125;2018;Impôt sur le revenu;1;1;0
140126;2018;Impôt sur le revenu;3;3;0
140309;2018;Impôt sur le revenu;1;1;0
150114;2018;Impôt sur le revenu;10;10;0
150117;2018;Impôt sur le revenu;10;10;0
150118;2018;Impôt sur le revenu;10;10;0
150119;2018;Impôt sur le revenu;0;0;0
150405;2018;Impôt sur le revenu;5;5;0
150706;2018;Impôt sur le revenu;0;0;0
150710;2018;Impôt sur le revenu;0;0;0
160103;2018;Impôt sur le revenu;0;0;0
160206;2018;Impôt sur le revenu;0;0;0
160406;2018;Impôt sur le revenu;1;1;0
180101;2018;Impôt sur le revenu;0;0;0
180105;2018;Impôt sur le revenu;1;1;0
190211;2018;Impôt sur le revenu;0;0;0
200215;2018;Impôt sur le revenu et impôt sur les sociétés;1;1;0
200216;2018;Impôt sur le revenu et impôt sur les sociétés;1;1;0
220105;2018;Impôt sur le revenu et impôt sur les sociétés;2;2;0
230202;2018;Impôt sur le revenu et impôt sur les sociétés;0;0;0
230203;2018;Impôt sur le revenu et impôt sur les sociétés;5;5;0
230403;2018;Impôt sur le revenu et impôt sur les sociétés;1;1;0
230507;2018;Impôt sur le revenu et impôt sur les sociétés;0;0;0
230509;2018;Impôt sur le revenu et impôt sur les sociétés;3;3;0
230606;2018;Impôt sur le revenu et impôt sur les sociétés;6;6;0
300109;2018;Impôt sur les sociétés;0;0;0
300207;2018;Impôt sur les sociétés;0;0;0
300208;2018;Impôt sur les sociétés;5;5;0
300209;2018;Impôt sur les sociétés;6;6;0
300303;2018;Impôt sur les sociétés;0;0;0
310204;2018;Impôt sur les sociétés;0;0;0
320105;2018;Impôt sur les sociétés;15;15;0
320134;2018;Impôt sur les sociétés;1;1;0
320143;2018;Impôt sur les sociétés;0;0;0
500101;2018;Droits d'enregistrement et de timbre;1;1;0
520110;2018;Droits d'enregistrement et de timbre;500;500;0
520114;2018;Droits d'enregistrement et de timbre;0;0;0
520116;2018;Droits d'enregistrement et de timbre;0;0;0
520122;2018;Droits d'enregistrement et de timbre;0;0;0
520302;2018;Droits d'enregistrement et de timbre;0;0;0
530101;2018;Droits d'enregistrement et de timbre;0;0;0
530202;2018;Droits d'enregistrement et de timbre;0;0;0
530208;2018;Droits d'enregistrement et de timbre;1;1;0
530211;2018;Droits d'enregistrement et de timbre;0;0;0
550102;2018;Droits d'enregistrement et de timbre;0;0;0
570204;2018;Droits d'enregistrement et de timbre;0;0;0
580103;2018;Droits d'enregistrement et de timbre;0;0;0
700102;2018;Taxe sur la valeur ajoutée;2;2;0
710101;2018;Taxe sur la valeur ajoutée;1;1;0
710104;2018;Taxe sur la valeur ajoutée;100;100;0
720201;2018;Taxe sur la valeur ajoutée;5;5;0
720203;2018;Taxe sur la valeur ajoutée;1;1;0
720206;2018;Taxe sur la valeur ajoutée;5;5;0
730212;2018;Taxe sur la valeur ajoutée;24;24;0
800108;2018;TICPE / produits énergétiques hors gaz et charbons;0;0;0
800111;2018;TICPE / produits énergétiques hors gaz et charbons;0;0;0
800209;2018;TICPE / produits énergétiques hors gaz et charbons;0;0;0
800302;2018;TICPE / produits énergétiques hors gaz et charbons;1;1;0
920201;2018;Autres droits;0;0;0
970101;2018;Autres droits;0;0;0
060104;2018;Impôts locaux;2;2;0
060106;2018;Impôts locaux;1;1;0
090101;2018;Impôts locaux;0;0;0
090104;2018;Impôts locaux;7;7;0
090105;2018;Impôts locaux;0;0;0
090106;2018;Impôts locaux;0;0;0
090107;2018;Impôts locaux;0;0;0
100105;2019;Impôt sur le revenu;2;2;0
110202;2019;Impôt sur le revenu;151;151;0
110221;2019;Impôt sur le revenu;1;1;0
110226;2019;Impôt sur le revenu;4;4;0
110229;2019;Impôt sur le revenu;0;0;0
110238;2019;Impôt sur le revenu;0;0;0
110239;2019;Impôt sur le revenu;0;0;0
110240;2019;Impôt sur le revenu;18;18;0
110241;2019;Impôt sur le revenu;0;0;0
110248;2019;Impôt sur le revenu;0;0;0
110249;2019;Impôt sur le revenu;29;29;0
110257;2019;Impôt sur le revenu;0;0;0
110260;2019;Impôt sur le revenu;7;7;0
110263;2019;Impôt sur le revenu;0;0;0
120101;2019;Impôt sur le revenu;1;1;0
120104;2019;Impôt sur le revenu;0;0;0
120116;2019;Impôt sur le revenu;10;10;0
120121;2019;Impôt sur le revenu;0;0;0
120139;2019;Impôt sur le revenu;4;4;0
120140;2019;Impôt sur le revenu;4;4;0
120143;2019;Impôt sur le revenu;1;1;0
120301;2019;Impôt sur le revenu;0;0;0
120509;2019;Impôt sur le revenu;0;0;0
130101;2019;Impôt sur le revenu;0;0;0
130213;2019;Impôt sur le revenu;0;0;0
130217;2019;Impôt sur le revenu;3;3;0
140120;2019;Impôt sur le revenu;10;10;0
140124;2019;Impôt sur le revenu;0;0;0
140127;2019;Impôt sur le revenu;0;0;0
140308;2019;Impôt sur le revenu;0;0;0
140309;2019;Impôt sur le revenu;1;1;0
150114;2019;Impôt sur le revenu;10;10;0
150117;2019;Impôt sur le revenu;10;10;0
150118;2019;Impôt sur le revenu;10;10;0
150119;2019;Impôt sur le revenu;0;0;0
150405;2019;Impôt sur le revenu;5;5;0
150706;2019;Impôt sur le revenu;0;0;0
150710;2019;Impôt sur le revenu;0;0;0
160103;2019;Impôt sur le revenu;0;0;0
160406;2019;Impôt sur le revenu;1;1;0
180101;2019;Impôt sur le revenu;0;0;0
180105;2019;Impôt sur le revenu;1;1;0
190211;2019;Impôt sur le revenu;0;0;0
200215;2019;Impôt sur le revenu et impôt sur les sociétés;1;1;0
200217;2019;Impôt sur le revenu et impôt sur les sociétés;10;10;0
210102;2019;Impôt sur le revenu et impôt sur les sociétés;0;0;0
220105;2019;Impôt sur le revenu et impôt sur les sociétés;2;2;0
230403;2019;Impôt sur le revenu et impôt sur les sociétés;1;1;0
230510;2019;Impôt sur le revenu et impôt sur les sociétés;0;0;0
300109;2019;Impôt sur les sociétés;0;0;0
300207;2019;Impôt sur les sociétés;0;0;0
300208;2019;Impôt sur les sociétés;5;5;0
300209;2019;Impôt sur les sociétés;6;6;0
300303;2019;Impôt sur les sociétés;0;0;0
310204;2019;Impôt sur les sociétés;0;0;0
320105;2019;Impôt sur les sociétés;15;15;0
320143;2019;Impôt sur les sociétés;0;0;0
500102;2019;Droits d'enregistrement et de timbre;4;4;0
510101;2019;Droits d'enregistrement et de timbre;0;0;0
520110;2019;Droits d'enregistrement et de timbre;500;500;0
520114;2019;Droits d'enregistrement et de timbre;0;0;0
520116;2019;Droits d'enregistrement et de timbre;0;0;0
520122;2019;Droits d'enregistrement et de timbre;0;0;0
520302;2019;Droits d'enregistrement et de timbre;0;0;0
530211;2019;Droits d'enregistrement et de timbre;0;0;0
550102;2019;Droits d'enregistrement et de timbre;0;0;0
580103;2019;Droits d'enregistrement et de timbre;0;0;0
710101;2019;Taxe sur la valeur ajoutée;1;1;0
720202;2019;Taxe sur la valeur ajoutée;0;0;0
720203;2019;Taxe sur la valeur ajoutée;1;1;0
730212;2019;Taxe sur la valeur ajoutée;24;24;0
800111;2019;TICPE / produits énergétiques hors gaz et charbons;0;0;0
800209;2019;TICPE / produits énergétiques hors gaz et charbons;0;0;0
800214;2019;TICPE / produits énergétiques hors gaz et charbons;0;0;0
920201;2019;Autres droits;0;0;0
950102;2019;Autres droits;12;12;0
970101;2019;Autres droits;0;0;0
050107;2019;Impôts locaux;0;0;0
050109;2019;Impôts locaux;10;10;0
060104;2019;Impôts locaux;2;2;0
060106;2019;Impôts locaux;1;1;0
060107;2019;Impôts locaux;0;0;0
060202;2019;Impôts locaux;0;0;0
090101;2019;Impôts locaux;0;0;0
090104;2019;Impôts locaux;7;7;0
090105;2019;Impôts locaux;0;0;0
090106;2019;Impôts locaux;0;0;0
090107;2019;Impôts locaux;0;0;0
090201;2019;Impôts locaux;0;0;0
100105;2020;Impôt sur le revenu;2;2;0
100202;2020;Impôt sur le revenu;4;4;0
110205;2020;Impôt sur le revenu;8;8;0
110229;2020;Impôt sur le revenu;0;0;0
110238;2020;Impôt sur le revenu;0;0;0
110239;2020;Impôt sur le revenu;0;0;0
110241;2020;Impôt sur le revenu;0;0;0
110245;2020;Impôt sur le revenu;22;22;0
110248;2020;Impôt sur le revenu;1;1;0
110257;2020;Impôt sur le revenu;0;0;0
110263;2020;Impôt sur le revenu;0;0;0
110264;2020;Impôt sur le revenu;1;1;0
120101;2020;Impôt sur le revenu;1;1;0
120104;2020;Impôt sur le revenu;0;0;0
120116;2020;Impôt sur le revenu;10;10;0
120139;2020;Impôt sur le revenu;4;4;0
120140;2020;Impôt sur le revenu;3;3;0
120141;2020;Impôt sur le revenu;1;1;0
120143;2020;Impôt sur le revenu;1;1;0
120206;2020;Impôt sur le revenu;80;80;0
120301;2020;Impôt sur le revenu;0;0;0
120509;2020;Impôt sur le revenu;0;0;0
130101;2020;Impôt sur le revenu;0;0;0
130213;2020;Impôt sur le revenu;0;0;0
140106;2020;Impôt sur le revenu;5;5;0
140308;2020;Impôt sur le revenu;0;0;0
140309;2020;Impôt sur le revenu;2;2;0
150114;2020;Impôt sur le revenu;10;10;0
150117;2020;Impôt sur le revenu;10;10;0
150118;2020;Impôt sur le revenu;10;10;0
150119;2020;Impôt sur le revenu;0;0;0
150403;2020;Impôt sur le revenu;5;5;0
150405;2020;Impôt sur le revenu;5;5;0
150706;2020;Impôt sur le revenu;0;0;0
150710;2020;Impôt sur le revenu;0;0;0
160103;2020;Impôt sur le revenu;0;0;0
160204;2020;Impôt sur le revenu;26;26;0
160406;2020;Impôt sur le revenu;1;1;0
180105;2020;Impôt sur le revenu;1;1;0
210315;2020;Impôt sur le revenu et impôt sur les sociétés;52;52;0
230510;2020;Impôt sur le revenu et impôt sur les sociétés;0;0;0
300109;2020;Impôt sur les sociétés;0;0;0
300209;2020;Impôt sur les sociétés;6;6;0
300303;2020;Impôt sur les sociétés;0;0;0
310204;2020;Impôt sur les sociétés;0;0;0
320115;2020;Impôt sur les sociétés;20;20;0
320143;2020;Impôt sur les sociétés;0;0;0
440103;2020;Autres impôts directs;8;8;0
510101;2020;Droits d'enregistrement et de timbre;0;0;0
520105;2020;Droits d'enregistrement et de timbre;0;0;0
520109;2020;Droits d'enregistrement et de timbre;50;50;0
520110;2020;Droits d'enregistrement et de timbre;500;500;0
520111;2020;Droits d'enregistrement et de timbre;1;1;0
520112;2020;Droits d'enregistrement et de timbre;20;20;0
520116;2020;Droits d'enregistrement et de timbre;0;0;0
520122;2020;Droits d'enregistrement et de timbre;0;0;0
520201;2020;Droits d'enregistrement et de timbre;100;100;0
520302;2020;Droits d'enregistrement et de timbre;0;0;0
550102;2020;Droits d'enregistrement et de timbre;0;0;0
580103;2020;Droits d'enregistrement et de timbre;0;0;0
710107;2020;Taxe sur la valeur ajoutée;1;1;0
720203;2020;Taxe sur la valeur ajoutée;1;1;0
800209;2020;TICPE / produits énergétiques hors gaz et charbons;0;0;0
950102;2020;Autres droits;10;10;0
040101;2020;Impôts locaux;0;0;0
040107;2020;Impôts locaux;1;1;0
040109;2020;Impôts locaux;3;3;0
040112;2020;Impôts locaux;0;0;0
050101;2020;Impôts locaux;28;28;0
050111;2020;Impôts locaux;0;0;0
050112;2020;Impôts locaux;0;0;0
050203;2020;Impôts locaux;0;0;0
060102;2020;Impôts locaux;107;107;0
060103;2020;Impôts locaux;1;1;0
060104;2020;Impôts locaux;2;2;0
060106;2020;Impôts locaux;1;1;0
060108;2020;Impôts locaux;9;9;0
060202;2020;Impôts locaux;0;0;0
090108;2020;Impôts locaux;17;17;0
090101;2020;Impôts locaux;0;0;0
090104;2020;Impôts locaux;7;7;0
090105;2020;Impôts locaux;0;0;0
090106;2020;Impôts locaux;0;0;0
090107;2020;Impôts locaux;0;0;0
090110;2020;Impôts locaux;5;5;0
090111;2020;Impôts locaux;0;0;0
100105;2021;Impôt sur le revenu;2;2;0
100202;2021;Impôt sur le revenu;2;2;0
110205;2021;Impôt sur le revenu;7;7;0
110229;2021;Impôt sur le revenu;0;0;0
110238;2021;Impôt sur le revenu;0;0;0
110239;2021;Impôt sur le revenu;0;0;0
110240;2021;Impôt sur le revenu;19;19;0
110241;2021;Impôt sur le revenu;0;0;0
110262;2021;Impôt sur le revenu;6;6;0
110263;2021;Impôt sur le revenu;0;0;0
120101;2021;Impôt sur le revenu;1;1;0
120104;2021;Impôt sur le revenu;0;0;0
120129;2021;Impôt sur le revenu;0;0;0
120146;2021;Impôt sur le revenu;2091;2091;0
130213;2021;Impôt sur le revenu;0;0;0
140106;2021;Impôt sur le revenu;4;4;0
140109;2021;Impôt sur le revenu;280;280;0
150118;2021;Impôt sur le revenu;10;10;0
150119;2021;Impôt sur le revenu;0;0;0
150403;2021;Impôt sur le revenu;5;5;0
150405;2021;Impôt sur le revenu;5;5;0
150706;2021;Impôt sur le revenu;0;0;0
150710;2021;Impôt sur le revenu;0;0;0
160103;2021;Impôt sur le revenu;0;0;0
160406;2021;Impôt sur le revenu;1;1;0
180105;2021;Impôt sur le revenu;1;1;0
180309;2021;Impôt sur le revenu;3;3;0
200217;2021;Impôt sur le revenu et impôt sur les sociétés;10;10;0
210203;2021;Impôt sur le revenu et impôt sur les sociétés;3;3;0
230303;2021;Impôt sur le revenu et impôt sur les sociétés;1;1;0
230403;2021;Impôt sur le revenu et impôt sur les sociétés;1;1;0
230510;2021;Impôt sur le revenu et impôt sur les sociétés;0;0;0
230609;2021;Impôt sur le revenu et impôt sur les sociétés;1;1;0
300109;2021;Impôt sur les sociétés;0;0;0
300303;2021;Impôt sur les sociétés;0;0;0
320115;2021;Impôt sur les sociétés;20;20;0
510101;2021;Droits d'enregistrement et de timbre;0;0;0
520109;2021;Droits d'enregistrement et de timbre;50;50;0
520110;2021;Droits d'enregistrement et de timbre;500;500;0
520111;2021;Droits d'enregistrement et de timbre;1;1;0
520112;2021;Droits d'enregistrement et de timbre;20;20;0
520116;2021;Droits d'enregistrement et de timbre;0;0;0
520122;2021;Droits d'enregistrement et de timbre;0;0;0
520201;2021;Droits d'enregistrement et de timbre;100;100;0
520302;2021;Droits d'enregistrement et de timbre;0;0;0
530208;2021;Droits d'enregistrement et de timbre;2;2;0
550102;2021;Droits d'enregistrement et de timbre;0;0;0
580103;2021;Droits d'enregistrement et de timbre;0;0;0
710105;2021;Taxe sur la valeur ajoutée;200;200;0
710107;2021;Taxe sur la valeur ajoutée;1;1;0
720203;2021;Taxe sur la valeur ajoutée;1;1;0
720206;2021;Taxe sur la valeur ajoutée;4;4;0
730226;2021;Taxe sur la valeur ajoutée;82;82;0
740105;2021;Taxe sur la valeur ajoutée;175;175;0
800209;2021;TICPE / produits énergétiques hors gaz et charbons;0;0;0
800211;2021;TICPE / produits énergétiques hors gaz et charbons;2;2;0
800228;2021;TICPE / produits énergétiques hors gaz et charbons;1;1;0
840202;2021;TICC / charbons;0;0;0
040101;2021;Impôts locaux;0;0;0
040107;2021;Impôts locaux;1;1;0
040111;2021;Impôts locaux;0;0;0
050101;2021;Impôts locaux;28;28;0
050107;2021;Impôts locaux;0;0;0
050110;2021;Impôts locaux;1;1;0
050111;2021;Impôts locaux;0;0;0
050112;2021;Impôts locaux;0;0;0
050203;2021;Impôts locaux;0;0;0
060103;2021;Impôts locaux;1;1;0
060104;2021;Impôts locaux;2;2;0
060105;2021;Impôts locaux;0;0;0
060106;2021;Impôts locaux;1;1;0
090101;2021;Impôts locaux;0;0;0
090104;2021;Impôts locaux;7;7;0
090107;2021;Impôts locaux;0;0;0
090110;2021;Impôts locaux;5;5;0
090111;2021;Impôts locaux;0;0;0
090201;2021;Impôts locaux;0;0;0
100105;2022;Impôt sur le revenu;2;2;0
100202;2022;Impôt sur le revenu;3;3;0
110226;2022;Impôt sur le revenu;4;4;0
110229;2022;Impôt sur le revenu;0;0;0
110239;2022;Impôt sur le revenu;0;0;0
110240;2022;Impôt sur le revenu;20;20;0
110241;2022;Impôt sur le revenu;0;0;0
110248;2022;Impôt sur le revenu;1;1;0
110258;2022;Impôt sur le revenu;1;1;0
110262;2022;Impôt sur le revenu;7;7;0
110263;2022;Impôt sur le revenu;0;0;0
110264;2022;Impôt sur le revenu;1;1;0
120101;2022;Impôt sur le revenu;1;1;0
120104;2022;Impôt sur le revenu;0;0;0
120145;2022;Impôt sur le revenu;12;12;0
120509;2022;Impôt sur le revenu;0;0;0
130213;2022;Impôt sur le revenu;0;0;0
130218;2022;Impôt sur le revenu;25;25;0
130302;2022;Impôt sur le revenu;20;20;0
140102;2022;Impôt sur le revenu;131;131;0
140103;2022;Impôt sur le revenu;12;12;0
140104;2022;Impôt sur le revenu;56;56;0
140106;2022;Impôt sur le revenu;3;3;0
140308;2022;Impôt sur le revenu;0;0;0
150118;2022;Impôt sur le revenu;10;10;0
150119;2022;Impôt sur le revenu;0;0;0
150405;2022;Impôt sur le revenu;5;5;0
150706;2022;Impôt sur le revenu;0;0;0
150710;2022;Impôt sur le revenu;0;0;0
160103;2022;Impôt sur le revenu;0;0;0
160406;2022;Impôt sur le revenu;1;1;0
200217;2022;Impôt sur le revenu et impôt sur les sociétés;8;8;0
210327;2022;Impôt sur le revenu et impôt sur les sociétés;1;1;0
220106;2022;Impôt sur le revenu et impôt sur les sociétés;40;40;0
230103;2022;Impôt sur le revenu et impôt sur les sociétés;0;0;0
230106;2022;Impôt sur le revenu et impôt sur les sociétés;0;0;0
230403;2022;Impôt sur le revenu et impôt sur les sociétés;1;1;0
230510;2022;Impôt sur le revenu et impôt sur les sociétés;0;0;0
230608;2022;Impôt sur le revenu et impôt sur les sociétés;2;2;0
300109;2022;Impôt sur les sociétés;0;0;0
300111;2022;Impôt sur les sociétés;5;5;0
320122;2022;Impôt sur les sociétés;8;8;0
320131;2022;Impôt sur les sociétés;0;0;0
430101;2022;Autres impôts directs;1;1;0
510101;2022;Droits d'enregistrement et de timbre;0;0;0
520109;2022;Droits d'enregistrement et de timbre;50;50;0
520110;2022;Droits d'enregistrement et de timbre;500;500;0
520111;2022;Droits d'enregistrement et de timbre;1;1;0
520112;2022;Droits d'enregistrement et de timbre;20;20;0
520114;2022;Droits d'enregistrement et de timbre;1;1;0
520116;2022;Droits d'enregistrement et de timbre;0;0;0
520122;2022;Droits d'enregistrement et de timbre;0;0;0
520201;2022;Droits d'enregistrement et de timbre;100;100;0
520302;2022;Droits d'enregistrement et de timbre;0;0;0
530208;2022;Droits d'enregistrement et de timbre;2;2;0
550102;2022;Droits d'enregistrement et de timbre;0;0;0
580103;2022;Droits d'enregistrement et de timbre;0;0;0
710101;2022;Taxe sur la valeur ajoutée;0;0;0
720203;2022;Taxe sur la valeur ajoutée;1;1;0
800209;2022;TICPE / produits énergétiques hors gaz et charbons;0;0;0
800210;2022;TICPE / produits énergétiques hors gaz et charbons;9;9;0
800211;2022;TICPE / produits énergétiques hors gaz et charbons;2;2;0
800214;2022;TICPE / produits énergétiques hors gaz et charbons;1;1;0
800228;2022;TICPE / produits énergétiques hors gaz et charbons;1;1;0
820205;2022;TICFE / électricité;4;4;0
830203;2022;TICGN / gaz naturels;1;1;0
840202;2022;TICC / charbons;0;0;0
940101;2022;Autres droits;0;0;0
940202;2022;Autres droits;0;0;0
970103;2022;Autres droits;0;0;0
040101;2022;Impôts locaux;0;0;0
040107;2022;Impôts locaux;1;1;0
040108;2022;Impôts locaux;14;14;0
040109;2022;Impôts locaux;0;0;0
040110;2022;Impôts locaux;3;3;0
040111;2022;Impôts locaux;0;0;0
050101;2022;Impôts locaux;28;28;0
050107;2022;Impôts locaux;0;0;0
050110;2022;Impôts locaux;1;1;0
050111;2022;Impôts locaux;0;0;0
050112;2022;Impôts locaux;0;0;0
050113;2022;Impôts locaux;0;0;0
050203;2022;Impôts locaux;0;0;0
060103;2022;Impôts locaux;1;1;0
060104;2022;Impôts locaux;2;2;0
060105;2022;Impôts locaux;0;0;0
060106;2022;Impôts locaux;1;1;0
060202;2022;Impôts locaux;0;0;0
070204;2022;Impôts locaux;0;0;0
090101;2022;Impôts locaux;0;0;0
090104;2022;Impôts locaux;7;7;0
090107;2022;Impôts locaux;0;0;0
090110;2022;Impôts locaux;5;5;0
090111;2022;Impôts locaux;0;0;0
090113;2022;Impôts locaux;0;0;0
110205;2023;Impôt sur le revenu;7;7;0
110218;2023;Impôt sur le revenu;58;58;0
110226;2023;Impôt sur le revenu;4;4;0
110239;2023;Impôt sur le revenu;0;0;0
110240;2023;Impôt sur le revenu;22;22;0
110241;2023;Impôt sur le revenu;0;0;0
110244;2023;Impôt sur le revenu;35;35;0
110248;2023;Impôt sur le revenu;1;1;0
110260;2023;Impôt sur le revenu;3;3;0
110263;2023;Impôt sur le revenu;0;0;0
120101;2023;Impôt sur le revenu;1;1;0
120104;2023;Impôt sur le revenu;0;0;0
120116;2023;Impôt sur le revenu;8;8;0
120129;2023;Impôt sur le revenu;0;0;0
120133;2023;Impôt sur le revenu;7;7;0
120141;2023;Impôt sur le revenu;0;0;0
120142;2023;Impôt sur le revenu;16;16;0
120144;2023;Impôt sur le revenu;8;8;0
120145;2023;Impôt sur le revenu;12;12;0
120509;2023;Impôt sur le revenu;0;0;0
130217;2023;Impôt sur le revenu;2;2;0
130218;2023;Impôt sur le revenu;27;27;0
140106;2023;Impôt sur le revenu;5;5;0
140309;2023;Impôt sur le revenu;5;5;0
150114;2023;Impôt sur le revenu;20;20;0
150117;2023;Impôt sur le revenu;15;15;0
150119;2023;Impôt sur le revenu;0;0;0
150120;2023;Impôt sur le revenu;50;50;0
150403;2023;Impôt sur le revenu;5;5;0
150405;2023;Impôt sur le revenu;5;5;0
150706;2023;Impôt sur le revenu;0;0;0
150710;2023;Impôt sur le revenu;0;0;0
160103;2023;Impôt sur le revenu;0;0;0
160201;2023;Impôt sur le revenu;0;0;0
160205;2023;Impôt sur le revenu;7;7;0
160406;2023;Impôt sur le revenu;1;1;0
200217;2023;Impôt sur le revenu et impôt sur les sociétés;4;4;0
200310;2023;Impôt sur le revenu et impôt sur les sociétés;320;320;0
200402;2023;Impôt sur le revenu et impôt sur les sociétés;7;7;0
210315;2023;Impôt sur le revenu et impôt sur les sociétés;81;81;0
210327;2023;Impôt sur le revenu et impôt sur les sociétés;1;1;0
230102;2023;Impôt sur le revenu et impôt sur les sociétés;5;5;0
230103;2023;Impôt sur le revenu et impôt sur les sociétés;0;0;0
230104;2023;Impôt sur le revenu et impôt sur les sociétés;0;0;0
230106;2023;Impôt sur le revenu et impôt sur les sociétés;0;0;0
230409;2023;Impôt sur le revenu et impôt sur les sociétés;4;4;0
230510;2023;Impôt sur le revenu et impôt sur les sociétés;0;0;0
230605;2023;Impôt sur le revenu et impôt sur les sociétés;2;2;0
230609;2023;Impôt sur le revenu et impôt sur les sociétés;1;1;0
300106;2023;Impôt sur les sociétés;0;0;0
300109;2023;Impôt sur les sociétés;0;0;0
300303;2023;Impôt sur les sociétés;1;1;0
310206;2023;Impôt sur les sociétés;1;1;0
320131;2023;Impôt sur les sociétés;0;0;0
430101;2023;Autres impôts directs;1;1;0
440103;2023;Autres impôts directs;8;8;0
500102;2023;Droits d'enregistrement et de timbre;8;8;0
510101;2023;Droits d'enregistrement et de timbre;0;0;0
520105;2023;Droits d'enregistrement et de timbre;1;1;0
520109;2023;Droits d'enregistrement et de timbre;50;50;0
520111;2023;Droits d'enregistrement et de timbre;1;1;0
520112;2023;Droits d'enregistrement et de timbre;20;20;0
520114;2023;Droits d'enregistrement et de timbre;1;1;0
520116;2023;Droits d'enregistrement et de timbre;0;0;0
520122;2023;Droits d'enregistrement et de timbre;0;0;0
520201;2023;Droits d'enregistrement et de timbre;100;100;0
520302;2023;Droits d'enregistrement et de timbre;0;0;0
530208;2023;Droits d'enregistrement et de timbre;2;2;0
550102;2023;Droits d'enregistrement et de timbre;0;0;0
580103;2023;Droits d'enregistrement et de timbre;0;0;0
710101;2023;Taxe sur la valeur ajoutée;0;0;0
730231;2023;Taxe sur la valeur ajoutée;315;315;0
800209;2023;TICPE / produits énergétiques hors gaz et charbons;0;0;0
800210;2023;TICPE / produits énergétiques hors gaz et charbons;7;7;0
800214;2023;TICPE / produits énergétiques hors gaz et charbons;1;1;0
800228;2023;TICPE / produits énergétiques hors gaz et charbons;1;1;0
820202;2023;TICFE / électricité;0;0;0
820204;2023;TICFE / électricité;0;0;0
820205;2023;TICFE / électricité;0;0;0
820206;2023;TICFE / électricité;0;0;0
820207;2023;TICFE / électricité;0;0;0
830203;2023;TICGN / gaz naturels;1;1;0
840202;2023;TICC / charbons;0;0;0
940101;2023;Autres droits;0;0;0
940201;2023;Autres droits;1;1;0
990101;2023;Autres droits;25;25;0
040101;2023;Impôts locaux;2;2;0
040109;2023;Impôts locaux;1;1;0
040110;2023;Impôts locaux;5;5;0
040111;2023;Impôts locaux;0;0;0
040112;2023;Impôts locaux;0;0;0
040113;2023;Impôts locaux;0;0;0
050107;2023;Impôts locaux;0;0;0
050111;2023;Impôts locaux;0;0;0
050112;2023;Impôts locaux;0;0;0
050113;2023;Impôts locaux;0;0;0
050203;2023;Impôts locaux;0;0;0
060103;2023;Impôts locaux;1;1;0
060104;2023;Impôts locaux;2;2;0
060105;2023;Impôts locaux;0;0;0
060106;2023;Impôts locaux;1;1;0
060202;2023;Impôts locaux;0;0;0
090101;2023;Impôts locaux;0;0;0
090104;2023;Impôts locaux;7;7;0
090107;2023;Impôts locaux;0;0;0
090110;2023;Impôts locaux;5;5;0
090111;2023;Impôts locaux;0;0;0
090113;2023;Impôts locaux;0;0;0
090114;2023;Impôts locaux;0;0;0
