perimetre,millesime,tarif,rang,taux_taxation,composante_carbone,boucliers_et_aides,prix_quotas_ets,prix_reel_quotas_ets,remboursement_indirect_ets,quantite,unite_tarif,unite_quantite
Carbone,2014,0.0,1,0.0,0.0,0.0,0.0,0.0,0.0,121.871013772,euro/tCO2,MtCO2
Carbone,2014,0.592499651,1,0.5924996514707932,0.0,0.0,0.0,0.0,0.0,0.411692592,euro/tCO2,MtCO2
Carbone,2014,0.594729345,1,0.5947293447293448,0.0,0.0,0.0,0.0,0.0,0.12480312,euro/tCO2,MtCO2
Carbone,2014,3.089304258,1,3.089304257528557,0.0,0.0,0.0,0.0,0.0,0.20141485,euro/tCO2,MtCO2
Carbone,2014,3.272827283,1,3.272827282728273,0.0,0.0,0.0,0.0,0.0,0.066756856,euro/tCO2,MtCO2
Carbone,2014,3.494244773,1,3.494244773314541,0.0,0.0,0.0,0.0,0.0,0.365636278,euro/tCO2,MtCO2
Carbone,2014,4.08,1,4.08,0.0,0.0,0.0,0.0,0.0,8.52042986,euro/tCO2,MtCO2
Carbone,2014,5.893205983,1,0.0,0.0,0.0,5.893205983140451,0.0,0.0,65.608682175,euro/tCO2,MtCO2
Carbone,2014,5.893205983,2,0.0,0.0,0.0,5.893205983140451,5.893205983140451,0.0,18.426590849,euro/tCO2,MtCO2
Carbone,2014,5.924996515,1,5.924996514707932,0.0,0.0,0.0,0.0,0.0,0.500707402,euro/tCO2,MtCO2
Carbone,2014,6.258114995,1,6.258114995467277,7.0,0.0,0.0,0.0,0.0,25.586164331,euro/tCO2,MtCO2
Carbone,2014,6.323315608,1,6.323315608133676,7.0,0.0,0.0,0.0,0.0,22.482217464,euro/tCO2,MtCO2
Carbone,2014,7.019230769,1,7.019230769230769,7.0,0.0,0.0,0.0,0.0,0.206119956,euro/tCO2,MtCO2
Carbone,2014,7.667642548,1,7.66764254844556,7.0,0.0,0.0,0.0,0.0,0.754257156,euro/tCO2,MtCO2
Carbone,2014,8.982510241,1,3.089304257528557,0.0,0.0,5.893205983140451,0.0,0.0,0.176237551,euro/tCO2,MtCO2
Carbone,2014,8.982510241,2,3.089304257528557,0.0,0.0,5.893205983140451,5.893205983140451,0.0,0.019923081,euro/tCO2,MtCO2
Carbone,2014,9.166033266,1,3.272827282728273,0.0,0.0,5.893205983140451,0.0,0.0,0.068565593,euro/tCO2,MtCO2
Carbone,2014,9.166033266,2,3.272827282728273,0.0,0.0,5.893205983140451,5.893205983140451,0.0,0.008422262,euro/tCO2,MtCO2
Carbone,2014,9.387450756,1,3.494244773314541,0.0,0.0,5.893205983140451,0.0,0.0,0.480084638,euro/tCO2,MtCO2
Carbone,2014,9.387450756,2,3.494244773314541,0.0,0.0,5.893205983140451,5.893205983140451,0.0,0.039759068,euro/tCO2,MtCO2
Carbone,2014,11.818202498,1,5.924996514707932,0.0,0.0,5.893205983140451,0.0,0.0,11.040563865,euro/tCO2,MtCO2
Carbone,2014,11.818202498,2,5.924996514707932,0.0,0.0,5.893205983140451,5.893205983140451,0.0,7.77828323,euro/tCO2,MtCO2
Carbone,2014,12.216521591,1,6.323315608133676,7.0,0.0,5.893205983140451,0.0,0.0,1.83809565,euro/tCO2,MtCO2
Carbone,2014,12.216521591,2,6.323315608133676,7.0,0.0,5.893205983140451,5.893205983140451,0.0,0.054090828,euro/tCO2,MtCO2
Carbone,2014,12.912436752,1,7.019230769230769,7.0,0.0,5.893205983140451,0.0,0.0,0.617493545,euro/tCO2,MtCO2
Carbone,2014,12.912436752,2,7.019230769230769,7.0,0.0,5.893205983140451,5.893205983140451,0.0,0.074988318,euro/tCO2,MtCO2
Carbone,2014,14.386470922,1,14.38647092219325,0.0,0.0,0.0,0.0,0.0,8.827649116,euro/tCO2,MtCO2
Carbone,2014,16.5,1,0.0,0.0,0.0,16.5,0.0,0.0,15.434783856,euro/tCO2,MtCO2
Carbone,2014,20.880445703,1,20.88044570267767,7.0,0.0,0.0,0.0,0.0,14.059356071,euro/tCO2,MtCO2
Carbone,2014,21.0979901,1,21.09799009960041,7.0,0.0,0.0,0.0,0.0,7.706444767,euro/tCO2,MtCO2
Carbone,2014,26.991196083,1,21.09799009960041,7.0,0.0,5.893205983140451,5.893205983140451,0.0,-0.029796138,euro/tCO2,MtCO2
Carbone,2014,26.991196083,2,21.09799009960041,7.0,0.0,5.893205983140451,0.0,0.0,-0.126900912,euro/tCO2,MtCO2
Carbone,2014,29.05,1,29.05,0.0,0.0,0.0,0.0,0.0,11.95185171,euro/tCO2,MtCO2
Carbone,2014,29.166118554,1,29.16611855417996,7.0,0.0,0.0,0.0,0.0,2.965074129,euro/tCO2,MtCO2
Carbone,2014,33.026182382,1,33.02618238206,7.0,0.0,0.0,0.0,0.0,1.676774068,euro/tCO2,MtCO2
Carbone,2014,35.059324537,1,29.16611855417996,7.0,0.0,5.893205983140451,0.0,0.0,0.10066813,euro/tCO2,MtCO2
Carbone,2014,35.059324537,2,29.16611855417996,7.0,0.0,5.893205983140451,5.893205983140451,0.0,0.010074193,euro/tCO2,MtCO2
Carbone,2014,38.919388365,1,33.02618238206,7.0,0.0,5.893205983140451,0.0,0.0,0.428385531,euro/tCO2,MtCO2
Carbone,2014,38.919388365,2,33.02618238206,7.0,0.0,5.893205983140451,5.893205983140451,0.0,0.069615414,euro/tCO2,MtCO2
Carbone,2014,44.135010077,1,44.13501007726749,7.0,0.0,0.0,0.0,0.0,0.23607207,euro/tCO2,MtCO2
Carbone,2014,112.572314666,1,112.5723146657124,0.0,0.0,0.0,0.0,0.0,0.410924944,euro/tCO2,MtCO2
Carbone,2014,142.56364908,1,142.5636490804403,7.0,0.0,0.0,0.0,0.0,0.429919672,euro/tCO2,MtCO2
Carbone,2014,146.083079859,1,146.0830798592473,0.0,0.0,0.0,0.0,0.0,2.257186795,euro/tCO2,MtCO2
Carbone,2014,150.788237077,1,150.7882370774595,7.0,0.0,0.0,0.0,0.0,1.393075003,euro/tCO2,MtCO2
Carbone,2014,154.785994604,1,154.7859946038754,0.0,0.0,0.0,0.0,0.0,0.019226894,euro/tCO2,MtCO2
Carbone,2014,159.688674181,1,159.6886741814278,7.0,0.0,0.0,0.0,0.0,1.738315113,euro/tCO2,MtCO2
Carbone,2014,160.993320212,1,160.9933202123218,0.0,0.0,0.0,0.0,0.0,18.687777064,euro/tCO2,MtCO2
Carbone,2014,164.720880301,1,164.7208803005905,7.0,0.0,0.0,0.0,0.0,78.255239169,euro/tCO2,MtCO2
Carbone,2014,225.824023014,1,225.824023013787,7.0,0.0,0.0,0.0,0.0,0.00864852,euro/tCO2,MtCO2
Carbone,2014,229.608135425,1,229.6081354253941,7.0,0.0,0.0,0.0,0.0,0.03158419,euro/tCO2,MtCO2
Carbone,2014,232.182123591,1,232.1821235907007,7.0,0.0,0.0,0.0,0.0,0.50583275,euro/tCO2,MtCO2
Carbone,2014,232.369098568,1,232.3690985677131,7.0,0.0,0.0,0.0,0.0,0.711214953,euro/tCO2,MtCO2
Carbone,2014,257.354639914,1,257.3546399136148,7.0,0.0,0.0,0.0,0.0,0.167611526,euro/tCO2,MtCO2
Carbone,2014,261.667107977,1,261.6671079765114,7.0,0.0,0.0,0.0,0.0,0.612113329,euro/tCO2,MtCO2
Carbone,2014,264.600488529,1,264.6004885291374,7.0,0.0,0.0,0.0,0.0,6.332227584,euro/tCO2,MtCO2
Carbone,2014,264.813569836,1,264.8135698357216,7.0,0.0,0.0,0.0,0.0,13.783609708,euro/tCO2,MtCO2
Carbone,2015,0.0,1,0.0,0.0,0.0,0.0,0.0,0.0,122.305563206,euro/tCO2,MtCO2
Carbone,2015,0.592499651,1,0.5924996514707932,0.0,0.0,0.0,0.0,0.0,0.367837802,euro/tCO2,MtCO2
Carbone,2015,0.594729345,1,0.5947293447293448,0.0,0.0,0.0,0.0,0.0,0.06240156,euro/tCO2,MtCO2
Carbone,2015,3.089304258,1,3.089304257528557,0.0,0.0,0.0,0.0,0.0,0.196850685,euro/tCO2,MtCO2
Carbone,2015,3.272827283,1,3.272827282728273,0.0,0.0,0.0,0.0,0.0,0.07280719,euro/tCO2,MtCO2
Carbone,2015,3.494244773,1,3.494244773314541,0.0,0.0,0.0,0.0,0.0,0.565870241,euro/tCO2,MtCO2
Carbone,2015,4.08,1,4.08,0.0,0.0,0.0,0.0,0.0,8.52042986,euro/tCO2,MtCO2
Carbone,2015,5.924996515,1,5.924996514707932,0.0,0.0,0.0,0.0,0.0,0.614072986,euro/tCO2,MtCO2
Carbone,2015,6.323315608,1,6.323315608133676,7.0,0.0,0.0,0.0,0.0,8.763878532,euro/tCO2,MtCO2
Carbone,2015,7.619650513,1,0.0,0.0,0.0,7.619650512909028,0.0,0.0,62.491834358,euro/tCO2,MtCO2
Carbone,2015,7.619650513,2,0.0,0.0,0.0,7.619650512909028,7.619650512909028,0.0,19.675332737,euro/tCO2,MtCO2
Carbone,2015,10.70895477,1,3.089304257528557,0.0,0.0,7.619650512909028,0.0,0.0,0.172003415,euro/tCO2,MtCO2
Carbone,2015,10.70895477,2,3.089304257528557,0.0,0.0,7.619650512909028,7.619650512909028,0.0,0.019761549,euro/tCO2,MtCO2
Carbone,2015,10.892477796,1,3.272827282728273,0.0,0.0,7.619650512909028,0.0,0.0,0.073193167,euro/tCO2,MtCO2
Carbone,2015,10.892477796,2,3.272827282728273,0.0,0.0,7.619650512909028,7.619650512909028,0.0,0.009425446,euro/tCO2,MtCO2
Carbone,2015,11.113895286,1,3.494244773314541,0.0,0.0,7.619650512909028,0.0,0.0,0.658864956,euro/tCO2,MtCO2
Carbone,2015,11.113895286,2,3.494244773314541,0.0,0.0,7.619650512909028,7.619650512909028,0.0,0.067115067,euro/tCO2,MtCO2
Carbone,2015,13.015144452,1,13.01514445180175,14.5,0.0,0.0,0.0,0.0,27.538046993,euro/tCO2,MtCO2
Carbone,2015,13.144530083,1,13.14453008304953,14.5,0.0,0.0,0.0,0.0,14.310563248,euro/tCO2,MtCO2
Carbone,2015,13.544647028,1,5.924996514707932,0.0,0.0,7.619650512909028,7.619650512909028,0.0,10.859246724,euro/tCO2,MtCO2
Carbone,2015,13.544647028,2,5.924996514707932,0.0,0.0,7.619650512909028,0.0,0.0,10.477186053,euro/tCO2,MtCO2
Carbone,2015,14.38643382,1,14.38643381985151,0.0,0.0,0.0,0.0,0.0,8.667910938,euro/tCO2,MtCO2
Carbone,2015,14.519230769,1,14.51923076923077,14.5,0.0,0.0,0.0,0.0,0.2434373,euro/tCO2,MtCO2
Carbone,2015,15.88297385,1,15.88297385035152,14.5,0.0,0.0,0.0,0.0,0.805138192,euro/tCO2,MtCO2
Carbone,2015,16.5,1,0.0,0.0,0.0,16.5,0.0,0.0,15.274512162,euro/tCO2,MtCO2
Carbone,2015,20.764180596,1,13.14453008304953,14.5,0.0,7.619650512909028,0.0,0.0,1.7336455,euro/tCO2,MtCO2
Carbone,2015,20.764180596,2,13.14453008304953,14.5,0.0,7.619650512909028,7.619650512909028,0.0,0.070075105,euro/tCO2,MtCO2
Carbone,2015,22.138881282,1,14.51923076923077,14.5,0.0,7.619650512909028,0.0,0.0,0.499200153,euro/tCO2,MtCO2
Carbone,2015,22.138881282,2,14.51923076923077,14.5,0.0,7.619650512909028,7.619650512909028,0.0,0.053229342,euro/tCO2,MtCO2
Carbone,2015,28.198235904,1,28.19823590423352,14.5,0.0,0.0,0.0,0.0,14.049507007,euro/tCO2,MtCO2
Carbone,2015,28.478559074,1,28.47855907437228,14.5,0.0,0.0,0.0,0.0,8.24818367,euro/tCO2,MtCO2
Carbone,2015,29.05,1,29.05,0.0,0.0,0.0,0.0,0.0,11.185554107,euro/tCO2,MtCO2
Carbone,2015,35.663662121,1,35.66366212107381,14.5,0.0,0.0,0.0,0.0,2.906915145,euro/tCO2,MtCO2
Carbone,2015,36.098209587,1,28.47855907437228,14.5,0.0,7.619650512909028,0.0,0.0,0.157189705,euro/tCO2,MtCO2
Carbone,2015,36.098209587,2,28.47855907437228,14.5,0.0,7.619650512909028,7.619650512909028,0.0,0.014226964,euro/tCO2,MtCO2
Carbone,2015,40.406751357,1,40.40675135683188,14.5,0.0,0.0,0.0,0.0,1.642972429,euro/tCO2,MtCO2
Carbone,2015,43.283312634,1,35.66366212107381,14.5,0.0,7.619650512909028,0.0,0.0,0.098299799,euro/tCO2,MtCO2
Carbone,2015,43.283312634,2,35.66366212107381,14.5,0.0,7.619650512909028,7.619650512909028,0.0,0.010123148,euro/tCO2,MtCO2
Carbone,2015,48.02640187,1,40.40675135683188,14.5,0.0,7.619650512909028,0.0,0.0,0.423757929,euro/tCO2,MtCO2
Carbone,2015,48.02640187,2,40.40675135683188,14.5,0.0,7.619650512909028,7.619650512909028,0.0,0.064203949,euro/tCO2,MtCO2
Carbone,2015,53.322967565,1,53.32296756547186,14.5,0.0,0.0,0.0,0.0,0.225597481,euro/tCO2,MtCO2
Carbone,2015,112.572314666,1,112.5723146657124,0.0,0.0,0.0,0.0,0.0,0.402255116,euro/tCO2,MtCO2
Carbone,2015,146.083079859,1,146.0830798592473,0.0,0.0,0.0,0.0,0.0,2.29408507,euro/tCO2,MtCO2
Carbone,2015,150.219488665,1,150.2194886649554,14.5,0.0,0.0,0.0,0.0,0.487012079,euro/tCO2,MtCO2
Carbone,2015,150.788237077,1,150.7882370774595,14.5,0.0,0.0,0.0,0.0,1.311129414,euro/tCO2,MtCO2
Carbone,2015,154.785994604,1,154.7859946038754,0.0,0.0,0.0,0.0,0.0,0.02588629,euro/tCO2,MtCO2
Carbone,2015,160.993320212,1,160.9933202123218,0.0,0.0,0.0,0.0,0.0,18.770239561,euro/tCO2,MtCO2
Carbone,2015,174.524363333,1,174.524363332737,14.5,0.0,0.0,0.0,0.0,2.12070665,euro/tCO2,MtCO2
Carbone,2015,179.556569452,1,179.5565694518996,14.5,0.0,0.0,0.0,0.0,78.510743625,euro/tCO2,MtCO2
Carbone,2015,232.331265761,1,232.3312657610431,14.5,0.0,0.0,0.0,0.0,0.009668956,euro/tCO2,MtCO2
Carbone,2015,236.115378173,1,236.1153781726502,14.5,0.0,0.0,0.0,0.0,0.045370097,euro/tCO2,MtCO2
Carbone,2015,238.684130308,1,238.6841303079916,14.5,0.0,0.0,0.0,0.0,0.570958904,euro/tCO2,MtCO2
Carbone,2015,238.876341315,1,238.8763413149692,14.5,0.0,0.0,0.0,0.0,0.746329324,euro/tCO2,MtCO2
Carbone,2015,264.770454634,1,264.7704546338597,14.5,0.0,0.0,0.0,0.0,0.175341099,euro/tCO2,MtCO2
Carbone,2015,269.082922697,1,269.0829226967564,14.5,0.0,0.0,0.0,0.0,0.822761327,euro/tCO2,MtCO2
Carbone,2015,272.01033614,1,272.0103361401781,14.5,0.0,0.0,0.0,0.0,6.688003534,euro/tCO2,MtCO2
Carbone,2015,272.229384556,1,272.2293845559665,14.5,0.0,0.0,0.0,0.0,13.534264734,euro/tCO2,MtCO2
Carbone,2016,0.0,1,0.0,0.0,0.0,0.0,0.0,0.0,123.306927925,euro/tCO2,MtCO2
Carbone,2016,0.592499651,1,0.5924996514707932,0.0,0.0,0.0,0.0,0.0,0.385770611,euro/tCO2,MtCO2
Carbone,2016,0.594729345,1,0.5947293447293448,0.0,0.0,0.0,0.0,0.0,0.06240156,euro/tCO2,MtCO2
Carbone,2016,3.089304258,1,3.089304257528557,0.0,0.0,0.0,0.0,0.0,0.17630427,euro/tCO2,MtCO2
Carbone,2016,3.272827283,1,3.272827282728273,0.0,0.0,0.0,0.0,0.0,0.056922756,euro/tCO2,MtCO2
Carbone,2016,3.494244773,1,3.494244773314541,0.0,0.0,0.0,0.0,0.0,0.534090938,euro/tCO2,MtCO2
Carbone,2016,4.08,1,4.08,0.0,0.0,0.0,0.0,0.0,8.52042986,euro/tCO2,MtCO2
Carbone,2016,5.25984511,1,0.0,0.0,0.0,5.259845110198853,0.0,0.0,59.668961753,euro/tCO2,MtCO2
Carbone,2016,5.25984511,2,0.0,0.0,0.0,5.259845110198853,5.259845110198853,0.0,18.718508975,euro/tCO2,MtCO2
Carbone,2016,7.568062775,1,7.568062775089124,0.0,0.0,0.0,0.0,0.0,0.782081236,euro/tCO2,MtCO2
Carbone,2016,7.966381869,1,7.966381868514868,7.0,0.0,0.0,0.0,0.0,1.517098681,euro/tCO2,MtCO2
Carbone,2016,8.349149368,1,3.089304257528557,0.0,0.0,5.259845110198853,0.0,0.0,0.148094483,euro/tCO2,MtCO2
Carbone,2016,8.349149368,2,3.089304257528557,0.0,0.0,5.259845110198853,5.259845110198853,0.0,0.020021044,euro/tCO2,MtCO2
Carbone,2016,8.532672393,1,3.272827282728273,0.0,0.0,5.259845110198853,0.0,0.0,0.055133204,euro/tCO2,MtCO2
Carbone,2016,8.532672393,2,3.272827282728273,0.0,0.0,5.259845110198853,5.259845110198853,0.0,0.010283968,euro/tCO2,MtCO2
Carbone,2016,8.754089884,1,3.494244773314541,0.0,0.0,5.259845110198853,0.0,0.0,0.631658132,euro/tCO2,MtCO2
Carbone,2016,8.754089884,2,3.494244773314541,0.0,0.0,5.259845110198853,5.259845110198853,0.0,0.079975898,euro/tCO2,MtCO2
Carbone,2016,12.827907885,1,7.568062775089124,0.0,0.0,5.259845110198853,5.259845110198853,0.0,16.958874154,euro/tCO2,MtCO2
Carbone,2016,12.827907885,2,7.568062775089124,0.0,0.0,5.259845110198853,0.0,0.0,15.097144319,euro/tCO2,MtCO2
Carbone,2016,14.386286471,1,14.38628647139605,0.0,0.0,0.0,0.0,0.0,8.467705007,euro/tCO2,MtCO2
Carbone,2016,16.5,1,0.0,0.0,0.0,16.5,0.0,0.0,14.98289229,euro/tCO2,MtCO2
Carbone,2016,20.513433311,1,20.51343331142579,22.0,0.0,0.0,0.0,0.0,0.825587736,euro/tCO2,MtCO2
Carbone,2016,21.401540934,1,21.40154093416553,22.0,0.0,0.0,0.0,0.0,29.787976222,euro/tCO2,MtCO2
Carbone,2016,21.608810818,1,21.60881081834658,22.0,0.0,0.0,0.0,0.0,15.179847545,euro/tCO2,MtCO2
Carbone,2016,22.051282051,1,22.05128205128205,22.0,0.0,0.0,0.0,0.0,0.181518843,euro/tCO2,MtCO2
Carbone,2016,26.868655929,1,21.60881081834658,22.0,0.0,5.259845110198853,0.0,0.0,1.525626822,euro/tCO2,MtCO2
Carbone,2016,26.868655929,2,21.60881081834658,22.0,0.0,5.259845110198853,5.259845110198853,0.0,0.039986131,euro/tCO2,MtCO2
Carbone,2016,27.311127161,1,22.05128205128205,22.0,0.0,5.259845110198853,0.0,0.0,0.379526425,euro/tCO2,MtCO2
Carbone,2016,27.311127161,2,22.05128205128205,22.0,0.0,5.259845110198853,5.259845110198853,0.0,0.041129786,euro/tCO2,MtCO2
Carbone,2016,29.05,1,29.05,0.0,0.0,0.0,0.0,0.0,11.276182194,euro/tCO2,MtCO2
Carbone,2016,35.552088385,1,35.55208838485084,22.0,0.0,0.0,0.0,0.0,12.91764988,euro/tCO2,MtCO2
Carbone,2016,35.89640365,1,35.89640365002685,22.0,0.0,0.0,0.0,0.0,7.520325117,euro/tCO2,MtCO2
Carbone,2016,41.15624876,1,35.89640365002685,22.0,0.0,5.259845110198853,0.0,0.0,0.16955603,euro/tCO2,MtCO2
Carbone,2016,41.15624876,2,35.89640365002685,22.0,0.0,5.259845110198853,5.259845110198853,0.0,0.022300257,euro/tCO2,MtCO2
Carbone,2016,42.169801431,1,42.16980143064145,22.0,0.0,0.0,0.0,0.0,2.834657349,euro/tCO2,MtCO2
Carbone,2016,47.429646541,1,42.16980143064145,22.0,0.0,5.259845110198853,0.0,0.0,0.091834757,euro/tCO2,MtCO2
Carbone,2016,47.429646541,2,42.16980143064145,22.0,0.0,5.259845110198853,5.259845110198853,0.0,0.013771486,euro/tCO2,MtCO2
Carbone,2016,47.824595932,1,47.82459593248644,22.0,0.0,0.0,0.0,0.0,1.60060755,euro/tCO2,MtCO2
Carbone,2016,53.084441043,1,47.82459593248644,22.0,0.0,5.259845110198853,0.0,0.0,0.422158946,euro/tCO2,MtCO2
Carbone,2016,53.084441043,2,47.82459593248644,22.0,0.0,5.259845110198853,5.259845110198853,0.0,0.053220587,euro/tCO2,MtCO2
Carbone,2016,57.301681299,1,57.30168129920323,22.0,0.0,0.0,0.0,0.0,0.204920753,euro/tCO2,MtCO2
Carbone,2016,112.572314666,1,112.5723146657124,0.0,0.0,0.0,0.0,0.0,0.403636065,euro/tCO2,MtCO2
Carbone,2016,146.083079859,1,146.0830798592473,0.0,0.0,0.0,0.0,0.0,2.397802598,euro/tCO2,MtCO2
Carbone,2016,150.788237077,1,150.7882370774595,22.0,0.0,0.0,0.0,0.0,0.885642705,euro/tCO2,MtCO2
Carbone,2016,154.785994604,1,154.7859946038754,0.0,0.0,0.0,0.0,0.0,0.033305316,euro/tCO2,MtCO2
Carbone,2016,157.848002596,1,157.8480025960228,22.0,0.0,0.0,0.0,0.0,0.531440349,euro/tCO2,MtCO2
Carbone,2016,160.993320212,1,160.9933202123218,0.0,0.0,0.0,0.0,0.0,19.703512875,euro/tCO2,MtCO2
Carbone,2016,185.669767997,1,185.6697679966601,22.0,0.0,0.0,0.0,0.0,2.159514779,euro/tCO2,MtCO2
Carbone,2016,190.701974116,1,190.7019741158228,22.0,0.0,0.0,0.0,0.0,76.982555977,euro/tCO2,MtCO2
Carbone,2016,237.587861734,1,237.5878617335646,22.0,0.0,0.0,0.0,0.0,0.591493008,euro/tCO2,MtCO2
Carbone,2016,242.584788113,1,242.5847881132361,22.0,0.0,0.0,0.0,0.0,0.046012683,euro/tCO2,MtCO2
Carbone,2016,245.345751256,1,245.3457512555552,22.0,0.0,0.0,0.0,0.0,0.71883803,euro/tCO2,MtCO2
Carbone,2016,270.761001369,1,270.7610013685491,22.0,0.0,0.0,0.0,0.0,7.225980116,euro/tCO2,MtCO2
Carbone,2016,276.455622215,1,276.4556222151393,22.0,0.0,0.0,0.0,0.0,0.870236354,euro/tCO2,MtCO2
Carbone,2016,279.602084074,1,279.6020840743495,22.0,0.0,0.0,0.0,0.0,13.595359926,euro/tCO2,MtCO2
Carbone,2017,0.0,1,0.0,0.0,0.0,0.0,0.0,0.0,124.112867644,euro/tCO2,MtCO2
Carbone,2017,0.592499651,1,0.5924996514707932,0.0,0.0,0.0,0.0,0.0,0.385806863,euro/tCO2,MtCO2
Carbone,2017,0.594729345,1,0.5947293447293448,0.0,0.0,0.0,0.0,0.0,0.06240156,euro/tCO2,MtCO2
Carbone,2017,3.089304258,1,3.089304257528557,0.0,0.0,0.0,0.0,0.0,0.154250063,euro/tCO2,MtCO2
Carbone,2017,3.272827283,1,3.272827282728273,0.0,0.0,0.0,0.0,0.0,0.023658405,euro/tCO2,MtCO2
Carbone,2017,3.494244773,1,3.494244773314541,0.0,0.0,0.0,0.0,0.0,0.622200739,euro/tCO2,MtCO2
Carbone,2017,4.08,1,4.08,0.0,0.0,0.0,0.0,0.0,8.52042986,euro/tCO2,MtCO2
Carbone,2017,5.773452091,1,0.0,0.0,0.0,5.77345209116945,0.0,0.0,57.357682059,euro/tCO2,MtCO2
Carbone,2017,5.773452091,2,0.0,0.0,0.0,5.77345209116945,1.828568258520311,3.94488383264914,17.231336979,euro/tCO2,MtCO2
Carbone,2017,5.773452091,3,0.0,0.0,0.0,5.77345209116945,5.77345209116945,0.0,6.297566188,euro/tCO2,MtCO2
Carbone,2017,7.568062775,1,7.568062775089124,0.0,0.0,0.0,0.0,0.0,0.699276545,euro/tCO2,MtCO2
Carbone,2017,7.966381869,1,7.966381868514868,7.0,0.0,0.0,0.0,0.0,0.702367427,euro/tCO2,MtCO2
Carbone,2017,8.862756349,1,3.089304257528557,0.0,0.0,5.77345209116945,0.0,0.0,0.136860831,euro/tCO2,MtCO2
Carbone,2017,8.862756349,2,3.089304257528557,0.0,0.0,5.77345209116945,5.77345209116945,0.0,0.027164782,euro/tCO2,MtCO2
Carbone,2017,9.046279374,1,3.272827282728273,0.0,0.0,5.77345209116945,0.0,0.0,0.024872,euro/tCO2,MtCO2
Carbone,2017,9.046279374,2,3.272827282728273,0.0,0.0,5.77345209116945,5.77345209116945,0.0,0.006481713,euro/tCO2,MtCO2
Carbone,2017,9.267696864,1,3.494244773314541,0.0,0.0,5.77345209116945,0.0,0.0,0.728350334,euro/tCO2,MtCO2
Carbone,2017,9.267696864,2,3.494244773314541,0.0,0.0,5.77345209116945,5.77345209116945,0.0,0.150462491,euro/tCO2,MtCO2
Carbone,2017,13.341514866,1,7.568062775089124,0.0,0.0,5.77345209116945,1.828568258520311,3.94488383264914,16.285066629,euro/tCO2,MtCO2
Carbone,2017,13.341514866,2,7.568062775089124,0.0,0.0,5.77345209116945,0.0,0.0,14.288366815,euro/tCO2,MtCO2
Carbone,2017,13.341514866,3,7.568062775089124,0.0,0.0,5.77345209116945,5.77345209116945,0.0,3.315877747,euro/tCO2,MtCO2
Carbone,2017,14.386255821,1,14.38625582107005,0.0,0.0,0.0,0.0,0.0,8.695812117,euro/tCO2,MtCO2
Carbone,2017,16.5,1,0.0,0.0,0.0,16.5,0.0,0.0,14.426271729,euro/tCO2,MtCO2
Carbone,2017,28.989737198,1,28.989737198124,30.5,0.0,0.0,0.0,0.0,28.945940268,euro/tCO2,MtCO2
Carbone,2017,29.05,1,29.05,0.0,0.0,0.0,0.0,0.0,11.392765424,euro/tCO2,MtCO2
Carbone,2017,29.276453367,1,29.27645336679214,30.5,0.0,0.0,0.0,0.0,15.903565871,euro/tCO2,MtCO2
Carbone,2017,29.82414212,1,29.82414212025254,30.5,0.0,0.0,0.0,0.0,0.878526685,euro/tCO2,MtCO2
Carbone,2017,30.576923077,1,30.57692307692307,30.5,0.0,0.0,0.0,0.0,0.156758692,euro/tCO2,MtCO2
Carbone,2017,35.049905458,1,29.27645336679214,30.5,0.0,5.77345209116945,0.0,0.0,1.008138147,euro/tCO2,MtCO2
Carbone,2017,35.049905458,2,29.27645336679214,30.5,0.0,5.77345209116945,5.77345209116945,0.0,0.059719275,euro/tCO2,MtCO2
Carbone,2017,36.350375168,1,30.57692307692307,30.5,0.0,5.77345209116945,0.0,0.0,0.401093779,euro/tCO2,MtCO2
Carbone,2017,36.350375168,2,30.57692307692307,30.5,0.0,5.77345209116945,5.77345209116945,0.0,0.072592845,euro/tCO2,MtCO2
Carbone,2017,43.886638982,1,43.88663898197647,30.5,0.0,0.0,0.0,0.0,12.803332244,euro/tCO2,MtCO2
Carbone,2017,44.32068945,1,44.32068944951394,30.5,0.0,0.0,0.0,0.0,7.194682826,euro/tCO2,MtCO2
Carbone,2017,49.641878819,1,49.64187881854744,30.5,0.0,0.0,0.0,0.0,2.93326736,euro/tCO2,MtCO2
Carbone,2017,50.094141541,1,44.32068944951394,30.5,0.0,5.77345209116945,0.0,0.0,0.115268691,euro/tCO2,MtCO2
Carbone,2017,50.094141541,2,44.32068944951394,30.5,0.0,5.77345209116945,5.77345209116945,0.0,0.022458093,euro/tCO2,MtCO2
Carbone,2017,54.549607036,1,54.54960703623464,0.0,0.0,0.0,0.0,0.0,0.087983637,euro/tCO2,MtCO2
Carbone,2017,55.41533091,1,49.64187881854744,30.5,0.0,5.77345209116945,0.0,0.0,0.076828648,euro/tCO2,MtCO2
Carbone,2017,55.41533091,2,49.64187881854744,30.5,0.0,5.77345209116945,5.77345209116945,0.0,0.016258648,euro/tCO2,MtCO2
Carbone,2017,56.248881732,1,56.24888173197353,30.5,0.0,0.0,0.0,0.0,2.022617084,euro/tCO2,MtCO2
Carbone,2017,62.022333823,1,56.24888173197353,30.5,0.0,5.77345209116945,0.0,0.0,0.097429886,euro/tCO2,MtCO2
Carbone,2017,62.022333823,2,56.24888173197353,30.5,0.0,5.77345209116945,5.77345209116945,0.0,0.018544914,euro/tCO2,MtCO2
Carbone,2017,67.679151141,1,67.6791511407912,30.5,0.0,0.0,0.0,0.0,0.183135054,euro/tCO2,MtCO2
Carbone,2017,112.572314666,1,112.5723146657124,0.0,0.0,0.0,0.0,0.0,0.414029825,euro/tCO2,MtCO2
Carbone,2017,146.083079859,1,146.0830798592473,0.0,0.0,0.0,0.0,0.0,2.416484398,euro/tCO2,MtCO2
Carbone,2017,150.788237077,1,150.7882370774595,30.5,0.0,0.0,0.0,0.0,0.914008486,euro/tCO2,MtCO2
Carbone,2017,154.785994604,1,154.7859946038754,0.0,0.0,0.0,0.0,0.0,0.039364656,euro/tCO2,MtCO2
Carbone,2017,160.993320212,1,160.9933202123218,0.0,0.0,0.0,0.0,0.0,20.289172406,euro/tCO2,MtCO2
Carbone,2017,166.437754891,1,166.4377548910836,30.5,0.0,0.0,0.0,0.0,0.560194813,euro/tCO2,MtCO2
Carbone,2017,197.821613884,1,197.8216138844159,30.5,0.0,0.0,0.0,0.0,2.102988018,euro/tCO2,MtCO2
Carbone,2017,202.853820004,1,202.8538200035785,30.5,0.0,0.0,0.0,0.0,68.044842369,euro/tCO2,MtCO2
Carbone,2017,209.89890857,1,209.8989085704062,30.5,0.0,0.0,0.0,0.0,7.854158816,euro/tCO2,MtCO2
Carbone,2017,241.179086374,1,241.1790863739288,30.5,0.0,0.0,0.0,0.0,0.444028177,euro/tCO2,MtCO2
Carbone,2017,242.394792335,1,242.3947923352879,30.5,0.0,0.0,0.0,0.0,0.008235456,euro/tCO2,MtCO2
Carbone,2017,245.034927567,1,245.0349275667408,30.5,0.0,0.0,0.0,0.0,0.101707953,euro/tCO2,MtCO2
Carbone,2017,246.178904747,1,246.1789047468949,30.5,0.0,0.0,0.0,0.0,0.037760443,euro/tCO2,MtCO2
Carbone,2017,248.939867889,1,248.939867889214,30.5,0.0,0.0,0.0,0.0,0.495671257,euro/tCO2,MtCO2
Carbone,2017,252.79881417,1,252.7988141695635,30.5,0.0,0.0,0.0,0.0,0.069178424,euro/tCO2,MtCO2
Carbone,2017,274.853649758,1,274.853649758368,30.5,0.0,0.0,0.0,0.0,6.671070523,euro/tCO2,MtCO2
Carbone,2017,276.239098329,1,276.2390983291222,30.5,0.0,0.0,0.0,0.0,0.191551336,euro/tCO2,MtCO2
Carbone,2017,279.247861714,1,279.2478617137526,30.5,0.0,0.0,0.0,0.0,1.528058264,euro/tCO2,MtCO2
Carbone,2017,280.551566392,1,280.5515663920187,30.5,0.0,0.0,0.0,0.0,0.878283247,euro/tCO2,MtCO2
Carbone,2017,283.698028251,1,283.6980282512289,30.5,0.0,0.0,0.0,0.0,11.528989785,euro/tCO2,MtCO2
Carbone,2017,288.095778841,1,288.0957788411416,30.5,0.0,0.0,0.0,0.0,1.609044978,euro/tCO2,MtCO2
Carbone,2018,0.0,1,0.0,0.0,0.0,0.0,0.0,0.0,123.580538635,euro/tCO2,MtCO2
Carbone,2018,0.592499651,1,0.5924996514707932,0.0,0.0,0.0,0.0,0.0,0.438240754,euro/tCO2,MtCO2
Carbone,2018,0.594729345,1,0.5947293447293448,0.0,0.0,0.0,0.0,0.0,0.06240156,euro/tCO2,MtCO2
Carbone,2018,3.089304258,1,3.089304257528557,0.0,0.0,0.0,0.0,0.0,0.15667934,euro/tCO2,MtCO2
Carbone,2018,3.272827283,1,3.272827282728273,0.0,0.0,0.0,0.0,0.0,0.03639476,euro/tCO2,MtCO2
Carbone,2018,3.494244773,1,3.494244773314541,0.0,0.0,0.0,0.0,0.0,0.654478458,euro/tCO2,MtCO2
Carbone,2018,3.731656184,1,3.731656184486373,0.0,0.0,0.0,0.0,0.0,0.632024119,euro/tCO2,MtCO2
Carbone,2018,4.08,1,4.08,0.0,0.0,0.0,0.0,0.0,8.52042986,euro/tCO2,MtCO2
Carbone,2018,7.568062775,1,7.568062775089124,0.0,0.0,0.0,0.0,0.0,0.846530032,euro/tCO2,MtCO2
Carbone,2018,7.966381869,1,7.966381868514868,7.0,0.0,0.0,0.0,0.0,0.957086884,euro/tCO2,MtCO2
Carbone,2018,14.386626385,1,14.38662638468962,0.0,0.0,0.0,0.0,0.0,8.650578175,euro/tCO2,MtCO2
Carbone,2018,15.078483452,1,0.0,0.0,0.0,15.07848345205688,0.0,0.0,53.094722518,euro/tCO2,MtCO2
Carbone,2018,15.078483452,2,0.0,0.0,0.0,15.07848345205688,10.74839438367979,4.330089068377088,11.158833239,euro/tCO2,MtCO2
Carbone,2018,15.078483452,3,0.0,0.0,0.0,15.07848345205688,15.07848345205688,0.0,8.913396309,euro/tCO2,MtCO2
Carbone,2018,16.5,1,0.0,0.0,0.0,16.5,0.0,0.0,13.035252735,euro/tCO2,MtCO2
Carbone,2018,18.16778771,1,3.089304257528557,0.0,0.0,15.07848345205688,0.0,0.0,0.166315863,euro/tCO2,MtCO2
Carbone,2018,18.16778771,2,3.089304257528557,0.0,0.0,15.07848345205688,15.07848345205688,0.0,0.03705035,euro/tCO2,MtCO2
Carbone,2018,18.351310735,1,3.272827282728273,0.0,0.0,15.07848345205688,0.0,0.0,0.043867955,euro/tCO2,MtCO2
Carbone,2018,18.351310735,2,3.272827282728273,0.0,0.0,15.07848345205688,15.07848345205688,0.0,0.01476821,euro/tCO2,MtCO2
Carbone,2018,18.572728225,1,3.494244773314541,0.0,0.0,15.07848345205688,0.0,0.0,0.835772193,euro/tCO2,MtCO2
Carbone,2018,18.572728225,2,3.494244773314541,0.0,0.0,15.07848345205688,15.07848345205688,0.0,0.236457317,euro/tCO2,MtCO2
Carbone,2018,22.646546227,1,7.568062775089124,0.0,0.0,15.07848345205688,0.0,0.0,14.364419522,euro/tCO2,MtCO2
Carbone,2018,22.646546227,2,7.568062775089124,0.0,0.0,15.07848345205688,10.74839438367979,4.330089068377088,11.704437802,euro/tCO2,MtCO2
Carbone,2018,22.646546227,3,7.568062775089124,0.0,0.0,15.07848345205688,15.07848345205688,0.0,5.151534257,euro/tCO2,MtCO2
Carbone,2018,29.05,1,29.05,0.0,0.0,0.0,0.0,0.0,11.115712194,euro/tCO2,MtCO2
Carbone,2018,29.82414212,1,29.82414212025254,30.5,0.0,0.0,0.0,0.0,0.928472063,euro/tCO2,MtCO2
Carbone,2018,41.627931353,1,41.6279313528953,44.6,0.0,0.0,0.0,0.0,27.262886863,euro/tCO2,MtCO2
Carbone,2018,42.072454243,1,42.07245424309414,44.6,0.0,0.0,0.0,0.0,15.735684355,euro/tCO2,MtCO2
Carbone,2018,44.711538462,1,44.71153846153846,44.6,0.0,0.0,0.0,0.0,0.106339811,euro/tCO2,MtCO2
Carbone,2018,57.150937695,1,42.07245424309414,44.6,0.0,15.07848345205688,0.0,0.0,1.110258392,euro/tCO2,MtCO2
Carbone,2018,57.150937695,2,42.07245424309414,44.6,0.0,15.07848345205688,15.07848345205688,0.0,0.141610068,euro/tCO2,MtCO2
Carbone,2018,57.609308922,1,57.60930892239853,44.6,0.0,0.0,0.0,0.0,11.341214602,euro/tCO2,MtCO2
Carbone,2018,58.224488579,1,58.2244885787559,44.6,0.0,0.0,0.0,0.0,7.057706945,euro/tCO2,MtCO2
Carbone,2018,59.790021914,1,44.71153846153846,44.6,0.0,15.07848345205688,0.0,0.0,0.383043341,euro/tCO2,MtCO2
Carbone,2018,59.790021914,2,44.71153846153846,44.6,0.0,15.07848345205688,15.07848345205688,0.0,0.064218528,euro/tCO2,MtCO2
Carbone,2018,62.130312193,1,62.1303121929304,44.6,0.0,0.0,0.0,0.0,2.893046528,euro/tCO2,MtCO2
Carbone,2018,67.679151141,1,67.6791511407912,44.6,0.0,0.0,0.0,0.0,0.157554125,euro/tCO2,MtCO2
Carbone,2018,68.578305126,1,68.57830512631837,0.0,0.0,0.0,0.0,0.0,0.136372578,euro/tCO2,MtCO2
Carbone,2018,70.152680861,1,70.1526808612155,44.6,0.0,0.0,0.0,0.0,2.009802333,euro/tCO2,MtCO2
Carbone,2018,73.302972031,1,58.2244885787559,44.6,0.0,15.07848345205688,0.0,0.0,0.265636403,euro/tCO2,MtCO2
Carbone,2018,73.302972031,2,58.2244885787559,44.6,0.0,15.07848345205688,15.07848345205688,0.0,0.06757617,euro/tCO2,MtCO2
Carbone,2018,77.208795645,1,62.1303121929304,44.6,0.0,15.07848345205688,0.0,0.0,0.082963148,euro/tCO2,MtCO2
Carbone,2018,77.208795645,2,62.1303121929304,44.6,0.0,15.07848345205688,15.07848345205688,0.0,0.022544957,euro/tCO2,MtCO2
Carbone,2018,85.231164313,1,70.1526808612155,44.6,0.0,15.07848345205688,0.0,0.0,0.100099372,euro/tCO2,MtCO2
Carbone,2018,85.231164313,2,70.1526808612155,44.6,0.0,15.07848345205688,15.07848345205688,0.0,0.016275564,euro/tCO2,MtCO2
Carbone,2018,112.572314666,1,112.5723146657124,0.0,0.0,0.0,0.0,0.0,0.425695377,euro/tCO2,MtCO2
Carbone,2018,146.083079859,1,146.0830798592473,0.0,0.0,0.0,0.0,0.0,2.417307915,euro/tCO2,MtCO2
Carbone,2018,150.788237077,1,150.7882370774595,44.6,0.0,0.0,0.0,0.0,0.975288027,euro/tCO2,MtCO2
Carbone,2018,154.785994604,1,154.7859946038754,0.0,0.0,0.0,0.0,0.0,0.04437596,euro/tCO2,MtCO2
Carbone,2018,160.993320212,1,160.9933202123218,0.0,0.0,0.0,0.0,0.0,21.430065409,euro/tCO2,MtCO2
Carbone,2018,180.600352583,1,180.6003525834321,44.6,0.0,0.0,0.0,0.0,0.52268426,euro/tCO2,MtCO2
Carbone,2018,221.417069243,1,221.4170692431562,44.6,0.0,0.0,0.0,0.0,1.995847404,euro/tCO2,MtCO2
Carbone,2018,225.442834138,1,225.4428341384863,44.6,0.0,0.0,0.0,0.0,9.812267688,euro/tCO2,MtCO2
Carbone,2018,226.449275362,1,226.4492753623189,44.6,0.0,0.0,0.0,0.0,53.611785864,euro/tCO2,MtCO2
Carbone,2018,233.494363929,1,233.4943639291466,44.6,0.0,0.0,0.0,0.0,7.399261667,euro/tCO2,MtCO2
Carbone,2018,252.989642185,1,252.9896421845575,44.6,0.0,0.0,0.0,0.0,0.079453197,euro/tCO2,MtCO2
Carbone,2018,253.554613936,1,253.5546139359699,44.6,0.0,0.0,0.0,0.0,0.418664284,euro/tCO2,MtCO2
Carbone,2018,254.576943772,1,254.576943771859,44.6,0.0,0.0,0.0,0.0,0.008501183,euro/tCO2,MtCO2
Carbone,2018,257.415254237,1,257.4152542372882,44.6,0.0,0.0,0.0,0.0,0.10870889,euro/tCO2,MtCO2
Carbone,2018,258.36023675,1,258.3602367500673,44.6,0.0,0.0,0.0,0.0,0.037322935,euro/tCO2,MtCO2
Carbone,2018,260.556228141,1,260.5562281409739,44.6,0.0,0.0,0.0,0.0,0.073868774,euro/tCO2,MtCO2
Carbone,2018,261.121199892,1,261.1211998923864,44.6,0.0,0.0,0.0,0.0,0.386482395,euro/tCO2,MtCO2
Carbone,2018,264.981840194,1,264.9818401937047,44.6,0.0,0.0,0.0,0.0,0.065484632,euro/tCO2,MtCO2
Carbone,2018,288.313251165,1,288.3132511650724,44.6,0.0,0.0,0.0,0.0,1.229419653,euro/tCO2,MtCO2
Carbone,2018,288.957106941,1,288.9571069413785,44.6,0.0,0.0,0.0,0.0,6.478205005,euro/tCO2,MtCO2
Carbone,2018,290.122179299,1,290.1221792985038,44.6,0.0,0.0,0.0,0.0,0.20364825,euro/tCO2,MtCO2
Carbone,2018,293.356788079,1,293.3567880794702,44.6,0.0,0.0,0.0,0.0,1.682107835,euro/tCO2,MtCO2
Carbone,2018,294.433713515,1,294.4337135148393,44.6,0.0,0.0,0.0,0.0,0.894081443,euro/tCO2,MtCO2
Carbone,2018,296.936319598,1,296.9363195977434,44.6,0.0,0.0,0.0,0.0,1.769547339,euro/tCO2,MtCO2
Carbone,2018,297.580175374,1,297.5801753740496,44.6,0.0,0.0,0.0,0.0,9.258294834,euro/tCO2,MtCO2
Carbone,2018,301.979856512,1,301.9798565121413,44.6,0.0,0.0,0.0,0.0,1.568702845,euro/tCO2,MtCO2
Carbone,2019,0.0,1,0.0,0.0,0.0,0.0,0.0,0.0,124.224597932,euro/tCO2,MtCO2
Carbone,2019,0.592499651,1,0.5924996514707932,0.0,0.0,0.0,0.0,0.0,0.441064169,euro/tCO2,MtCO2
Carbone,2019,0.594729345,1,0.5947293447293448,0.0,0.0,0.0,0.0,0.0,0.06240156,euro/tCO2,MtCO2
Carbone,2019,3.089304258,1,3.089304257528557,0.0,0.0,0.0,0.0,0.0,0.156572031,euro/tCO2,MtCO2
Carbone,2019,3.272827283,1,3.272827282728273,0.0,0.0,0.0,0.0,0.0,0.030545776,euro/tCO2,MtCO2
Carbone,2019,3.494244773,1,3.494244773314541,0.0,0.0,0.0,0.0,0.0,0.452126319,euro/tCO2,MtCO2
Carbone,2019,3.731656184,1,3.731656184486373,0.0,0.0,0.0,0.0,0.0,0.692284928,euro/tCO2,MtCO2
Carbone,2019,4.08,1,4.08,0.0,0.0,0.0,0.0,0.0,8.52042986,euro/tCO2,MtCO2
Carbone,2019,7.568062775,1,7.568062775089124,0.0,0.0,0.0,0.0,0.0,1.028541354,euro/tCO2,MtCO2
Carbone,2019,7.966381869,1,7.966381868514868,7.0,0.0,0.0,0.0,0.0,1.132787241,euro/tCO2,MtCO2
Carbone,2019,14.386649356,1,14.38664935624113,0.0,0.0,0.0,0.0,0.0,8.732657831,euro/tCO2,MtCO2
Carbone,2019,16.5,1,0.0,0.0,0.0,16.5,0.0,0.0,11.327044113,euro/tCO2,MtCO2
Carbone,2019,24.646124974,1,0.0,0.0,0.0,24.64612497422322,0.0,0.0,48.163230026,euro/tCO2,MtCO2
Carbone,2019,24.646124974,2,0.0,0.0,0.0,24.64612497422322,24.64612497422322,0.0,11.794074632,euro/tCO2,MtCO2
Carbone,2019,24.646124974,3,0.0,0.0,0.0,24.64612497422322,13.33726238518056,11.30886258904266,3.189936214,euro/tCO2,MtCO2
Carbone,2019,26.899220118,1,26.89922011787652,14.27802993722839,0.0,0.0,0.0,0.0,1.828753712,euro/tCO2,MtCO2
Carbone,2019,27.196016771,1,27.19601677148847,14.27802993722839,0.0,0.0,0.0,0.0,1.099111074,euro/tCO2,MtCO2
Carbone,2019,27.735429232,1,3.089304257528557,0.0,0.0,24.64612497422322,0.0,0.0,0.144492429,euro/tCO2,MtCO2
Carbone,2019,27.735429232,2,3.089304257528557,0.0,0.0,24.64612497422322,24.64612497422322,0.0,0.031534591,euro/tCO2,MtCO2
Carbone,2019,27.918952257,1,3.272827282728273,0.0,0.0,24.64612497422322,0.0,0.0,0.025084697,euro/tCO2,MtCO2
Carbone,2019,27.918952257,2,3.272827282728273,0.0,0.0,24.64612497422322,24.64612497422322,0.0,0.009413363,euro/tCO2,MtCO2
Carbone,2019,28.140369748,1,3.494244773314541,0.0,0.0,24.64612497422322,0.0,0.0,0.410387305,euro/tCO2,MtCO2
Carbone,2019,28.140369748,2,3.494244773314541,0.0,0.0,24.64612497422322,24.64612497422322,0.0,0.106264596,euro/tCO2,MtCO2
Carbone,2019,29.05,1,29.05,0.0,0.0,0.0,0.0,0.0,11.71971235,euro/tCO2,MtCO2
Carbone,2019,29.82414212,1,29.82414212025254,30.5,0.0,0.0,0.0,0.0,0.898505152,euro/tCO2,MtCO2
Carbone,2019,32.214187749,1,7.568062775089124,0.0,0.0,24.64612497422322,24.64612497422322,0.0,12.963852801,euro/tCO2,MtCO2
Carbone,2019,32.214187749,2,7.568062775089124,0.0,0.0,24.64612497422322,0.0,0.0,12.53615706,euro/tCO2,MtCO2
Carbone,2019,32.214187749,3,7.568062775089124,0.0,0.0,24.64612497422322,13.33726238518056,11.30886258904266,5.829538485,euro/tCO2,MtCO2
Carbone,2019,41.613307459,1,41.61330745944885,44.6,0.0,0.0,0.0,0.0,26.834631851,euro/tCO2,MtCO2
Carbone,2019,42.072454243,1,42.07245424309414,44.6,0.0,0.0,0.0,0.0,15.704854354,euro/tCO2,MtCO2
Carbone,2019,44.711538462,1,44.71153846153846,44.6,0.0,0.0,0.0,0.0,0.109475075,euro/tCO2,MtCO2
Carbone,2019,51.842141746,1,27.19601677148847,14.27802993722839,0.0,24.64612497422322,0.0,0.0,0.380759291,euro/tCO2,MtCO2
Carbone,2019,51.842141746,2,27.19601677148847,14.27802993722839,0.0,24.64612497422322,24.64612497422322,0.0,0.075707018,euro/tCO2,MtCO2
Carbone,2019,57.589070771,1,57.58907077056574,44.6,0.0,0.0,0.0,0.0,10.611473211,euro/tCO2,MtCO2
Carbone,2019,58.224488579,1,58.2244885787559,44.6,0.0,0.0,0.0,0.0,6.715215157,euro/tCO2,MtCO2
Carbone,2019,61.781338621,1,61.78133862114272,44.6,0.0,0.0,0.0,0.0,2.946240422,euro/tCO2,MtCO2
Carbone,2019,66.718579217,1,42.07245424309414,44.6,0.0,24.64612497422322,0.0,0.0,0.810647273,euro/tCO2,MtCO2
Carbone,2019,66.718579217,2,42.07245424309414,44.6,0.0,24.64612497422322,24.64612497422322,0.0,0.078165631,euro/tCO2,MtCO2
Carbone,2019,68.578305126,1,68.57830512631837,0.0,0.0,0.0,0.0,0.0,0.254032287,euro/tCO2,MtCO2
Carbone,2019,69.357663436,1,44.71153846153846,44.6,0.0,24.64612497422322,0.0,0.0,0.21797471,euro/tCO2,MtCO2
Carbone,2019,69.357663436,2,44.71153846153846,44.6,0.0,24.64612497422322,24.64612497422322,0.0,0.032204727,euro/tCO2,MtCO2
Carbone,2019,70.152680861,1,70.1526808612155,44.6,0.0,0.0,0.0,0.0,1.997221325,euro/tCO2,MtCO2
Carbone,2019,82.870613553,1,58.2244885787559,44.6,0.0,24.64612497422322,0.0,0.0,0.220185226,euro/tCO2,MtCO2
Carbone,2019,82.870613553,2,58.2244885787559,44.6,0.0,24.64612497422322,24.64612497422322,0.0,0.057879946,euro/tCO2,MtCO2
Carbone,2019,84.947589099,1,84.94758909853249,44.6,0.0,0.0,0.0,0.0,0.15055285,euro/tCO2,MtCO2
Carbone,2019,86.427463595,1,61.78133862114272,44.6,0.0,24.64612497422322,0.0,0.0,0.076783911,euro/tCO2,MtCO2
Carbone,2019,86.427463595,2,61.78133862114272,44.6,0.0,24.64612497422322,24.64612497422322,0.0,0.023460681,euro/tCO2,MtCO2
Carbone,2019,94.798805835,1,70.1526808612155,44.6,0.0,24.64612497422322,0.0,0.0,0.133180233,euro/tCO2,MtCO2
Carbone,2019,94.798805835,2,70.1526808612155,44.6,0.0,24.64612497422322,24.64612497422322,0.0,0.018302762,euro/tCO2,MtCO2
Carbone,2019,112.572314666,1,112.5723146657124,0.0,0.0,0.0,0.0,0.0,0.394523778,euro/tCO2,MtCO2
Carbone,2019,146.083079859,1,146.0830798592473,0.0,0.0,0.0,0.0,0.0,2.162964948,euro/tCO2,MtCO2
Carbone,2019,150.788237077,1,150.7882370774595,44.6,0.0,0.0,0.0,0.0,0.952538671,euro/tCO2,MtCO2
Carbone,2019,154.785994604,1,154.7859946038754,0.0,0.0,0.0,0.0,0.0,0.041904416,euro/tCO2,MtCO2
Carbone,2019,160.993320212,1,160.9933202123218,0.0,0.0,0.0,0.0,0.0,20.718170849,euro/tCO2,MtCO2
Carbone,2019,180.536907675,1,180.5369076745275,44.6,0.0,0.0,0.0,0.0,0.5446638,euro/tCO2,MtCO2
Carbone,2019,221.417069243,1,221.4170692431562,44.6,0.0,0.0,0.0,0.0,2.046806401,euro/tCO2,MtCO2
Carbone,2019,225.442834138,1,225.4428341384863,44.6,0.0,0.0,0.0,0.0,9.685681851,euro/tCO2,MtCO2
Carbone,2019,226.449275362,1,226.4492753623189,44.6,0.0,0.0,0.0,0.0,52.695236278,euro/tCO2,MtCO2
Carbone,2019,233.494363929,1,233.4943639291466,44.6,0.0,0.0,0.0,0.0,7.168738765,euro/tCO2,MtCO2
Carbone,2019,252.989642185,1,252.9896421845575,44.6,0.0,0.0,0.0,0.0,0.068080648,euro/tCO2,MtCO2
Carbone,2019,253.554613936,1,253.5546139359699,44.6,0.0,0.0,0.0,0.0,0.361711184,euro/tCO2,MtCO2
Carbone,2019,254.576943772,1,254.576943771859,44.6,0.0,0.0,0.0,0.0,0.00635488,euro/tCO2,MtCO2
Carbone,2019,257.415254237,1,257.4152542372882,44.6,0.0,0.0,0.0,0.0,0.085943902,euro/tCO2,MtCO2
Carbone,2019,258.36023675,1,258.3602367500673,44.6,0.0,0.0,0.0,0.0,0.028204069,euro/tCO2,MtCO2
Carbone,2019,260.556228141,1,260.5562281409739,44.6,0.0,0.0,0.0,0.0,0.050933767,euro/tCO2,MtCO2
Carbone,2019,261.121199892,1,261.1211998923864,44.6,0.0,0.0,0.0,0.0,0.261503522,euro/tCO2,MtCO2
Carbone,2019,264.981840194,1,264.9818401937047,44.6,0.0,0.0,0.0,0.0,0.046110254,euro/tCO2,MtCO2
Carbone,2019,288.313251165,1,288.3132511650724,44.6,0.0,0.0,0.0,0.0,1.487832922,euro/tCO2,MtCO2
Carbone,2019,288.957106941,1,288.9571069413785,44.6,0.0,0.0,0.0,0.0,7.904827986,euro/tCO2,MtCO2
Carbone,2019,290.122179299,1,290.1221792985038,44.6,0.0,0.0,0.0,0.0,0.215005895,euro/tCO2,MtCO2
Carbone,2019,293.356788079,1,293.3567880794702,44.6,0.0,0.0,0.0,0.0,1.878216074,euro/tCO2,MtCO2
Carbone,2019,294.433713515,1,294.4337135148393,44.6,0.0,0.0,0.0,0.0,0.95423374,euro/tCO2,MtCO2
Carbone,2019,296.936319598,1,296.9363195977434,44.6,0.0,0.0,0.0,0.0,1.723252027,euro/tCO2,MtCO2
Carbone,2019,297.580175374,1,297.5801753740496,44.6,0.0,0.0,0.0,0.0,8.847499496,euro/tCO2,MtCO2
Carbone,2019,301.979856512,1,301.9798565121413,44.6,0.0,0.0,0.0,0.0,1.560057179,euro/tCO2,MtCO2
Carbone,2020,0.0,1,0.0,0.0,0.0,0.0,0.0,0.0,107.184742021,euro/tCO2,MtCO2
Carbone,2020,0.592499651,1,0.5924996514707932,0.0,0.0,0.0,0.0,0.0,0.441148925,euro/tCO2,MtCO2
Carbone,2020,0.594729345,1,0.5947293447293448,0.0,0.0,0.0,0.0,0.0,0.06240156,euro/tCO2,MtCO2
Carbone,2020,3.089304258,1,3.089304257528557,0.0,0.0,0.0,0.0,0.0,0.164496876,euro/tCO2,MtCO2
Carbone,2020,3.272827283,1,3.272827282728273,0.0,0.0,0.0,0.0,0.0,0.029282725,euro/tCO2,MtCO2
Carbone,2020,3.494244773,1,3.494244773314541,0.0,0.0,0.0,0.0,0.0,0.453096356,euro/tCO2,MtCO2
Carbone,2020,3.731656184,1,3.731656184486373,0.0,0.0,0.0,0.0,0.0,0.706216629,euro/tCO2,MtCO2
Carbone,2020,4.08,1,4.08,0.0,0.0,0.0,0.0,0.0,8.52042986,euro/tCO2,MtCO2
Carbone,2020,7.568062775,1,7.568062775089124,0.0,0.0,0.0,0.0,0.0,0.953200065,euro/tCO2,MtCO2
Carbone,2020,7.966381869,1,7.966381868514868,7.0,0.0,0.0,0.0,0.0,2.942375305,euro/tCO2,MtCO2
Carbone,2020,14.386676547,1,14.3866765472155,0.0,0.0,0.0,0.0,0.0,8.81591018,euro/tCO2,MtCO2
Carbone,2020,16.5,1,0.0,0.0,0.0,16.5,0.0,0.0,10.080836181,euro/tCO2,MtCO2
Carbone,2020,24.952500884,1,0.0,0.0,0.0,24.95250088370974,0.0,0.0,42.692043052,euro/tCO2,MtCO2
Carbone,2020,24.952500884,2,0.0,0.0,0.0,24.95250088370974,6.467907153042322,18.48459373066742,5.059977152,euro/tCO2,MtCO2
Carbone,2020,24.952500884,3,0.0,0.0,0.0,24.95250088370974,24.95250088370974,0.0,3.873810289,euro/tCO2,MtCO2
Carbone,2020,26.883706934,1,26.88370693358569,14.27802993722839,0.0,0.0,0.0,0.0,1.753552768,euro/tCO2,MtCO2
Carbone,2020,27.196016771,1,27.19601677148847,14.27802993722839,0.0,0.0,0.0,0.0,0.945214191,euro/tCO2,MtCO2
Carbone,2020,28.041805141,1,3.089304257528557,0.0,0.0,24.95250088370974,0.0,0.0,0.145540223,euro/tCO2,MtCO2
Carbone,2020,28.041805141,2,3.089304257528557,0.0,0.0,24.95250088370974,24.95250088370974,0.0,0.013270022,euro/tCO2,MtCO2
Carbone,2020,28.225328166,1,3.272827282728273,0.0,0.0,24.95250088370974,0.0,0.0,0.031146458,euro/tCO2,MtCO2
Carbone,2020,28.225328166,2,3.272827282728273,0.0,0.0,24.95250088370974,24.95250088370974,0.0,0.007607887,euro/tCO2,MtCO2
Carbone,2020,28.446745657,1,3.494244773314541,0.0,0.0,24.95250088370974,0.0,0.0,0.498421284,euro/tCO2,MtCO2
Carbone,2020,28.446745657,2,3.494244773314541,0.0,0.0,24.95250088370974,24.95250088370974,0.0,0.084224965,euro/tCO2,MtCO2
Carbone,2020,29.05,1,29.05,0.0,0.0,0.0,0.0,0.0,11.732094847,euro/tCO2,MtCO2
Carbone,2020,29.82414212,1,29.82414212025254,30.5,0.0,0.0,0.0,0.0,0.884539143,euro/tCO2,MtCO2
Carbone,2020,32.520563659,1,7.568062775089124,0.0,0.0,24.95250088370974,0.0,0.0,12.588598883,euro/tCO2,MtCO2
Carbone,2020,32.520563659,2,7.568062775089124,0.0,0.0,24.95250088370974,6.467907153042322,18.48459373066742,9.330385107,euro/tCO2,MtCO2
Carbone,2020,32.520563659,3,7.568062775089124,0.0,0.0,24.95250088370974,24.95250088370974,0.0,7.427761307,euro/tCO2,MtCO2
Carbone,2020,41.58930844,1,41.5893084399702,44.6,0.0,0.0,0.0,0.0,25.409304775,euro/tCO2,MtCO2
Carbone,2020,42.072454243,1,42.07245424309414,44.6,0.0,0.0,0.0,0.0,13.921778314,euro/tCO2,MtCO2
Carbone,2020,44.711538462,1,44.71153846153846,44.6,0.0,0.0,0.0,0.0,0.121170048,euro/tCO2,MtCO2
Carbone,2020,52.148517655,1,27.19601677148847,14.27802993722839,0.0,24.95250088370974,0.0,0.0,0.366707332,euro/tCO2,MtCO2
Carbone,2020,52.148517655,2,27.19601677148847,14.27802993722839,0.0,24.95250088370974,24.95250088370974,0.0,0.045110448,euro/tCO2,MtCO2
Carbone,2020,57.555858288,1,57.5558582884162,44.6,0.0,0.0,0.0,0.0,10.178564348,euro/tCO2,MtCO2
Carbone,2020,58.224488579,1,58.2244885787559,44.6,0.0,0.0,0.0,0.0,6.936859748,euro/tCO2,MtCO2
Carbone,2020,62.299806938,1,62.29980693848265,44.6,0.0,0.0,0.0,0.0,2.970465273,euro/tCO2,MtCO2
Carbone,2020,67.024955127,1,42.07245424309414,44.6,0.0,24.95250088370974,0.0,0.0,0.928478807,euro/tCO2,MtCO2
Carbone,2020,67.024955127,2,42.07245424309414,44.6,0.0,24.95250088370974,24.95250088370974,0.0,0.027406876,euro/tCO2,MtCO2
Carbone,2020,68.578305126,1,68.57830512631837,0.0,0.0,0.0,0.0,0.0,0.264591374,euro/tCO2,MtCO2
Carbone,2020,69.664039345,1,44.71153846153846,44.6,0.0,24.95250088370974,0.0,0.0,0.139326024,euro/tCO2,MtCO2
Carbone,2020,69.664039345,2,44.71153846153846,44.6,0.0,24.95250088370974,24.95250088370974,0.0,0.014992062,euro/tCO2,MtCO2
Carbone,2020,70.152680861,1,70.1526808612155,44.6,0.0,0.0,0.0,0.0,2.039944029,euro/tCO2,MtCO2
Carbone,2020,83.176989462,1,58.2244885787559,44.6,0.0,24.95250088370974,0.0,0.0,0.217398226,euro/tCO2,MtCO2
Carbone,2020,83.176989462,2,58.2244885787559,44.6,0.0,24.95250088370974,24.95250088370974,0.0,0.033048489,euro/tCO2,MtCO2
Carbone,2020,84.947589099,1,84.94758909853249,44.6,0.0,0.0,0.0,0.0,0.106395596,euro/tCO2,MtCO2
Carbone,2020,87.252307822,1,62.29980693848265,44.6,0.0,24.95250088370974,0.0,0.0,0.070288256,euro/tCO2,MtCO2
Carbone,2020,87.252307822,2,62.29980693848265,44.6,0.0,24.95250088370974,24.95250088370974,0.0,0.013727615,euro/tCO2,MtCO2
Carbone,2020,95.105181745,1,70.1526808612155,44.6,0.0,24.95250088370974,0.0,0.0,0.126416708,euro/tCO2,MtCO2
Carbone,2020,95.105181745,2,70.1526808612155,44.6,0.0,24.95250088370974,24.95250088370974,0.0,0.005192484,euro/tCO2,MtCO2
Carbone,2020,112.572314666,1,112.5723146657124,0.0,0.0,0.0,0.0,0.0,0.406595197,euro/tCO2,MtCO2
Carbone,2020,146.083079859,1,146.0830798592473,0.0,0.0,0.0,0.0,0.0,1.990790749,euro/tCO2,MtCO2
Carbone,2020,150.788237077,1,150.7882370774595,44.6,0.0,0.0,0.0,0.0,0.860784826,euro/tCO2,MtCO2
Carbone,2020,154.785994604,1,154.7859946038754,0.0,0.0,0.0,0.0,0.0,0.045009956,euro/tCO2,MtCO2
Carbone,2020,168.448440389,1,168.4484403888591,0.0,0.0,0.0,0.0,0.0,21.1107837,euro/tCO2,MtCO2
Carbone,2020,180.432789328,1,180.4327893280557,44.6,0.0,0.0,0.0,0.0,0.50016878,euro/tCO2,MtCO2
Carbone,2020,221.417069243,1,221.4170692431562,44.6,0.0,0.0,0.0,0.0,1.695675,euro/tCO2,MtCO2
Carbone,2020,225.442834138,1,225.4428341384863,44.6,0.0,0.0,0.0,0.0,7.857307284,euro/tCO2,MtCO2
Carbone,2020,226.449275362,1,226.4492753623189,44.6,0.0,0.0,0.0,0.0,42.765375966,euro/tCO2,MtCO2
Carbone,2020,233.494363929,1,233.4943639291466,44.6,0.0,0.0,0.0,0.0,5.825860055,euro/tCO2,MtCO2
Carbone,2020,252.989642185,1,252.9896421845575,44.6,0.0,0.0,0.0,0.0,0.084060781,euro/tCO2,MtCO2
Carbone,2020,253.554613936,1,253.5546139359699,44.6,0.0,0.0,0.0,0.0,0.446250422,euro/tCO2,MtCO2
Carbone,2020,254.576943772,1,254.576943771859,44.6,0.0,0.0,0.0,0.0,0.007353481,euro/tCO2,MtCO2
Carbone,2020,257.415254237,1,257.4152542372882,44.6,0.0,0.0,0.0,0.0,0.106971946,euro/tCO2,MtCO2
Carbone,2020,258.36023675,1,258.3602367500673,44.6,0.0,0.0,0.0,0.0,0.035293048,euro/tCO2,MtCO2
Carbone,2020,260.556228141,1,260.5562281409739,44.6,0.0,0.0,0.0,0.0,0.059338462,euro/tCO2,MtCO2
Carbone,2020,261.121199892,1,261.1211998923864,44.6,0.0,0.0,0.0,0.0,0.305180771,euro/tCO2,MtCO2
Carbone,2020,264.981840194,1,264.9818401937047,44.6,0.0,0.0,0.0,0.0,0.053618431,euro/tCO2,MtCO2
Carbone,2020,288.313251165,1,288.3132511650724,44.6,0.0,0.0,0.0,0.0,1.307284293,euro/tCO2,MtCO2
Carbone,2020,288.957106941,1,288.9571069413785,44.6,0.0,0.0,0.0,0.0,6.939932719,euro/tCO2,MtCO2
Carbone,2020,290.122179299,1,290.1221792985038,44.6,0.0,0.0,0.0,0.0,0.177044375,euro/tCO2,MtCO2
Carbone,2020,293.356788079,1,293.3567880794702,44.6,0.0,0.0,0.0,0.0,1.66359082,euro/tCO2,MtCO2
Carbone,2020,294.433713515,1,294.4337135148393,44.6,0.0,0.0,0.0,0.0,0.849724811,euro/tCO2,MtCO2
Carbone,2020,296.936319598,1,296.9363195977434,44.6,0.0,0.0,0.0,0.0,1.428648614,euro/tCO2,MtCO2
Carbone,2020,297.580175374,1,297.5801753740496,44.6,0.0,0.0,0.0,0.0,7.347613512,euro/tCO2,MtCO2
Carbone,2020,301.979856512,1,301.9798565121413,44.6,0.0,0.0,0.0,0.0,1.290931627,euro/tCO2,MtCO2
Carbone,2021,0.0,1,0.0,0.0,0.0,0.0,0.0,0.0,109.286686368,euro/tCO2,MtCO2
Carbone,2021,0.592499651,1,0.5924996514707932,0.0,0.0,0.0,0.0,0.0,0.525061297,euro/tCO2,MtCO2
Carbone,2021,0.594729345,1,0.5947293447293448,0.0,0.0,0.0,0.0,0.0,0.06240156,euro/tCO2,MtCO2
Carbone,2021,3.089304258,1,3.089304257528557,0.0,0.0,0.0,0.0,0.0,0.119842157,euro/tCO2,MtCO2
Carbone,2021,3.272827283,1,3.272827282728273,0.0,0.0,0.0,0.0,0.0,0.025154992,euro/tCO2,MtCO2
Carbone,2021,3.494244773,1,3.494244773314541,0.0,0.0,0.0,0.0,0.0,0.571632285,euro/tCO2,MtCO2
Carbone,2021,3.731656184,1,3.731656184486373,0.0,0.0,0.0,0.0,0.0,0.70648635,euro/tCO2,MtCO2
Carbone,2021,4.08,1,4.08,0.0,0.0,0.0,0.0,0.0,8.52042986,euro/tCO2,MtCO2
Carbone,2021,7.568062775,1,7.568062775089124,0.0,0.0,0.0,0.0,0.0,0.90126293,euro/tCO2,MtCO2
Carbone,2021,7.966381869,1,7.966381868514868,7.0,0.0,0.0,0.0,0.0,1.844872847,euro/tCO2,MtCO2
Carbone,2021,14.386694641,1,14.38669464094628,0.0,0.0,0.0,0.0,0.0,8.911731272,euro/tCO2,MtCO2
Carbone,2021,16.5,1,0.0,0.0,0.0,16.5,0.0,0.0,8.910962271,euro/tCO2,MtCO2
Carbone,2021,26.040110733,1,26.04011073270798,30.5,0.0,0.0,0.0,0.0,1.188378337,euro/tCO2,MtCO2
Carbone,2021,26.902040901,1,26.90204090081549,14.27802993722839,0.0,0.0,0.0,0.0,2.000448529,euro/tCO2,MtCO2
Carbone,2021,27.196016771,1,27.19601677148847,14.27802993722839,0.0,0.0,0.0,0.0,0.97493691,euro/tCO2,MtCO2
Carbone,2021,29.05,1,29.05,0.0,0.0,0.0,0.0,0.0,11.034878128,euro/tCO2,MtCO2
Carbone,2021,29.205065019,1,41.51916786922461,44.6,-12.31410285054668,0.0,0.0,0.0,27.912337783,euro/tCO2,MtCO2
Carbone,2021,41.97287447,1,41.9728744697377,44.6,0.0,0.0,0.0,0.0,16.533628245,euro/tCO2,MtCO2
Carbone,2021,44.711538462,1,44.71153846153846,44.6,0.0,0.0,0.0,0.0,0.145422364,euro/tCO2,MtCO2
Carbone,2021,52.934588828,1,0.0,0.0,0.0,52.93458882840382,0.0,0.0,40.873878102,euro/tCO2,MtCO2
Carbone,2021,52.934588828,2,0.0,0.0,0.0,52.93458882840382,34.22021316562152,18.7143756627823,8.628527506,euro/tCO2,MtCO2
Carbone,2021,52.934588828,3,0.0,0.0,0.0,52.93458882840382,52.93458882840382,0.0,7.763599144,euro/tCO2,MtCO2
Carbone,2021,56.023893086,1,3.089304257528557,0.0,0.0,52.93458882840382,0.0,0.0,0.111293803,euro/tCO2,MtCO2
Carbone,2021,56.023893086,2,3.089304257528557,0.0,0.0,52.93458882840382,52.93458882840382,0.0,0.032285099,euro/tCO2,MtCO2
Carbone,2021,56.207416111,1,3.272827282728273,0.0,0.0,52.93458882840382,0.0,0.0,0.019765766,euro/tCO2,MtCO2
Carbone,2021,56.207416111,2,3.272827282728273,0.0,0.0,52.93458882840382,52.93458882840382,0.0,0.01036503,euro/tCO2,MtCO2
Carbone,2021,56.428833602,1,3.494244773314541,0.0,0.0,52.93458882840382,0.0,0.0,0.462654978,euro/tCO2,MtCO2
Carbone,2021,56.428833602,2,3.494244773314541,0.0,0.0,52.93458882840382,52.93458882840382,0.0,0.196495143,euro/tCO2,MtCO2
Carbone,2021,57.59510984,1,57.59510984038221,44.6,0.0,0.0,0.0,0.0,9.74270226,euro/tCO2,MtCO2
Carbone,2021,58.224488579,1,58.2244885787559,44.6,0.0,0.0,0.0,0.0,7.080848658,euro/tCO2,MtCO2
Carbone,2021,60.502651603,1,7.568062775089124,0.0,0.0,52.93458882840382,34.22021316562152,18.7143756627823,12.264501845,euro/tCO2,MtCO2
Carbone,2021,60.502651603,2,7.568062775089124,0.0,0.0,52.93458882840382,0.0,0.0,11.616860531,euro/tCO2,MtCO2
Carbone,2021,60.502651603,3,7.568062775089124,0.0,0.0,52.93458882840382,52.93458882840382,0.0,5.505652347,euro/tCO2,MtCO2
Carbone,2021,62.017835397,1,62.01783539670892,44.6,0.0,0.0,0.0,0.0,3.019461413,euro/tCO2,MtCO2
Carbone,2021,68.578305126,1,68.57830512631837,0.0,0.0,0.0,0.0,0.0,0.341922272,euro/tCO2,MtCO2
Carbone,2021,70.152680861,1,70.1526808612155,44.6,0.0,0.0,0.0,0.0,2.091814123,euro/tCO2,MtCO2
Carbone,2021,80.1306056,1,27.19601677148847,14.27802993722839,0.0,52.93458882840382,0.0,0.0,0.250789148,euro/tCO2,MtCO2
Carbone,2021,80.1306056,2,27.19601677148847,14.27802993722839,0.0,52.93458882840382,52.93458882840382,0.0,0.079433917,euro/tCO2,MtCO2
Carbone,2021,84.947589099,1,84.94758909853249,44.6,0.0,0.0,0.0,0.0,0.145279524,euro/tCO2,MtCO2
Carbone,2021,94.907463298,1,41.9728744697377,44.6,0.0,52.93458882840382,0.0,0.0,0.568722508,euro/tCO2,MtCO2
Carbone,2021,94.907463298,2,41.9728744697377,44.6,0.0,52.93458882840382,52.93458882840382,0.0,0.062423809,euro/tCO2,MtCO2
Carbone,2021,97.64612729,1,44.71153846153846,44.6,0.0,52.93458882840382,0.0,0.0,0.145449179,euro/tCO2,MtCO2
Carbone,2021,97.64612729,2,44.71153846153846,44.6,0.0,52.93458882840382,52.93458882840382,0.0,0.039135508,euro/tCO2,MtCO2
Carbone,2021,111.159077407,1,58.2244885787559,44.6,0.0,52.93458882840382,0.0,0.0,0.177784021,euro/tCO2,MtCO2
Carbone,2021,111.159077407,2,58.2244885787559,44.6,0.0,52.93458882840382,52.93458882840382,0.0,0.061018617,euro/tCO2,MtCO2
Carbone,2021,112.572314666,1,112.5723146657124,0.0,0.0,0.0,0.0,0.0,0.406595197,euro/tCO2,MtCO2
Carbone,2021,114.952424225,1,62.01783539670892,44.6,0.0,52.93458882840382,0.0,0.0,0.060676516,euro/tCO2,MtCO2
Carbone,2021,114.952424225,2,62.01783539670892,44.6,0.0,52.93458882840382,52.93458882840382,0.0,0.024034755,euro/tCO2,MtCO2
Carbone,2021,123.08726969,1,70.1526808612155,44.6,0.0,52.93458882840382,0.0,0.0,0.080417953,euro/tCO2,MtCO2
Carbone,2021,123.08726969,2,70.1526808612155,44.6,0.0,52.93458882840382,52.93458882840382,0.0,0.025619582,euro/tCO2,MtCO2
Carbone,2021,146.083079859,1,146.0830798592473,0.0,0.0,0.0,0.0,0.0,1.990790749,euro/tCO2,MtCO2
Carbone,2021,150.788237077,1,150.7882370774595,44.6,0.0,0.0,0.0,0.0,1.332920637,euro/tCO2,MtCO2
Carbone,2021,154.785994604,1,154.7859946038754,0.0,0.0,0.0,0.0,0.0,0.045009956,euro/tCO2,MtCO2
Carbone,2021,168.448440389,1,168.4484403888591,0.0,0.0,0.0,0.0,0.0,21.1107837,euro/tCO2,MtCO2
Carbone,2021,221.417069243,1,221.4170692431562,44.6,0.0,0.0,0.0,0.0,1.806477682,euro/tCO2,MtCO2
Carbone,2021,223.819384436,1,223.8193844356055,44.6,0.0,0.0,0.0,0.0,0.54611376,euro/tCO2,MtCO2
Carbone,2021,225.442834138,1,225.4428341384863,44.6,0.0,0.0,0.0,0.0,8.816160337,euro/tCO2,MtCO2
Carbone,2021,226.449275362,1,226.4492753623189,44.6,0.0,0.0,0.0,0.0,47.965155856,euro/tCO2,MtCO2
Carbone,2021,233.494363929,1,233.4943639291466,44.6,0.0,0.0,0.0,0.0,6.525256828,euro/tCO2,MtCO2
Carbone,2021,252.989642185,1,252.9896421845575,44.6,0.0,0.0,0.0,0.0,0.086808349,euro/tCO2,MtCO2
Carbone,2021,253.554613936,1,253.5546139359699,44.6,0.0,0.0,0.0,0.0,0.461200177,euro/tCO2,MtCO2
Carbone,2021,254.576943772,1,254.576943771859,44.6,0.0,0.0,0.0,0.0,0.006773068,euro/tCO2,MtCO2
Carbone,2021,257.415254237,1,257.4152542372882,44.6,0.0,0.0,0.0,0.0,0.109580662,euro/tCO2,MtCO2
Carbone,2021,258.36023675,1,258.3602367500673,44.6,0.0,0.0,0.0,0.0,0.03170278,euro/tCO2,MtCO2
Carbone,2021,260.556228141,1,260.5562281409739,44.6,0.0,0.0,0.0,0.0,0.054270085,euro/tCO2,MtCO2
Carbone,2021,261.121199892,1,261.1211998923864,44.6,0.0,0.0,0.0,0.0,0.278636724,euro/tCO2,MtCO2
Carbone,2021,264.981840194,1,264.9818401937047,44.6,0.0,0.0,0.0,0.0,0.049130018,euro/tCO2,MtCO2
Carbone,2021,288.313251165,1,288.3132511650724,44.6,0.0,0.0,0.0,0.0,1.63418271,euro/tCO2,MtCO2
Carbone,2021,288.957106941,1,288.9571069413785,44.6,0.0,0.0,0.0,0.0,8.682175919,euro/tCO2,MtCO2
Carbone,2021,290.122179299,1,290.1221792985038,44.6,0.0,0.0,0.0,0.0,0.19739543,euro/tCO2,MtCO2
Carbone,2021,293.356788079,1,293.3567880794702,44.6,0.0,0.0,0.0,0.0,2.06287559,euro/tCO2,MtCO2
Carbone,2021,294.433713515,1,294.4337135148393,44.6,0.0,0.0,0.0,0.0,0.923951083,euro/tCO2,MtCO2
Carbone,2021,296.936319598,1,296.9363195977434,44.6,0.0,0.0,0.0,0.0,1.581656381,euro/tCO2,MtCO2
Carbone,2021,297.580175374,1,297.5801753740496,44.6,0.0,0.0,0.0,0.0,8.120634968,euro/tCO2,MtCO2
Carbone,2021,301.979856512,1,301.9798565121413,44.6,0.0,0.0,0.0,0.0,1.431853419,euro/tCO2,MtCO2
Carbone,2022,-167.054221685,1,41.32019286076056,42.2162270183853,-208.3744145457927,0.0,0.0,0.0,22.502454933,euro/tCO2,MtCO2
Carbone,2022,-36.197247615,1,26.04011073270798,26.0401107,-62.2373583477724,0.0,0.0,0.0,1.216652673,euro/tCO2,MtCO2
Carbone,2022,-32.20776459,1,14.38673651316226,0.0,-46.59450110335779,0.0,0.0,0.0,9.113000896,euro/tCO2,MtCO2
Carbone,2022,-14.63312369,1,84.94758909853249,44.6,-99.58071278825996,0.0,0.0,0.0,0.186102998,euro/tCO2,MtCO2
Carbone,2022,0.0,1,0.0,0.0,0.0,0.0,0.0,0.0,116.392839311,euro/tCO2,MtCO2
Carbone,2022,0.594729345,1,0.5947293447293448,0.0,0.0,0.0,0.0,0.0,0.06240156,euro/tCO2,MtCO2
Carbone,2022,2.688653881,1,2.688653880623768,0.0,0.0,0.0,0.0,0.0,0.3922408,euro/tCO2,MtCO2
Carbone,2022,3.089304258,1,3.089304257528557,0.0,0.0,0.0,0.0,0.0,0.117577327,euro/tCO2,MtCO2
Carbone,2022,3.272827283,1,3.272827282728273,0.0,0.0,0.0,0.0,0.0,0.010581781,euro/tCO2,MtCO2
Carbone,2022,3.494244773,1,3.494244773314541,0.0,0.0,0.0,0.0,0.0,0.281742835,euro/tCO2,MtCO2
Carbone,2022,3.731656184,1,3.731656184486373,0.0,0.0,0.0,0.0,0.0,0.842751203,euro/tCO2,MtCO2
Carbone,2022,4.08,1,4.08,0.0,0.0,0.0,0.0,0.0,8.52042986,euro/tCO2,MtCO2
Carbone,2022,5.457867524,1,7.568062775089124,0.0,-2.110195251462299,0.0,0.0,0.0,0.061492114,euro/tCO2,MtCO2
Carbone,2022,5.856186617,1,7.966381868514868,7.0,-2.110195251462299,0.0,0.0,0.0,1.662318734,euro/tCO2,MtCO2
Carbone,2022,16.37071602,1,62.96521712293226,44.6,-46.59450110335779,0.0,0.0,0.0,3.048298205,euro/tCO2,MtCO2
Carbone,2022,16.5,1,0.0,0.0,0.0,16.5,0.0,0.0,7.66923867,euro/tCO2,MtCO2
Carbone,2022,23.558179758,1,70.1526808612155,44.6,-46.59450110335779,0.0,0.0,0.0,2.100141232,euro/tCO2,MtCO2
Carbone,2022,26.836786219,1,26.83678621877101,14.27802993722839,0.0,0.0,0.0,0.0,1.631616881,euro/tCO2,MtCO2
Carbone,2022,27.196016771,1,27.19601677148847,14.27802993722839,0.0,0.0,0.0,0.0,0.749008815,euro/tCO2,MtCO2
Carbone,2022,29.05,1,29.05,0.0,0.0,0.0,0.0,0.0,11.383878982,euro/tCO2,MtCO2
Carbone,2022,41.873294696,1,41.87329469638127,42.2162270183853,0.0,0.0,0.0,0.0,14.093506627,euro/tCO2,MtCO2
Carbone,2022,44.711538462,1,44.71153846153846,44.6,0.0,0.0,0.0,0.0,0.072823408,euro/tCO2,MtCO2
Carbone,2022,57.455404805,1,57.45540480484951,44.6,0.0,0.0,0.0,0.0,8.214523487,euro/tCO2,MtCO2
Carbone,2022,58.224488579,1,58.2244885787559,44.6,0.0,0.0,0.0,0.0,5.47720039,euro/tCO2,MtCO2
Carbone,2022,65.977813562,1,112.5723146657124,0.0,-46.59450110335779,0.0,0.0,0.0,0.406595197,euro/tCO2,MtCO2
Carbone,2022,68.578305126,1,68.57830512631837,0.0,0.0,0.0,0.0,0.0,0.646490168,euro/tCO2,MtCO2
Carbone,2022,81.0,1,0.0,0.0,0.0,81.0,0.0,0.0,41.80990056,euro/tCO2,MtCO2
Carbone,2022,81.0,2,0.0,0.0,0.0,81.0,81.0,0.0,9.960169313,euro/tCO2,MtCO2
Carbone,2022,81.0,3,0.0,0.0,0.0,81.0,41.29905837869714,39.70094162130286,2.919453719,euro/tCO2,MtCO2
Carbone,2022,84.089304258,1,3.089304257528557,0.0,0.0,81.0,0.0,0.0,0.088423173,euro/tCO2,MtCO2
Carbone,2022,84.089304258,2,3.089304257528557,0.0,0.0,81.0,81.0,0.0,0.041395991,euro/tCO2,MtCO2
Carbone,2022,84.272827283,1,3.272827282728273,0.0,0.0,81.0,0.0,0.0,0.006746771,euro/tCO2,MtCO2
Carbone,2022,84.272827283,2,3.272827282728273,0.0,0.0,81.0,81.0,0.0,0.004333036,euro/tCO2,MtCO2
Carbone,2022,84.494244773,1,3.494244773314541,0.0,0.0,81.0,0.0,0.0,0.215430335,euro/tCO2,MtCO2
Carbone,2022,84.494244773,2,3.494244773314541,0.0,0.0,81.0,81.0,0.0,0.096061443,euro/tCO2,MtCO2
Carbone,2022,86.457867524,1,7.568062775089124,0.0,-2.110195251462299,81.0,0.0,0.0,15.516447796,euro/tCO2,MtCO2
Carbone,2022,86.457867524,2,7.568062775089124,0.0,-2.110195251462299,81.0,81.0,0.0,10.752736376,euro/tCO2,MtCO2
Carbone,2022,86.457867524,3,7.568062775089124,0.0,-2.110195251462299,81.0,41.29905837869714,39.70094162130286,5.090431866,euro/tCO2,MtCO2
Carbone,2022,97.37071602,1,62.96521712293226,44.6,-46.59450110335779,81.0,0.0,0.0,0.060542498,euro/tCO2,MtCO2
Carbone,2022,97.37071602,2,62.96521712293226,44.6,-46.59450110335779,81.0,81.0,0.0,0.027822022,euro/tCO2,MtCO2
Carbone,2022,99.488578756,1,146.0830798592473,0.0,-46.59450110335779,0.0,0.0,0.0,1.990790749,euro/tCO2,MtCO2
Carbone,2022,101.131346578,1,154.7859946038754,0.0,-53.65464802550895,0.0,0.0,0.0,0.045009956,euro/tCO2,MtCO2
Carbone,2022,104.558179758,1,70.1526808612155,44.6,-46.59450110335779,81.0,0.0,0.0,0.089708859,euro/tCO2,MtCO2
Carbone,2022,104.558179758,2,70.1526808612155,44.6,-46.59450110335779,81.0,81.0,0.0,0.063240726,euro/tCO2,MtCO2
Carbone,2022,108.196016771,1,27.19601677148847,14.27802993722839,0.0,81.0,0.0,0.0,0.263296143,euro/tCO2,MtCO2
Carbone,2022,108.196016771,2,27.19601677148847,14.27802993722839,0.0,81.0,81.0,0.0,0.080053489,euro/tCO2,MtCO2
Carbone,2022,121.853939286,1,168.4484403888591,0.0,-46.59450110335779,0.0,0.0,0.0,21.1107837,euro/tCO2,MtCO2
Carbone,2022,122.873294696,1,41.87329469638127,42.2162270183853,0.0,81.0,0.0,0.0,0.765198681,euro/tCO2,MtCO2
Carbone,2022,122.873294696,2,41.87329469638127,42.2162270183853,0.0,81.0,81.0,0.0,0.044708318,euro/tCO2,MtCO2
Carbone,2022,125.711538462,1,44.71153846153846,44.6,0.0,81.0,0.0,0.0,0.125516371,euro/tCO2,MtCO2
Carbone,2022,125.711538462,2,44.71153846153846,44.6,0.0,81.0,81.0,0.0,0.024888962,euro/tCO2,MtCO2
Carbone,2022,139.224488579,1,58.2244885787559,44.6,0.0,81.0,0.0,0.0,0.138763356,euro/tCO2,MtCO2
Carbone,2022,139.224488579,2,58.2244885787559,44.6,0.0,81.0,81.0,0.0,0.059622991,euro/tCO2,MtCO2
Carbone,2022,150.788237077,1,150.7882370774595,44.6,0.0,0.0,0.0,0.0,1.330440207,euro/tCO2,MtCO2
Carbone,2022,174.82256814,1,221.4170692431562,44.6,-46.59450110335779,0.0,0.0,0.0,1.827416539,euro/tCO2,MtCO2
Carbone,2022,178.848333035,1,225.4428341384863,44.6,-46.59450110335779,0.0,0.0,0.0,8.856401051,euro/tCO2,MtCO2
Carbone,2022,179.854774259,1,226.4492753623189,44.6,-46.59450110335779,0.0,0.0,0.0,48.184089277,euro/tCO2,MtCO2
Carbone,2022,186.899862826,1,233.4943639291466,44.6,-46.59450110335779,0.0,0.0,0.0,6.555040882,euro/tCO2,MtCO2
Carbone,2022,205.9086629,1,252.9896421845575,44.6,-47.08097928436912,0.0,0.0,0.0,0.092141964,euro/tCO2,MtCO2
Carbone,2022,206.473634652,1,253.5546139359699,44.6,-47.08097928436912,0.0,0.0,0.0,0.489536901,euro/tCO2,MtCO2
Carbone,2022,207.495964487,1,254.576943771859,44.6,-47.08097928436912,0.0,0.0,0.0,0.005514014,euro/tCO2,MtCO2
Carbone,2022,210.334274953,1,257.4152542372882,44.6,-47.08097928436912,0.0,0.0,0.0,0.116313437,euro/tCO2,MtCO2
Carbone,2022,211.279257466,1,258.3602367500673,44.6,-47.08097928436912,0.0,0.0,0.0,0.030377804,euro/tCO2,MtCO2
Carbone,2022,213.380663353,1,266.4350820283721,44.6,-53.05441867515538,0.0,0.0,0.0,0.550335368,euro/tCO2,MtCO2
Carbone,2022,213.475248857,1,260.5562281409739,44.6,-47.08097928436912,0.0,0.0,0.0,0.044181746,euro/tCO2,MtCO2
Carbone,2022,214.040220608,1,261.1211998923864,44.6,-47.08097928436912,0.0,0.0,0.0,0.226840569,euro/tCO2,MtCO2
Carbone,2022,217.900860909,1,264.9818401937047,44.6,-47.08097928436912,0.0,0.0,0.0,0.039997173,euro/tCO2,MtCO2
Carbone,2022,234.65860314,1,288.3132511650724,44.6,-53.65464802550895,0.0,0.0,0.0,2.040535538,euro/tCO2,MtCO2
Carbone,2022,235.302458916,1,288.9571069413785,44.6,-53.65464802550895,0.0,0.0,0.0,10.841069615,euro/tCO2,MtCO2
Carbone,2022,236.467531273,1,290.1221792985038,44.6,-53.65464802550895,0.0,0.0,0.0,0.189045807,euro/tCO2,MtCO2
Carbone,2022,239.702140054,1,293.3567880794702,44.6,-53.65464802550895,0.0,0.0,0.0,2.575826393,euro/tCO2,MtCO2
Carbone,2022,240.779065489,1,294.4337135148393,44.6,-53.65464802550895,0.0,0.0,0.0,1.041491175,euro/tCO2,MtCO2
Carbone,2022,243.281671572,1,296.9363195977434,44.6,-53.65464802550895,0.0,0.0,0.0,1.514753949,euro/tCO2,MtCO2
Carbone,2022,243.925527349,1,297.5801753740496,44.6,-53.65464802550895,0.0,0.0,0.0,7.777140491,euro/tCO2,MtCO2
Carbone,2022,248.325208487,1,301.9798565121413,44.6,-53.65464802550895,0.0,0.0,0.0,1.371287498,euro/tCO2,MtCO2
Carbone,2023,-55.059147993,1,41.06561841126557,42.2162270183853,-96.1247664047249,0.0,0.0,0.0,21.114603321,euro/tCO2,MtCO2
Carbone,2023,0.0,1,0.0,0.0,0.0,0.0,0.0,0.0,115.452085829,euro/tCO2,MtCO2
Carbone,2023,0.594729345,1,0.5947293447293448,0.0,0.0,0.0,0.0,0.0,0.059636117,euro/tCO2,MtCO2
Carbone,2023,2.608041439,1,7.568062775089124,0.0,-4.960021336193924,0.0,0.0,0.0,0.0370225,euro/tCO2,MtCO2
Carbone,2023,2.688653881,1,2.688653880623768,0.0,0.0,0.0,0.0,0.0,0.3922408,euro/tCO2,MtCO2
Carbone,2023,3.006360532,1,7.966381868514868,7.0,-4.960021336193924,0.0,0.0,0.0,1.712459786,euro/tCO2,MtCO2
Carbone,2023,3.089304258,1,3.089304257528557,0.0,0.0,0.0,0.0,0.0,0.102910043,euro/tCO2,MtCO2
Carbone,2023,3.272827283,1,3.272827282728273,0.0,0.0,0.0,0.0,0.0,0.010157176,euro/tCO2,MtCO2
Carbone,2023,3.494244773,1,3.494244773314541,0.0,0.0,0.0,0.0,0.0,0.254922792,euro/tCO2,MtCO2
Carbone,2023,3.731656184,1,3.731656184486373,0.0,0.0,0.0,0.0,0.0,0.805403094,euro/tCO2,MtCO2
Carbone,2023,4.08,1,4.08,0.0,0.0,0.0,0.0,0.0,8.52042986,euro/tCO2,MtCO2
Carbone,2023,14.386621653,1,14.38662165269982,0.0,0.0,0.0,0.0,0.0,8.577270395,euro/tCO2,MtCO2
Carbone,2023,16.5,1,0.0,0.0,0.0,16.5,0.0,0.0,7.225001643,euro/tCO2,MtCO2
Carbone,2023,26.040110733,1,26.04011073270798,26.0401107,0.0,0.0,0.0,0.0,1.216652673,euro/tCO2,MtCO2
Carbone,2023,26.798906397,1,26.79890639681842,14.27802993722839,0.0,0.0,0.0,0.0,1.420029053,euro/tCO2,MtCO2
Carbone,2023,27.196016771,1,27.19601677148847,14.27802993722839,0.0,0.0,0.0,0.0,0.753542701,euro/tCO2,MtCO2
Carbone,2023,29.05,1,29.05,0.0,0.0,0.0,0.0,0.0,11.383878982,euro/tCO2,MtCO2
Carbone,2023,41.67413515,1,41.67413514966839,42.2162270183853,0.0,0.0,0.0,0.0,13.547414989,euro/tCO2,MtCO2
Carbone,2023,44.711538462,1,44.71153846153846,44.6,0.0,0.0,0.0,0.0,0.075588538,euro/tCO2,MtCO2
Carbone,2023,57.374307147,1,57.37430714708677,44.6,0.0,0.0,0.0,0.0,6.704474028,euro/tCO2,MtCO2
Carbone,2023,58.224488579,1,58.2244885787559,44.6,0.0,0.0,0.0,0.0,5.039768053,euro/tCO2,MtCO2
Carbone,2023,63.049353388,1,63.04935338841463,44.6,0.0,0.0,0.0,0.0,2.879869228,euro/tCO2,MtCO2
Carbone,2023,68.578305126,1,68.57830512631837,0.0,0.0,0.0,0.0,0.0,0.679483723,euro/tCO2,MtCO2
Carbone,2023,70.152680861,1,70.1526808612155,44.6,0.0,0.0,0.0,0.0,2.063815391,euro/tCO2,MtCO2
Carbone,2023,84.947589099,1,84.94758909853249,44.6,0.0,0.0,0.0,0.0,0.179607559,euro/tCO2,MtCO2
Carbone,2023,87.77,1,0.0,0.0,0.0,87.77,0.0,0.0,38.390641457,euro/tCO2,MtCO2
Carbone,2023,87.77,2,0.0,0.0,0.0,87.77,27.02,60.75,4.848290911,euro/tCO2,MtCO2
Carbone,2023,87.77,3,0.0,0.0,0.0,87.77,87.77,0.0,3.222936801,euro/tCO2,MtCO2
Carbone,2023,90.378041439,1,7.568062775089124,0.0,-4.960021336193924,87.77,0.0,0.0,14.352787284,euro/tCO2,MtCO2
Carbone,2023,90.378041439,2,7.568062775089124,0.0,-4.960021336193924,87.77,27.02,60.75,7.406744146,euro/tCO2,MtCO2
Carbone,2023,90.378041439,3,7.568062775089124,0.0,-4.960021336193924,87.77,87.77,0.0,3.467244617,euro/tCO2,MtCO2
Carbone,2023,90.859304258,1,3.089304257528557,0.0,0.0,87.77,0.0,0.0,0.081104102,euro/tCO2,MtCO2
Carbone,2023,90.859304258,2,3.089304257528557,0.0,0.0,87.77,87.77,0.0,0.032772045,euro/tCO2,MtCO2
Carbone,2023,91.042827283,1,3.272827282728273,0.0,0.0,87.77,0.0,0.0,0.007126197,euro/tCO2,MtCO2
Carbone,2023,91.042827283,2,3.272827282728273,0.0,0.0,87.77,87.77,0.0,0.002540064,euro/tCO2,MtCO2
Carbone,2023,91.264244773,1,3.494244773314541,0.0,0.0,87.77,0.0,0.0,0.202920329,euro/tCO2,MtCO2
Carbone,2023,91.264244773,2,3.494244773314541,0.0,0.0,87.77,87.77,0.0,0.069991513,euro/tCO2,MtCO2
Carbone,2023,112.572314666,1,112.5723146657124,0.0,0.0,0.0,0.0,0.0,0.406595197,euro/tCO2,MtCO2
Carbone,2023,114.966016771,1,27.19601677148847,14.27802993722839,0.0,87.77,0.0,0.0,0.266832118,euro/tCO2,MtCO2
Carbone,2023,114.966016771,2,27.19601677148847,14.27802993722839,0.0,87.77,87.77,0.0,0.050610981,euro/tCO2,MtCO2
Carbone,2023,129.44413515,1,41.67413514966839,42.2162270183853,0.0,87.77,0.0,0.0,0.664536682,euro/tCO2,MtCO2
Carbone,2023,129.44413515,2,41.67413514966839,42.2162270183853,0.0,87.77,87.77,0.0,0.03271892,euro/tCO2,MtCO2
Carbone,2023,132.481538462,1,44.71153846153846,44.6,0.0,87.77,0.0,0.0,0.1201502,euro/tCO2,MtCO2
Carbone,2023,132.481538462,2,44.71153846153846,44.6,0.0,87.77,87.77,0.0,0.028273725,euro/tCO2,MtCO2
Carbone,2023,145.994488579,1,58.2244885787559,44.6,0.0,87.77,0.0,0.0,0.135791993,euro/tCO2,MtCO2
Carbone,2023,145.994488579,2,58.2244885787559,44.6,0.0,87.77,87.77,0.0,0.038198477,euro/tCO2,MtCO2
Carbone,2023,146.083079859,1,146.0830798592473,0.0,0.0,0.0,0.0,0.0,1.990790749,euro/tCO2,MtCO2
Carbone,2023,150.788237077,1,150.7882370774595,44.6,0.0,0.0,0.0,0.0,1.433962955,euro/tCO2,MtCO2
Carbone,2023,150.819353388,1,63.04935338841463,44.6,0.0,87.77,0.0,0.0,0.062697401,euro/tCO2,MtCO2
Carbone,2023,150.819353388,2,63.04935338841463,44.6,0.0,87.77,87.77,0.0,0.016769136,euro/tCO2,MtCO2
Carbone,2023,154.785994604,1,154.7859946038754,0.0,0.0,0.0,0.0,0.0,0.045009956,euro/tCO2,MtCO2
Carbone,2023,157.922680861,1,70.1526808612155,44.6,0.0,87.77,0.0,0.0,0.089952647,euro/tCO2,MtCO2
Carbone,2023,157.922680861,2,70.1526808612155,44.6,0.0,87.77,87.77,0.0,0.073254658,euro/tCO2,MtCO2
Carbone,2023,168.448440389,1,168.4484403888591,0.0,0.0,0.0,0.0,0.0,21.1107837,euro/tCO2,MtCO2
Carbone,2023,221.417069243,1,221.4170692431562,44.6,0.0,0.0,0.0,0.0,1.739753532,euro/tCO2,MtCO2
Carbone,2023,225.442834138,1,225.4428341384863,44.6,0.0,0.0,0.0,0.0,8.246557748,euro/tCO2,MtCO2
Carbone,2023,226.449275362,1,226.4492753623189,44.6,0.0,0.0,0.0,0.0,44.866178989,euro/tCO2,MtCO2
Carbone,2023,233.494363929,1,233.4943639291466,44.6,0.0,0.0,0.0,0.0,6.103667038,euro/tCO2,MtCO2
Carbone,2023,252.989642185,1,252.9896421845575,44.6,0.0,0.0,0.0,0.0,0.093839942,euro/tCO2,MtCO2
Carbone,2023,253.554613936,1,253.5546139359699,44.6,0.0,0.0,0.0,0.0,0.498558012,euro/tCO2,MtCO2
Carbone,2023,254.576943772,1,254.576943771859,44.6,0.0,0.0,0.0,0.0,0.005095736,euro/tCO2,MtCO2
Carbone,2023,257.415254237,1,257.4152542372882,44.6,0.0,0.0,0.0,0.0,0.118456844,euro/tCO2,MtCO2
Carbone,2023,258.36023675,1,258.3602367500673,44.6,0.0,0.0,0.0,0.0,0.03038576,euro/tCO2,MtCO2
Carbone,2023,260.556228141,1,260.5562281409739,44.6,0.0,0.0,0.0,0.0,0.040830246,euro/tCO2,MtCO2
Carbone,2023,261.121199892,1,261.1211998923864,44.6,0.0,0.0,0.0,0.0,0.209633096,euro/tCO2,MtCO2
Carbone,2023,264.981840194,1,264.9818401937047,44.6,0.0,0.0,0.0,0.0,0.036963103,euro/tCO2,MtCO2
Carbone,2023,282.68770015,1,282.68770015045,44.6,0.0,0.0,0.0,0.0,0.521639733,euro/tCO2,MtCO2
Carbone,2023,288.313251165,1,288.3132511650724,44.6,0.0,0.0,0.0,0.0,2.235615721,euro/tCO2,MtCO2
Carbone,2023,288.957106941,1,288.9571069413785,44.6,0.0,0.0,0.0,0.0,11.877502357,euro/tCO2,MtCO2
Carbone,2023,290.122179299,1,290.1221792985038,44.6,0.0,0.0,0.0,0.0,0.187944187,euro/tCO2,MtCO2
Carbone,2023,293.356788079,1,293.3567880794702,44.6,0.0,0.0,0.0,0.0,2.822081689,euro/tCO2,MtCO2
Carbone,2023,294.433713515,1,294.4337135148393,44.6,0.0,0.0,0.0,0.0,1.120706899,euro/tCO2,MtCO2
Carbone,2023,296.936319598,1,296.9363195977434,44.6,0.0,0.0,0.0,0.0,1.505927069,euro/tCO2,MtCO2
Carbone,2023,297.580175374,1,297.5801753740496,44.6,0.0,0.0,0.0,0.0,7.731821,euro/tCO2,MtCO2
Carbone,2023,301.979856512,1,301.9798565121413,44.6,0.0,0.0,0.0,0.0,1.363296636,euro/tCO2,MtCO2
Carbone,2024*,0.0,1,0.0,0.0,0.0,0.0,0.0,0.0,114.649307869,euro/tCO2,MtCO2
Carbone,2024*,0.594729345,1,0.5947293447293448,0.0,0.0,0.0,0.0,0.0,0.059636117,euro/tCO2,MtCO2
Carbone,2024*,2.688653881,1,2.688653880623768,0.0,0.0,0.0,0.0,0.0,0.3922408,euro/tCO2,MtCO2
Carbone,2024*,3.731656184,1,3.731656184486373,0.0,0.0,0.0,0.0,0.0,0.805403094,euro/tCO2,MtCO2
Carbone,2024*,4.08,1,4.08,0.0,0.0,0.0,0.0,0.0,1.449681971,euro/tCO2,MtCO2
Carbone,2024*,7.242990654,1,7.242990654205608,40.4766540452977,0.0,0.0,0.0,0.0,0.102910043,euro/tCO2,MtCO2
Carbone,2024*,7.568062775,1,7.568062775089124,0.0,0.0,0.0,0.0,0.0,0.0370225,euro/tCO2,MtCO2
Carbone,2024*,7.673267327,1,7.673267326732674,40.4766540452977,0.0,0.0,0.0,0.0,0.010157176,euro/tCO2,MtCO2
Carbone,2024*,7.966381869,1,7.966381868514868,7.0,0.0,0.0,0.0,0.0,1.712459786,euro/tCO2,MtCO2
Carbone,2024*,8.192389006,1,8.192389006342495,40.4766540452977,0.0,0.0,0.0,0.0,0.254922792,euro/tCO2,MtCO2
Carbone,2024*,14.386621653,1,14.38662165269982,0.0,0.0,0.0,0.0,0.0,8.577270395,euro/tCO2,MtCO2
Carbone,2024*,16.5,1,0.0,0.0,0.0,16.5,0.0,0.0,8.027779603,euro/tCO2,MtCO2
Carbone,2024*,26.040110733,1,26.04011073270798,26.0401107,0.0,0.0,0.0,0.0,1.216652673,euro/tCO2,MtCO2
Carbone,2024*,26.798906397,1,26.79890639681842,14.27802993722839,0.0,0.0,0.0,0.0,1.420029053,euro/tCO2,MtCO2
Carbone,2024*,27.196016771,1,27.19601677148847,14.27802993722839,0.0,0.0,0.0,0.0,0.753542701,euro/tCO2,MtCO2
Carbone,2024*,29.05,1,29.05,0.0,0.0,0.0,0.0,0.0,11.383878982,euro/tCO2,MtCO2
Carbone,2024*,44.711538462,1,44.71153846153846,44.6,0.0,0.0,0.0,0.0,0.075588538,euro/tCO2,MtCO2
Carbone,2024*,57.374307147,1,57.37430714708677,44.6,0.0,0.0,0.0,0.0,6.704474028,euro/tCO2,MtCO2
Carbone,2024*,58.224488579,1,58.2244885787559,44.6,0.0,0.0,0.0,0.0,5.039768053,euro/tCO2,MtCO2
Carbone,2024*,65.97,1,0.0,0.0,0.0,65.97,0.0,0.0,38.390641457,euro/tCO2,MtCO2
Carbone,2024*,65.97,2,0.0,0.0,0.0,65.97,0.1424999999999983,65.8275,4.736410751,euro/tCO2,MtCO2
Carbone,2024*,65.97,3,0.0,0.0,0.0,65.97,65.97,0.0,3.334816961,euro/tCO2,MtCO2
Carbone,2024*,67.098755419,1,80.31591079957197,44.6,-13.21715538064967,0.0,0.0,0.0,21.114603321,euro/tCO2,MtCO2
Carbone,2024*,68.578305126,1,68.57830512631837,0.0,0.0,0.0,0.0,0.0,0.679483723,euro/tCO2,MtCO2
Carbone,2024*,70.05,1,4.08,0.0,0.0,65.97,0.1424999999999983,65.8275,4.343134373,euro/tCO2,MtCO2
Carbone,2024*,70.05,2,4.08,0.0,0.0,65.97,0.0,0.0,2.625023054,euro/tCO2,MtCO2
Carbone,2024*,70.05,3,4.08,0.0,0.0,65.97,65.97,0.0,0.102590462,euro/tCO2,MtCO2
Carbone,2024*,73.212990654,1,7.242990654205608,40.4766540452977,0.0,65.97,0.0,0.0,0.081104102,euro/tCO2,MtCO2
Carbone,2024*,73.212990654,2,7.242990654205608,40.4766540452977,0.0,65.97,65.97,0.0,0.032772045,euro/tCO2,MtCO2
Carbone,2024*,73.538062775,1,7.568062775089124,0.0,0.0,65.97,0.0,0.0,14.352787284,euro/tCO2,MtCO2
Carbone,2024*,73.538062775,2,7.568062775089124,0.0,0.0,65.97,0.1424999999999983,65.8275,7.235824592,euro/tCO2,MtCO2
Carbone,2024*,73.538062775,3,7.568062775089124,0.0,0.0,65.97,65.97,0.0,3.63816417,euro/tCO2,MtCO2
Carbone,2024*,73.643267327,1,7.673267326732674,40.4766540452977,0.0,65.97,0.0,0.0,0.007126197,euro/tCO2,MtCO2
Carbone,2024*,73.643267327,2,7.673267326732674,40.4766540452977,0.0,65.97,65.97,0.0,0.002540064,euro/tCO2,MtCO2
Carbone,2024*,73.936381869,1,7.966381868514868,7.0,0.0,65.97,0.0,0.0,0.0,euro/tCO2,MtCO2
Carbone,2024*,73.936381869,2,7.966381868514868,7.0,0.0,65.97,65.97,0.0,0.0,euro/tCO2,MtCO2
Carbone,2024*,74.162389006,1,8.192389006342495,40.4766540452977,0.0,65.97,0.0,0.0,0.202920329,euro/tCO2,MtCO2
Carbone,2024*,74.162389006,2,8.192389006342495,40.4766540452977,0.0,65.97,65.97,0.0,0.069991513,euro/tCO2,MtCO2
Carbone,2024*,81.506044492,1,81.50604449224274,44.6,0.0,0.0,0.0,0.0,13.547414989,euro/tCO2,MtCO2
Carbone,2024*,83.116602421,1,83.11660242117782,44.6,0.0,0.0,0.0,0.0,2.879869228,euro/tCO2,MtCO2
Carbone,2024*,84.947589099,1,84.94758909853249,44.6,0.0,0.0,0.0,0.0,0.179607559,euro/tCO2,MtCO2
Carbone,2024*,92.48076579,1,92.48076578994454,44.6,0.0,0.0,0.0,0.0,2.063815391,euro/tCO2,MtCO2
Carbone,2024*,93.166016771,1,27.19601677148847,14.27802993722839,0.0,65.97,0.0,0.0,0.266832118,euro/tCO2,MtCO2
Carbone,2024*,93.166016771,2,27.19601677148847,14.27802993722839,0.0,65.97,65.97,0.0,0.050610981,euro/tCO2,MtCO2
Carbone,2024*,110.681538462,1,44.71153846153846,44.6,0.0,65.97,0.0,0.0,0.1201502,euro/tCO2,MtCO2
Carbone,2024*,110.681538462,2,44.71153846153846,44.6,0.0,65.97,65.97,0.0,0.028273725,euro/tCO2,MtCO2
Carbone,2024*,112.572314666,1,112.5723146657124,0.0,0.0,0.0,0.0,0.0,0.406595197,euro/tCO2,MtCO2
Carbone,2024*,124.194488579,1,58.2244885787559,44.6,0.0,65.97,0.0,0.0,0.135791993,euro/tCO2,MtCO2
Carbone,2024*,124.194488579,2,58.2244885787559,44.6,0.0,65.97,65.97,0.0,0.038198477,euro/tCO2,MtCO2
Carbone,2024*,146.083079859,1,146.0830798592473,0.0,0.0,0.0,0.0,0.0,1.990790749,euro/tCO2,MtCO2
Carbone,2024*,147.476044492,1,81.50604449224274,44.6,0.0,65.97,0.0,0.0,0.664536682,euro/tCO2,MtCO2
Carbone,2024*,147.476044492,2,81.50604449224274,44.6,0.0,65.97,65.97,0.0,0.03271892,euro/tCO2,MtCO2
Carbone,2024*,149.086602421,1,83.11660242117782,44.6,0.0,65.97,0.0,0.0,0.062697401,euro/tCO2,MtCO2
Carbone,2024*,149.086602421,2,83.11660242117782,44.6,0.0,65.97,65.97,0.0,0.016769136,euro/tCO2,MtCO2
Carbone,2024*,150.788237077,1,150.7882370774595,44.6,0.0,0.0,0.0,0.0,1.433962955,euro/tCO2,MtCO2
Carbone,2024*,154.785994604,1,154.7859946038754,0.0,0.0,0.0,0.0,0.0,0.045009956,euro/tCO2,MtCO2
Carbone,2024*,158.45076579,1,92.48076578994454,44.6,0.0,65.97,0.0,0.0,0.089952647,euro/tCO2,MtCO2
Carbone,2024*,158.45076579,2,92.48076578994454,44.6,0.0,65.97,65.97,0.0,0.073254658,euro/tCO2,MtCO2
Carbone,2024*,168.448440389,1,168.4484403888591,0.0,0.0,0.0,0.0,0.0,21.1107837,euro/tCO2,MtCO2
Carbone,2024*,221.417069243,1,221.4170692431562,44.6,0.0,0.0,0.0,0.0,1.739753532,euro/tCO2,MtCO2
Carbone,2024*,225.442834138,1,225.4428341384863,44.6,0.0,0.0,0.0,0.0,8.246557748,euro/tCO2,MtCO2
Carbone,2024*,226.449275362,1,226.4492753623189,44.6,0.0,0.0,0.0,0.0,44.866178989,euro/tCO2,MtCO2
Carbone,2024*,233.494363929,1,233.4943639291466,44.6,0.0,0.0,0.0,0.0,6.103667038,euro/tCO2,MtCO2
Carbone,2024*,252.989642185,1,252.9896421845575,44.6,0.0,0.0,0.0,0.0,0.093839942,euro/tCO2,MtCO2
Carbone,2024*,253.554613936,1,253.5546139359699,44.6,0.0,0.0,0.0,0.0,0.498558012,euro/tCO2,MtCO2
Carbone,2024*,254.576943772,1,254.576943771859,44.6,0.0,0.0,0.0,0.0,0.005095736,euro/tCO2,MtCO2
Carbone,2024*,257.415254237,1,257.4152542372882,44.6,0.0,0.0,0.0,0.0,0.118456844,euro/tCO2,MtCO2
Carbone,2024*,258.36023675,1,258.3602367500673,44.6,0.0,0.0,0.0,0.0,0.03038576,euro/tCO2,MtCO2
Carbone,2024*,260.556228141,1,260.5562281409739,44.6,0.0,0.0,0.0,0.0,0.040830246,euro/tCO2,MtCO2
Carbone,2024*,261.121199892,1,261.1211998923864,44.6,0.0,0.0,0.0,0.0,0.209633096,euro/tCO2,MtCO2
Carbone,2024*,264.981840194,1,264.9818401937047,44.6,0.0,0.0,0.0,0.0,0.036963103,euro/tCO2,MtCO2
Carbone,2024*,286.888749842,1,286.8887498415936,44.6,0.0,0.0,0.0,0.0,0.521639733,euro/tCO2,MtCO2
Carbone,2024*,288.313251165,1,288.3132511650724,44.6,0.0,0.0,0.0,0.0,2.235615721,euro/tCO2,MtCO2
Carbone,2024*,288.957106941,1,288.9571069413785,44.6,0.0,0.0,0.0,0.0,11.877502357,euro/tCO2,MtCO2
Carbone,2024*,290.122179299,1,290.1221792985038,44.6,0.0,0.0,0.0,0.0,0.187944187,euro/tCO2,MtCO2
Carbone,2024*,293.356788079,1,293.3567880794702,44.6,0.0,0.0,0.0,0.0,2.822081689,euro/tCO2,MtCO2
Carbone,2024*,294.433713515,1,294.4337135148393,44.6,0.0,0.0,0.0,0.0,1.120706899,euro/tCO2,MtCO2
Carbone,2024*,296.936319598,1,296.9363195977434,44.6,0.0,0.0,0.0,0.0,1.505927069,euro/tCO2,MtCO2
Carbone,2024*,297.580175374,1,297.5801753740496,44.6,0.0,0.0,0.0,0.0,7.731821,euro/tCO2,MtCO2
Carbone,2024*,301.979856512,1,301.9798565121413,44.6,0.0,0.0,0.0,0.0,1.363296636,euro/tCO2,MtCO2
Energie,2017,0.0,1,0.0,0.0,0.0,0.0,0.0,0.0,395.025492094,euro/MWh,TWh
Energie,2017,0.0,2,0.0,2.724248112023177,0.0,0.0,0.0,0.0,16.425542838,euro/MWh,TWh
Energie,2017,0.119,1,0.119,0.0,0.0,0.0,0.0,0.0,2.2157805,euro/MWh,TWh
Energie,2017,0.167,1,0.167,0.0,0.0,0.0,0.0,0.0,0.222227778,euro/MWh,TWh
Energie,2017,0.5,1,0.5,0.0,0.0,0.0,0.0,0.0,12.878453499,euro/MWh,TWh
Energie,2017,1.0,1,1.0,0.0,0.0,0.0,0.0,0.0,5.53917381,euro/MWh,TWh
Energie,2017,1.101574659,1,0.0,0.0,0.0,1.101574658995131,0.0,0.0,33.930389007,euro/MWh,TWh
Energie,2017,1.101574659,2,0.0,0.0,0.0,1.101574658995131,1.101574658995131,0.0,3.55021163,euro/MWh,TWh
Energie,2017,1.101574659,3,0.0,2.724248112023177,0.0,1.101574658995131,0.0,0.0,1.728180976,euro/MWh,TWh
Energie,2017,1.101574659,4,0.0,2.724248112023177,0.0,1.101574658995131,1.101574658995131,0.0,0.245467405,euro/MWh,TWh
Energie,2017,1.159563212,1,0.0,0.0,0.0,1.159563211798837,0.0,0.0,34.159206431,euro/MWh,TWh
Energie,2017,1.159563212,2,0.0,0.0,0.0,1.159563211798837,1.159563211798837,0.0,1.224316205,euro/MWh,TWh
Energie,2017,1.19,1,1.19,0.0,0.0,0.0,0.0,0.0,2.350425502,euro/MWh,TWh
Energie,2017,1.52,1,1.52,0.0,0.0,0.0,0.0,0.0,0.172596377,euro/MWh,TWh
Energie,2017,1.523498538,1,0.0,0.0,0.0,1.523498537817795,1.523498537817795,0.0,8.075049265,euro/MWh,TWh
Energie,2017,1.523498538,2,0.0,0.0,0.0,1.523498537817795,0.0,0.0,7.758128695,euro/MWh,TWh
Energie,2017,1.548855539,1,0.0,0.0,0.0,1.548855539402211,0.0,0.0,12.656353472,euro/MWh,TWh
Energie,2017,1.548855539,2,0.0,0.0,0.0,1.548855539402211,1.548855539402211,0.0,0.701757162,euro/MWh,TWh
Energie,2017,1.6,1,1.6,1.405908,0.0,0.0,0.0,0.0,2.274904288,euro/MWh,TWh
Energie,2017,1.621185347,1,0.0,0.0,0.0,1.621185347200382,0.0,0.0,1.827531815,euro/MWh,TWh
Energie,2017,1.621185347,2,0.0,0.0,0.0,1.621185347200382,1.621185347200382,0.0,0.036116336,euro/MWh,TWh
Energie,2017,1.716793714,1,0.0,0.0,0.0,1.716793713830147,0.0,0.0,26.309479941,euro/MWh,TWh
Energie,2017,1.716793714,2,0.0,0.0,0.0,1.716793713830147,1.716793713830147,0.0,2.255694858,euro/MWh,TWh
Energie,2017,1.966206844,1,0.0,0.0,0.0,1.966206844168668,0.0,0.0,5.629303484,euro/MWh,TWh
Energie,2017,1.966206844,2,0.0,0.0,0.0,1.966206844168668,1.966206844168668,0.0,0.206191536,euro/MWh,TWh
Energie,2017,2.0,1,2.0,0.0,0.0,0.0,0.0,0.0,11.375468986,euro/MWh,TWh
Energie,2017,2.09922718,1,0.0,0.0,0.0,2.099227180349212,0.0,0.0,0.07126634,euro/MWh,TWh
Energie,2017,2.09922718,2,0.0,0.0,0.0,2.099227180349212,2.099227180349212,0.0,0.001848098,euro/MWh,TWh
Energie,2017,2.223933746,1,0.0,0.0,0.0,2.223933745518472,0.0,0.0,2.127372957,euro/MWh,TWh
Energie,2017,2.223933746,2,0.0,0.0,0.0,2.223933745518472,2.223933745518472,0.0,0.095649051,euro/MWh,TWh
Energie,2017,2.5,1,2.5,0.0,0.0,0.0,0.0,0.0,3.645078977,euro/MWh,TWh
Energie,2017,2.679563212,1,1.52,0.0,0.0,1.159563211798837,0.0,0.0,46.994651668,euro/MWh,TWh
Energie,2017,2.679563212,2,1.52,0.0,0.0,1.159563211798837,1.159563211798837,0.0,9.677378648,euro/MWh,TWh
Energie,2017,2.759563212,1,1.6,1.405908,0.0,1.159563211798837,0.0,0.0,0.0,euro/MWh,TWh
Energie,2017,2.759563212,2,1.6,1.405908,0.0,1.159563211798837,1.159563211798837,0.0,0.0,euro/MWh,TWh
Energie,2017,3.156206844,1,1.19,0.0,0.0,1.966206844168668,0.0,0.0,2.250316256,euro/MWh,TWh
Energie,2017,3.156206844,2,1.19,0.0,0.0,1.966206844168668,1.966206844168668,0.0,1.703611902,euro/MWh,TWh
Energie,2017,3.28922718,1,1.19,0.0,0.0,2.099227180349212,0.0,0.0,0.068404839,euro/MWh,TWh
Energie,2017,3.28922718,2,1.19,0.0,0.0,2.099227180349212,2.099227180349212,0.0,0.017826495,euro/MWh,TWh
Energie,2017,3.413933746,1,1.19,0.0,0.0,2.223933745518472,0.0,0.0,0.36229936,euro/MWh,TWh
Energie,2017,3.413933746,2,1.19,0.0,0.0,2.223933745518472,2.223933745518472,0.0,0.149658113,euro/MWh,TWh
Energie,2017,3.86,1,3.86,0.0,0.0,0.0,0.0,0.0,25.439142748,euro/MWh,TWh
Energie,2017,5.0,1,5.0,0.0,0.0,0.0,0.0,0.0,14.902632423,euro/MWh,TWh
Energie,2017,5.5,1,5.5,0.0,0.0,0.0,0.0,0.0,1.673678567,euro/MWh,TWh
Energie,2017,5.88,1,5.88,6.125742,0.0,0.0,0.0,0.0,237.694882463,euro/MWh,TWh
Energie,2017,5.99,1,5.99,6.125742,0.0,0.0,0.0,0.0,4.453986347,euro/MWh,TWh
Energie,2017,7.039563212,1,5.88,6.125742,0.0,1.159563211798837,0.0,0.0,26.772143786,euro/MWh,TWh
Energie,2017,7.039563212,2,5.88,6.125742,0.0,1.159563211798837,1.159563211798837,0.0,2.704192524,euro/MWh,TWh
Energie,2017,7.5,1,7.5,0.0,0.0,0.0,0.0,0.0,32.231630311,euro/MWh,TWh
Energie,2017,8.586,1,8.586,8.5644,0.0,0.0,0.0,0.0,0.558257452,euro/MWh,TWh
Energie,2017,10.207185347,1,8.586,8.5644,0.0,1.621185347200382,0.0,0.0,1.42839665,euro/MWh,TWh
Energie,2017,10.207185347,2,8.586,8.5644,0.0,1.621185347200382,1.621185347200382,0.0,0.258521527,euro/MWh,TWh
Energie,2017,11.89,1,11.89,8.182296,0.0,0.0,0.0,0.0,93.111921503,euro/MWh,TWh
Energie,2017,12.0,1,12.0,0.0,0.0,0.0,0.0,0.0,1.90846273,euro/MWh,TWh
Energie,2017,12.9132,1,12.9132,5.8194,0.0,0.0,0.0,0.0,0.959827326,euro/MWh,TWh
Energie,2017,13.438855539,1,11.89,8.182296,0.0,1.548855539402211,0.0,0.0,0.988999274,euro/MWh,TWh
Energie,2017,13.438855539,2,11.89,8.182296,0.0,1.548855539402211,1.548855539402211,0.0,0.205962943,euro/MWh,TWh
Energie,2017,14.2335,1,14.2335,7.958304,0.0,0.0,0.0,0.0,0.879281914,euro/MWh,TWh
Energie,2017,15.09,1,15.09,8.182296,0.0,0.0,0.0,0.0,3.872474715,euro/MWh,TWh
Energie,2017,16.638855539,1,15.09,8.182296,0.0,1.548855539402211,0.0,0.0,0.097130957,euro/MWh,TWh
Energie,2017,16.638855539,2,15.09,8.182296,0.0,1.548855539402211,1.548855539402211,0.0,0.008055577,euro/MWh,TWh
Energie,2017,25.573,1,25.573,0.0,0.0,0.0,0.0,0.0,168.364585854,euro/MWh,TWh
Energie,2017,30.2,1,30.2,0.0,0.0,0.0,0.0,0.0,1.664669767,euro/MWh,TWh
Energie,2017,31.717,1,31.717,0.0,0.0,0.0,0.0,0.0,161.31533,euro/MWh,TWh
Energie,2017,39.19,1,39.19,0.0,0.0,0.0,0.0,0.0,9.715842371,euro/MWh,TWh
Energie,2017,39.79,1,39.79,8.04834,0.0,0.0,0.0,0.0,3.463727778,euro/MWh,TWh
Energie,2017,40.388,1,40.388,0.0,0.0,0.0,0.0,0.0,0.159356302,euro/MWh,TWh
Energie,2017,43.19,1,43.19,0.0,0.0,0.0,0.0,0.0,81.484112708,euro/MWh,TWh
Energie,2017,44.354,1,44.354,8.04834,0.0,0.0,0.0,0.0,2.102124444,euro/MWh,TWh
Energie,2017,53.07,1,53.07,8.182296,0.0,0.0,0.0,0.0,8.51400363,euro/MWh,TWh
Energie,2017,54.42,1,54.42,8.182296,0.0,0.0,0.0,0.0,275.481376919,euro/MWh,TWh
Energie,2017,56.31,1,56.31,8.182296,0.0,0.0,0.0,0.0,31.797773496,euro/MWh,TWh
Energie,2017,71.717013124,1,71.71701312415145,7.958304,0.0,0.0,0.0,0.0,27.653899822,euro/MWh,TWh
Energie,2017,71.717013124,2,71.71701312415145,9.06948,0.0,0.0,0.0,0.0,1.109929333,euro/MWh,TWh
Energie,2017,72.078515449,1,72.0785154488212,7.958304,0.0,0.0,0.0,0.0,0.762504053,euro/MWh,TWh
Energie,2017,72.078515449,2,72.0785154488212,9.06948,0.0,0.0,0.0,0.0,0.020586024,euro/MWh,TWh
Energie,2017,72.863586061,1,72.86358606124604,7.958304,0.0,0.0,0.0,0.0,6.334331201,euro/MWh,TWh
Energie,2017,72.863586061,2,72.86358606124604,9.06948,0.0,0.0,0.0,0.0,0.25423756,euro/MWh,TWh
Energie,2017,73.2038,1,73.2038,7.958304,0.0,0.0,0.0,0.0,3.496162171,euro/MWh,TWh
Energie,2017,73.2038,2,73.2038,9.06948,0.0,0.0,0.0,0.0,0.094389107,euro/MWh,TWh
Energie,2017,74.024759116,1,74.02475911553667,7.958304,0.0,0.0,0.0,0.0,45.893187753,euro/MWh,TWh
Energie,2017,74.024759116,2,74.02475911553667,9.06948,0.0,0.0,0.0,0.0,1.23902062,euro/MWh,TWh
Energie,2017,75.172255381,1,75.1722553814614,7.958304,0.0,0.0,0.0,0.0,6.405088794,euro/MWh,TWh
Energie,2017,75.172255381,2,75.1722553814614,9.06948,0.0,0.0,0.0,0.0,0.172924076,euro/MWh,TWh
Energie,2018,0.0,1,0.0,0.0,0.0,0.0,0.0,0.0,392.29054572,euro/MWh,TWh
Energie,2018,0.119,1,0.119,0.0,0.0,0.0,0.0,0.0,2.550482694,euro/MWh,TWh
Energie,2018,0.167,1,0.167,0.0,0.0,0.0,0.0,0.0,0.222227778,euro/MWh,TWh
Energie,2018,0.5,1,0.5,0.0,0.0,0.0,0.0,0.0,12.860323417,euro/MWh,TWh
Energie,2018,0.712,1,0.712,0.0,0.0,0.0,0.0,0.0,3.312495385,euro/MWh,TWh
Energie,2018,1.0,1,1.0,0.0,0.0,0.0,0.0,0.0,5.512055568,euro/MWh,TWh
Energie,2018,1.19,1,1.19,0.0,0.0,0.0,0.0,0.0,2.513933764,euro/MWh,TWh
Energie,2018,1.52,1,1.52,0.0,0.0,0.0,0.0,0.0,0.300837194,euro/MWh,TWh
Energie,2018,1.6,1,1.6,1.405908,0.0,0.0,0.0,0.0,2.968220571,euro/MWh,TWh
Energie,2018,2.0,1,2.0,0.0,0.0,0.0,0.0,0.0,11.3204413,euro/MWh,TWh
Energie,2018,2.5,1,2.5,0.0,0.0,0.0,0.0,0.0,3.627173069,euro/MWh,TWh
Energie,2018,2.876974643,1,0.0,0.0,0.0,2.876974642652453,0.0,0.0,30.394731457,euro/MWh,TWh
Energie,2018,2.876974643,2,0.0,0.0,0.0,2.876974642652453,2.876974642652453,0.0,6.012856118,euro/MWh,TWh
Energie,2018,3.02842293,1,0.0,0.0,0.0,3.028422930444912,0.0,0.0,30.518208061,euro/MWh,TWh
Energie,2018,3.02842293,2,0.0,0.0,0.0,3.028422930444912,3.028422930444912,0.0,3.12689859,euro/MWh,TWh
Energie,2018,3.86,1,3.86,0.0,0.0,0.0,0.0,0.0,31.085503102,euro/MWh,TWh
Energie,2018,3.978910213,1,0.0,0.0,0.0,3.978910213328769,3.978910213328769,0.0,8.300060634,euro/MWh,TWh
Energie,2018,3.978910213,2,0.0,0.0,0.0,3.978910213328769,0.0,0.0,7.758189328,euro/MWh,TWh
Energie,2018,4.045134913,1,0.0,0.0,0.0,4.045134912650203,0.0,0.0,9.77107861,euro/MWh,TWh
Energie,2018,4.045134913,2,0.0,0.0,0.0,4.045134912650203,4.045134912650203,0.0,1.975344924,euro/MWh,TWh
Energie,2018,4.234038153,1,0.0,0.0,0.0,4.234038153337572,0.0,0.0,1.249267232,euro/MWh,TWh
Energie,2018,4.234038153,2,0.0,0.0,0.0,4.234038153337572,4.234038153337572,0.0,0.132756426,euro/MWh,TWh
Energie,2018,4.483737839,1,0.0,0.0,0.0,4.483737839303633,0.0,0.0,23.274545077,euro/MWh,TWh
Energie,2018,4.483737839,2,0.0,0.0,0.0,4.483737839303633,4.483737839303633,0.0,3.685334327,euro/MWh,TWh
Energie,2018,4.54842293,1,1.52,0.0,0.0,3.028422930444912,0.0,0.0,45.196970497,euro/MWh,TWh
Energie,2018,4.54842293,2,1.52,0.0,0.0,3.028422930444912,3.028422930444912,0.0,12.202832938,euro/MWh,TWh
Energie,2018,4.62842293,1,1.6,1.405908,0.0,3.028422930444912,0.0,0.0,0.0,euro/MWh,TWh
Energie,2018,4.62842293,2,1.6,1.405908,0.0,3.028422930444912,3.028422930444912,0.0,0.0,euro/MWh,TWh
Energie,2018,5.0,1,5.0,0.0,0.0,0.0,0.0,0.0,14.779916745,euro/MWh,TWh
Energie,2018,5.135128324,1,0.0,0.0,0.0,5.135128324432491,0.0,0.0,4.899057441,euro/MWh,TWh
Energie,2018,5.135128324,2,0.0,0.0,0.0,5.135128324432491,5.135128324432491,0.0,0.60300362,euro/MWh,TWh
Energie,2018,5.189,1,5.189,2.724248112023177,0.0,0.0,0.0,0.0,15.38705442,euro/MWh,TWh
Energie,2018,5.482536583,1,0.0,0.0,0.0,5.482536583167881,0.0,0.0,0.08038995,euro/MWh,TWh
Energie,2018,5.482536583,2,0.0,0.0,0.0,5.482536583167881,5.482536583167881,0.0,0.007544217,euro/MWh,TWh
Energie,2018,5.5,1,5.5,0.0,0.0,0.0,0.0,0.0,1.665513875,euro/MWh,TWh
Energie,2018,5.808231826,1,0.0,0.0,0.0,5.808231825732309,0.0,0.0,2.389961316,euro/MWh,TWh
Energie,2018,5.808231826,2,0.0,0.0,0.0,5.808231825732309,5.808231825732309,0.0,0.130031986,euro/MWh,TWh
Energie,2018,5.99,1,5.99,6.125742,0.0,0.0,0.0,0.0,4.709191958,euro/MWh,TWh
Energie,2018,6.325128324,1,1.19,0.0,0.0,5.135128324432491,0.0,0.0,2.573056288,euro/MWh,TWh
Energie,2018,6.325128324,2,1.19,0.0,0.0,5.135128324432491,5.135128324432491,0.0,1.882392829,euro/MWh,TWh
Energie,2018,6.672536583,1,1.19,0.0,0.0,5.482536583167881,0.0,0.0,0.120790421,euro/MWh,TWh
Energie,2018,6.672536583,2,1.19,0.0,0.0,5.482536583167881,5.482536583167881,0.0,0.042029808,euro/MWh,TWh
Energie,2018,6.998231826,1,1.19,0.0,0.0,5.808231825732309,0.0,0.0,0.441991465,euro/MWh,TWh
Energie,2018,6.998231826,2,1.19,0.0,0.0,5.808231825732309,5.808231825732309,0.0,0.198331551,euro/MWh,TWh
Energie,2018,7.5,1,7.5,0.0,0.0,0.0,0.0,0.0,32.076916505,euro/MWh,TWh
Energie,2018,8.065974643,1,5.189,2.724248112023177,0.0,2.876974642652453,0.0,0.0,1.875311234,euro/MWh,TWh
Energie,2018,8.065974643,2,5.189,2.724248112023177,0.0,2.876974642652453,2.876974642652453,0.0,0.412132605,euro/MWh,TWh
Energie,2018,8.45,1,8.45,8.478875899280576,0.0,0.0,0.0,0.0,227.303737099,euro/MWh,TWh
Energie,2018,11.47842293,1,8.45,8.478875899280576,0.0,3.028422930444912,0.0,0.0,32.28530832,euro/MWh,TWh
Energie,2018,11.47842293,2,8.45,8.478875899280576,0.0,3.028422930444912,3.028422930444912,0.0,5.193342712,euro/MWh,TWh
Energie,2018,12.0,1,12.0,0.0,0.0,0.0,0.0,0.0,1.90846273,euro/MWh,TWh
Energie,2018,12.555,1,12.555,12.52368,0.0,0.0,0.0,0.0,0.378703029,euro/MWh,TWh
Energie,2018,15.62,1,15.62,11.9649312,0.0,0.0,0.0,0.0,68.136422087,euro/MWh,TWh
Energie,2018,16.208,1,16.208,8.50968,0.0,0.0,0.0,0.0,0.82575537,euro/MWh,TWh
Energie,2018,16.789038153,1,12.555,12.52368,0.0,4.234038153337572,0.0,0.0,1.364114464,euro/MWh,TWh
Energie,2018,16.789038153,2,12.555,12.52368,0.0,4.234038153337572,4.234038153337572,0.0,0.22869846,euro/MWh,TWh
Energie,2018,17.894,1,17.894,11.6373888,0.0,0.0,0.0,0.0,1.350562981,euro/MWh,TWh
Energie,2018,18.82,1,18.82,11.9649312,0.0,0.0,0.0,0.0,17.068176159,euro/MWh,TWh
Energie,2018,19.665134913,1,15.62,11.9649312,0.0,4.045134912650203,0.0,0.0,0.990175655,euro/MWh,TWh
Energie,2018,19.665134913,2,15.62,11.9649312,0.0,4.045134912650203,4.045134912650203,0.0,0.251894232,euro/MWh,TWh
Energie,2018,22.865134913,1,18.82,11.9649312,0.0,4.045134912650203,0.0,0.0,0.734559005,euro/MWh,TWh
Energie,2018,22.865134913,2,18.82,11.9649312,0.0,4.045134912650203,4.045134912650203,0.0,0.15577172,euro/MWh,TWh
Energie,2018,25.573,1,25.573,0.0,0.0,0.0,0.0,0.0,167.488747761,euro/MWh,TWh
Energie,2018,30.2,1,30.2,0.0,0.0,0.0,0.0,0.0,1.71328956,euro/MWh,TWh
Energie,2018,31.717,1,31.717,0.0,0.0,0.0,0.0,0.0,160.47729,euro/MWh,TWh
Energie,2018,39.19,1,39.19,0.0,0.0,0.0,0.0,0.0,9.728901559,euro/MWh,TWh
Energie,2018,39.79,1,39.79,11.769048,0.0,0.0,0.0,0.0,3.695952809,euro/MWh,TWh
Energie,2018,40.388,1,40.388,0.0,0.0,0.0,0.0,0.0,0.17977482,euro/MWh,TWh
Energie,2018,43.19,1,43.19,0.0,0.0,0.0,0.0,0.0,86.241083736,euro/MWh,TWh
Energie,2018,48.165723287,1,48.16572328726409,11.769048,0.0,0.0,0.0,0.0,1.959836896,euro/MWh,TWh
Energie,2018,59.4,1,59.4,11.9649312,0.0,0.0,0.0,0.0,8.109484964,euro/MWh,TWh
Energie,2018,60.48,1,60.48,11.9649312,0.0,0.0,0.0,0.0,39.868998568,euro/MWh,TWh
Energie,2018,60.75,1,60.75,11.9649312,0.0,0.0,0.0,0.0,217.83427458,euro/MWh,TWh
Energie,2018,62.64,1,62.64,11.9649312,0.0,0.0,0.0,0.0,30.064523531,euro/MWh,TWh
Energie,2018,75.229,1,75.229,11.6373888,0.0,0.0,0.0,0.0,5.090483827,euro/MWh,TWh
Energie,2018,75.229,2,75.229,13.262256,0.0,0.0,0.0,0.0,0.208535766,euro/MWh,TWh
Energie,2018,75.397,1,75.397,11.6373888,0.0,0.0,0.0,0.0,26.82338592,euro/MWh,TWh
Energie,2018,75.397,2,75.397,13.262256,0.0,0.0,0.0,0.0,1.098841588,euro/MWh,TWh
Energie,2018,75.701,1,75.701,11.6373888,0.0,0.0,0.0,0.0,0.81019606,euro/MWh,TWh
Energie,2018,75.701,2,75.701,13.262256,0.0,0.0,0.0,0.0,0.022312517,euro/MWh,TWh
Energie,2018,76.545,1,76.545,11.6373888,0.0,0.0,0.0,0.0,6.964865667,euro/MWh,TWh
Energie,2018,76.545,2,76.545,13.262256,0.0,0.0,0.0,0.0,0.285321326,euro/MWh,TWh
Energie,2018,76.826,1,76.826,11.6373888,0.0,0.0,0.0,0.0,3.557021793,euro/MWh,TWh
Energie,2018,76.826,2,76.826,13.262256,0.0,0.0,0.0,0.0,0.09795914,euro/MWh,TWh
Energie,2018,77.479,1,77.479,11.6373888,0.0,0.0,0.0,0.0,7.039983326,euro/MWh,TWh
Energie,2018,77.479,2,77.479,13.262256,0.0,0.0,0.0,0.0,0.193878686,euro/MWh,TWh
Energie,2018,77.647,1,77.647,11.6373888,0.0,0.0,0.0,0.0,36.833284891,euro/MWh,TWh
Energie,2018,77.647,2,77.647,13.262256,0.0,0.0,0.0,0.0,1.014375824,euro/MWh,TWh
Energie,2018,78.795,1,78.795,11.6373888,0.0,0.0,0.0,0.0,6.240941752,euro/MWh,TWh
Energie,2018,78.795,2,78.795,13.262256,0.0,0.0,0.0,0.0,0.17187336,euro/MWh,TWh
Energie,2019,0.0,1,0.0,0.0,0.0,0.0,0.0,0.0,416.64160264,euro/MWh,TWh
Energie,2019,0.119,1,0.119,0.0,0.0,0.0,0.0,0.0,2.632950722,euro/MWh,TWh
Energie,2019,0.167,1,0.167,0.0,0.0,0.0,0.0,0.0,0.222227778,euro/MWh,TWh
Energie,2019,0.5,1,0.5,0.0,0.0,0.0,0.0,0.0,12.814107891,euro/MWh,TWh
Energie,2019,0.712,1,0.712,0.0,0.0,0.0,0.0,0.0,3.628327713,euro/MWh,TWh
Energie,2019,1.0,1,1.0,0.0,0.0,0.0,0.0,0.0,5.444003359,euro/MWh,TWh
Energie,2019,1.19,1,1.19,0.0,0.0,0.0,0.0,0.0,1.87432784,euro/MWh,TWh
Energie,2019,1.52,1,1.52,0.0,0.0,0.0,0.0,0.0,0.297231443,euro/MWh,TWh
Energie,2019,1.6,1,1.6,1.405908,0.0,0.0,0.0,0.0,4.270119405,euro/MWh,TWh
Energie,2019,2.0,1,2.0,0.0,0.0,0.0,0.0,0.0,11.179310357,euro/MWh,TWh
Energie,2019,2.5,1,2.5,0.0,0.0,0.0,0.0,0.0,3.582401115,euro/MWh,TWh
Energie,2019,3.86,1,3.86,0.0,0.0,0.0,0.0,0.0,31.412581325,euro/MWh,TWh
Energie,2019,4.702480645,1,0.0,0.0,0.0,4.702480645081791,0.0,0.0,32.630413168,euro/MWh,TWh
Energie,2019,4.702480645,2,0.0,0.0,0.0,4.702480645081791,4.702480645081791,0.0,4.432018376,euro/MWh,TWh
Energie,2019,4.950026324,1,0.0,0.0,0.0,4.950026324322889,0.0,0.0,32.823123163,euro/MWh,TWh
Energie,2019,4.950026324,2,0.0,0.0,0.0,4.950026324322889,4.950026324322889,0.0,2.710821003,euro/MWh,TWh
Energie,2019,5.0,1,5.0,0.0,0.0,0.0,0.0,0.0,14.486889156,euro/MWh,TWh
Energie,2019,5.189,1,5.189,2.724248112023177,0.0,0.0,0.0,0.0,15.240634584,euro/MWh,TWh
Energie,2019,5.5,1,5.5,0.0,0.0,0.0,0.0,0.0,1.644878023,euro/MWh,TWh
Energie,2019,5.99,1,5.99,6.125742,0.0,0.0,0.0,0.0,4.563034142,euro/MWh,TWh
Energie,2019,6.470026324,1,1.52,0.0,0.0,4.950026324322889,0.0,0.0,46.170540646,euro/MWh,TWh
Energie,2019,6.470026324,2,1.52,0.0,0.0,4.950026324322889,4.950026324322889,0.0,11.471089768,euro/MWh,TWh
Energie,2019,6.503619458,1,0.0,0.0,0.0,6.503619458198024,6.503619458198024,0.0,8.428099894,euro/MWh,TWh
Energie,2019,6.503619458,2,0.0,0.0,0.0,6.503619458198024,0.0,0.0,7.56930044,euro/MWh,TWh
Energie,2019,6.550026324,1,1.6,1.405908,0.0,4.950026324322889,0.0,0.0,0.0,euro/MWh,TWh
Energie,2019,6.550026324,2,1.6,1.405908,0.0,4.950026324322889,4.950026324322889,0.0,0.0,euro/MWh,TWh
Energie,2019,6.611865239,1,0.0,0.0,0.0,6.611865239084811,0.0,0.0,8.024025935,euro/MWh,TWh
Energie,2019,6.611865239,2,0.0,0.0,0.0,6.611865239084811,6.611865239084811,0.0,1.026582521,euro/MWh,TWh
Energie,2019,6.920631893,1,0.0,0.0,0.0,6.920631892761881,0.0,0.0,0.91781973,euro/MWh,TWh
Energie,2019,6.920631893,2,0.0,0.0,0.0,6.920631892761881,6.920631892761881,0.0,0.077343827,euro/MWh,TWh
Energie,2019,7.328771722,1,0.0,0.0,0.0,7.328771722335016,0.0,0.0,16.491322051,euro/MWh,TWh
Energie,2019,7.328771722,2,0.0,0.0,0.0,7.328771722335016,7.328771722335016,0.0,1.844918929,euro/MWh,TWh
Energie,2019,7.5,1,7.5,0.0,0.0,0.0,0.0,0.0,31.680209713,euro/MWh,TWh
Energie,2019,8.393484321,1,0.0,0.0,0.0,8.393484321221461,0.0,0.0,4.472538961,euro/MWh,TWh
Energie,2019,8.393484321,2,0.0,0.0,0.0,8.393484321221461,8.393484321221461,0.0,0.413463649,euro/MWh,TWh
Energie,2019,8.45,1,8.45,8.478875899280576,0.0,0.0,0.0,0.0,225.070527861,euro/MWh,TWh
Energie,2019,8.961331041,1,0.0,0.0,0.0,8.961331040627563,0.0,0.0,0.074418476,euro/MWh,TWh
Energie,2019,8.961331041,2,0.0,0.0,0.0,8.961331040627563,8.961331040627563,0.0,0.006351929,euro/MWh,TWh
Energie,2019,9.49368734,1,0.0,0.0,0.0,9.493687340070784,0.0,0.0,2.259069671,euro/MWh,TWh
Energie,2019,9.49368734,2,0.0,0.0,0.0,9.493687340070784,9.493687340070784,0.0,0.097495384,euro/MWh,TWh
Energie,2019,9.583484321,1,1.19,0.0,0.0,8.393484321221461,0.0,0.0,1.274572569,euro/MWh,TWh
Energie,2019,9.583484321,2,1.19,0.0,0.0,8.393484321221461,8.393484321221461,0.0,1.073149588,euro/MWh,TWh
Energie,2019,9.891480645,1,5.189,2.724248112023177,0.0,4.702480645081791,0.0,0.0,1.995637299,euro/MWh,TWh
Energie,2019,9.891480645,2,5.189,2.724248112023177,0.0,4.702480645081791,4.702480645081791,0.0,0.397263763,euro/MWh,TWh
Energie,2019,10.151331041,1,1.19,0.0,0.0,8.961331040627563,0.0,0.0,0.069127412,euro/MWh,TWh
Energie,2019,10.151331041,2,1.19,0.0,0.0,8.961331040627563,8.961331040627563,0.0,0.027395429,euro/MWh,TWh
Energie,2019,10.68368734,1,1.19,0.0,0.0,9.493687340070784,0.0,0.0,0.384339172,euro/MWh,TWh
Energie,2019,10.68368734,2,1.19,0.0,0.0,9.493687340070784,9.493687340070784,0.0,0.182883885,euro/MWh,TWh
Energie,2019,12.0,1,12.0,0.0,0.0,0.0,0.0,0.0,1.90846273,euro/MWh,TWh
Energie,2019,12.555,1,12.555,12.52368,0.0,0.0,0.0,0.0,0.389868499,euro/MWh,TWh
Energie,2019,13.400026324,1,8.45,8.478875899280576,0.0,4.950026324322889,0.0,0.0,17.560104423,euro/MWh,TWh
Energie,2019,13.400026324,2,8.45,8.478875899280576,0.0,4.950026324322889,4.950026324322889,0.0,2.537558918,euro/MWh,TWh
Energie,2019,15.62,1,15.62,11.9649312,0.0,0.0,0.0,0.0,64.154599869,euro/MWh,TWh
Energie,2019,16.208,1,16.208,8.50968,0.0,0.0,0.0,0.0,0.789061058,euro/MWh,TWh
Energie,2019,17.894,1,17.894,11.6373888,0.0,0.0,0.0,0.0,2.471071265,euro/MWh,TWh
Energie,2019,18.82,1,18.82,11.9649312,0.0,0.0,0.0,0.0,17.187204259,euro/MWh,TWh
Energie,2019,19.475631893,1,12.555,12.52368,0.0,6.920631892761881,0.0,0.0,0.776263211,euro/MWh,TWh
Energie,2019,19.475631893,2,12.555,12.52368,0.0,6.920631892761881,6.920631892761881,0.0,0.114689198,euro/MWh,TWh
Energie,2019,22.231865239,1,15.62,11.9649312,0.0,6.611865239084811,0.0,0.0,0.820753662,euro/MWh,TWh
Energie,2019,22.231865239,2,15.62,11.9649312,0.0,6.611865239084811,6.611865239084811,0.0,0.215750975,euro/MWh,TWh
Energie,2019,25.431865239,1,18.82,11.9649312,0.0,6.611865239084811,0.0,0.0,0.844192717,euro/MWh,TWh
Energie,2019,25.431865239,2,18.82,11.9649312,0.0,6.611865239084811,6.611865239084811,0.0,0.167916262,euro/MWh,TWh
Energie,2019,25.573,1,25.573,0.0,0.0,0.0,0.0,0.0,163.588705102,euro/MWh,TWh
Energie,2019,30.2,1,30.2,0.0,0.0,0.0,0.0,0.0,1.587833712,euro/MWh,TWh
Energie,2019,31.84,1,31.84,0.0,0.0,0.0,0.0,0.0,160.049593,euro/MWh,TWh
Energie,2019,39.19,1,39.19,0.0,0.0,0.0,0.0,0.0,8.705251378,euro/MWh,TWh
Energie,2019,39.79,1,39.79,11.769048,0.0,0.0,0.0,0.0,3.609741819,euro/MWh,TWh
Energie,2019,40.388,1,40.388,0.0,0.0,0.0,0.0,0.0,0.16976216,euro/MWh,TWh
Energie,2019,43.19,1,43.19,0.0,0.0,0.0,0.0,0.0,83.312040852,euro/MWh,TWh
Energie,2019,48.165723287,1,48.16572328726409,11.769048,0.0,0.0,0.0,0.0,2.041533096,euro/MWh,TWh
Energie,2019,59.4,1,59.4,11.9649312,0.0,0.0,0.0,0.0,8.333898886,euro/MWh,TWh
Energie,2019,60.48,1,60.48,11.9649312,0.0,0.0,0.0,0.0,39.436799267,euro/MWh,TWh
Energie,2019,60.75,1,60.75,11.9649312,0.0,0.0,0.0,0.0,214.557063449,euro/MWh,TWh
Energie,2019,62.64,1,62.64,11.9649312,0.0,0.0,0.0,0.0,29.188663846,euro/MWh,TWh
Energie,2019,75.229,1,75.229,11.6373888,0.0,0.0,0.0,0.0,6.146730827,euro/MWh,TWh
Energie,2019,75.229,2,75.229,13.262256,0.0,0.0,0.0,0.0,0.213704711,euro/MWh,TWh
Energie,2019,75.397,1,75.397,11.6373888,0.0,0.0,0.0,0.0,32.657463844,euro/MWh,TWh
Energie,2019,75.397,2,75.397,13.262256,0.0,0.0,0.0,0.0,1.135409058,euro/MWh,TWh
Energie,2019,75.701,1,75.701,11.6373888,0.0,0.0,0.0,0.0,0.854441697,euro/MWh,TWh
Energie,2019,75.701,2,75.701,13.262256,0.0,0.0,0.0,0.0,0.019947927,euro/MWh,TWh
Energie,2019,76.545,1,76.545,11.6373888,0.0,0.0,0.0,0.0,7.75953299,euro/MWh,TWh
Energie,2019,76.545,2,76.545,13.262256,0.0,0.0,0.0,0.0,0.26977735,euro/MWh,TWh
Energie,2019,76.826,1,76.826,11.6373888,0.0,0.0,0.0,0.0,3.79216159,euro/MWh,TWh
Energie,2019,76.826,2,76.826,13.262256,0.0,0.0,0.0,0.0,0.088532389,euro/MWh,TWh
Energie,2019,77.479,1,77.479,11.6373888,0.0,0.0,0.0,0.0,6.848269849,euro/MWh,TWh
Energie,2019,77.479,2,77.479,13.262256,0.0,0.0,0.0,0.0,0.159880763,euro/MWh,TWh
Energie,2019,77.647,1,77.647,11.6373888,0.0,0.0,0.0,0.0,35.160303361,euro/MWh,TWh
Energie,2019,77.647,2,77.647,13.262256,0.0,0.0,0.0,0.0,0.820857857,euro/MWh,TWh
Energie,2019,78.795,1,78.795,11.6373888,0.0,0.0,0.0,0.0,6.199727246,euro/MWh,TWh
Energie,2019,78.795,2,78.795,13.262256,0.0,0.0,0.0,0.0,0.144739787,euro/MWh,TWh
Energie,2020,0.0,1,0.0,0.0,0.0,0.0,0.0,0.0,350.481143249,euro/MWh,TWh
Energie,2020,0.119,1,0.119,0.0,0.0,0.0,0.0,0.0,2.688527444,euro/MWh,TWh
Energie,2020,0.167,1,0.167,0.0,0.0,0.0,0.0,0.0,0.222227778,euro/MWh,TWh
Energie,2020,0.5,1,0.5,0.0,0.0,0.0,0.0,0.0,12.670942892,euro/MWh,TWh
Energie,2020,0.712,1,0.712,0.0,0.0,0.0,0.0,0.0,3.701345016,euro/MWh,TWh
Energie,2020,1.0,1,1.0,0.0,0.0,0.0,0.0,0.0,5.231228444,euro/MWh,TWh
Energie,2020,1.19,1,1.19,0.0,0.0,0.0,0.0,0.0,1.897243886,euro/MWh,TWh
Energie,2020,1.52,1,1.52,0.0,0.0,0.0,0.0,0.0,0.365686117,euro/MWh,TWh
Energie,2020,1.6,1,1.6,1.405908,0.0,0.0,0.0,0.0,10.692929017,euro/MWh,TWh
Energie,2020,2.0,1,2.0,0.0,0.0,0.0,0.0,0.0,10.743502002,euro/MWh,TWh
Energie,2020,2.5,1,2.5,0.0,0.0,0.0,0.0,0.0,3.441934941,euro/MWh,TWh
Energie,2020,3.86,1,3.86,0.0,0.0,0.0,0.0,0.0,31.844430951,euro/MWh,TWh
Energie,2020,4.760937169,1,0.0,0.0,0.0,4.760937168611818,0.0,0.0,27.565130317,euro/MWh,TWh
Energie,2020,4.760937169,2,0.0,0.0,0.0,4.760937168611818,4.760937168611818,0.0,1.02514627,euro/MWh,TWh
Energie,2020,5.0,1,5.0,0.0,0.0,0.0,0.0,0.0,13.826555536,euro/MWh,TWh
Energie,2020,5.011560087,1,0.0,0.0,0.0,5.011560087487799,0.0,0.0,26.099007206,euro/MWh,TWh
Energie,2020,5.011560087,2,0.0,0.0,0.0,5.011560087487799,5.011560087487799,0.0,0.471131556,euro/MWh,TWh
Energie,2020,5.189,1,5.189,2.724248112023177,0.0,0.0,0.0,0.0,14.03896437,euro/MWh,TWh
Energie,2020,5.5,1,5.5,0.0,0.0,0.0,0.0,0.0,1.580420152,euro/MWh,TWh
Energie,2020,5.99,1,5.99,5.2299999934308,0.0,0.0,0.0,0.0,4.500778124,euro/MWh,TWh
Energie,2020,6.531560087,1,1.52,0.0,0.0,5.011560087487799,0.0,0.0,46.460502374,euro/MWh,TWh
Energie,2020,6.531560087,2,1.52,0.0,0.0,5.011560087487799,5.011560087487799,0.0,6.574179567,euro/MWh,TWh
Energie,2020,6.584465933,1,0.0,0.0,0.0,6.584465933193326,0.0,0.0,7.04600955,euro/MWh,TWh
Energie,2020,6.584465933,2,0.0,0.0,0.0,6.584465933193326,6.584465933193326,0.0,0.0,euro/MWh,TWh
Energie,2020,6.611560087,1,1.6,1.405908,0.0,5.011560087487799,0.0,0.0,0.0,euro/MWh,TWh
Energie,2020,6.611560087,2,1.6,1.405908,0.0,5.011560087487799,5.011560087487799,0.0,0.0,euro/MWh,TWh
Energie,2020,6.694057317,1,0.0,0.0,0.0,6.694057317074578,0.0,0.0,7.667612933,euro/MWh,TWh
Energie,2020,6.694057317,2,0.0,0.0,0.0,6.694057317074578,6.694057317074578,0.0,0.247959285,euro/MWh,TWh
Energie,2020,7.006662248,1,0.0,0.0,0.0,7.006662248145695,0.0,0.0,0.638388574,euro/MWh,TWh
Energie,2020,7.006662248,2,0.0,0.0,0.0,7.006662248145695,7.006662248145695,0.0,0.010797115,euro/MWh,TWh
Energie,2020,7.419875663,1,0.0,0.0,0.0,7.419875662779927,0.0,0.0,22.008840457,euro/MWh,TWh
Energie,2020,7.419875663,2,0.0,0.0,0.0,7.419875662779927,7.419875662779927,0.0,0.669888946,euro/MWh,TWh
Energie,2020,7.5,1,7.5,0.0,0.0,0.0,0.0,0.0,30.454877756,euro/MWh,TWh
Energie,2020,8.45,1,8.45,8.478875899280576,0.0,0.0,0.0,0.0,208.599145903,euro/MWh,TWh
Energie,2020,8.497823701,1,0.0,0.0,0.0,8.497823700956188,0.0,0.0,4.130254028,euro/MWh,TWh
Energie,2020,8.497823701,2,0.0,0.0,0.0,8.497823700956188,8.497823700956188,0.0,0.057863033,euro/MWh,TWh
Energie,2020,9.072729321,1,0.0,0.0,0.0,9.07272932131686,0.0,0.0,0.059537066,euro/MWh,TWh
Energie,2020,9.072729321,2,0.0,0.0,0.0,9.07272932131686,9.07272932131686,0.0,0.001170835,euro/MWh,TWh
Energie,2020,9.61170334,1,0.0,0.0,0.0,9.611703340404992,0.0,0.0,1.591123201,euro/MWh,TWh
Energie,2020,9.61170334,2,0.0,0.0,0.0,9.611703340404992,9.611703340404992,0.0,0.000567498,euro/MWh,TWh
Energie,2020,9.687823701,1,1.19,0.0,0.0,8.497823700956188,0.0,0.0,1.536976785,euro/MWh,TWh
Energie,2020,9.687823701,2,1.19,0.0,0.0,8.497823700956188,8.497823700956188,0.0,1.091888344,euro/MWh,TWh
Energie,2020,9.949937169,1,5.189,2.724248112023177,0.0,4.760937168611818,0.0,0.0,1.921979235,euro/MWh,TWh
Energie,2020,9.949937169,2,5.189,2.724248112023177,0.0,4.760937168611818,4.760937168611818,0.0,0.236808007,euro/MWh,TWh
Energie,2020,10.262729321,1,1.19,0.0,0.0,9.07272932131686,0.0,0.0,0.085715982,euro/MWh,TWh
Energie,2020,10.262729321,2,1.19,0.0,0.0,9.07272932131686,9.07272932131686,0.0,0.021552337,euro/MWh,TWh
Energie,2020,10.80170334,1,1.19,0.0,0.0,9.611703340404992,0.0,0.0,0.38465798,euro/MWh,TWh
Energie,2020,10.80170334,2,1.19,0.0,0.0,9.611703340404992,9.611703340404992,0.0,0.112967164,euro/MWh,TWh
Energie,2020,12.0,1,12.0,0.0,0.0,0.0,0.0,0.0,1.90846273,euro/MWh,TWh
Energie,2020,12.555,1,12.555,12.52368,0.0,0.0,0.0,0.0,0.431517264,euro/MWh,TWh
Energie,2020,13.461560087,1,8.45,8.478875899280576,0.0,5.011560087487799,0.0,0.0,23.02122799,euro/MWh,TWh
Energie,2020,13.461560087,2,8.45,8.478875899280576,0.0,5.011560087487799,5.011560087487799,0.0,1.650183493,euro/MWh,TWh
Energie,2020,15.62,1,15.62,11.9649312,0.0,0.0,0.0,0.0,63.363067759,euro/MWh,TWh
Energie,2020,16.208,1,16.208,8.50968,0.0,0.0,0.0,0.0,0.557628908,euro/MWh,TWh
Energie,2020,17.894,1,17.894,11.6373888,0.0,0.0,0.0,0.0,2.510833719,euro/MWh,TWh
Energie,2020,18.82,1,18.82,11.9649312,0.0,0.0,0.0,0.0,17.523042209,euro/MWh,TWh
Energie,2020,19.561662248,1,12.555,12.52368,0.0,7.006662248145695,0.0,0.0,0.496175298,euro/MWh,TWh
Energie,2020,19.561662248,2,12.555,12.52368,0.0,7.006662248145695,7.006662248145695,0.0,0.053390533,euro/MWh,TWh
Energie,2020,22.314057317,1,15.62,11.9649312,0.0,6.694057317074578,0.0,0.0,0.810364949,euro/MWh,TWh
Energie,2020,22.314057317,2,15.62,11.9649312,0.0,6.694057317074578,6.694057317074578,0.0,0.123190228,euro/MWh,TWh
Energie,2020,25.514057317,1,18.82,11.9649312,0.0,6.694057317074578,0.0,0.0,0.791675409,euro/MWh,TWh
Energie,2020,25.514057317,2,18.82,11.9649312,0.0,6.694057317074578,6.694057317074578,0.0,0.076147427,euro/MWh,TWh
Energie,2020,25.695,1,25.695,0.0,0.0,0.0,0.0,0.0,145.278009942,euro/MWh,TWh
Energie,2020,30.2,1,30.2,0.0,0.0,0.0,0.0,0.0,1.64301176,euro/MWh,TWh
Energie,2020,31.963,1,31.963,0.0,0.0,0.0,0.0,0.0,161.922813,euro/MWh,TWh
Energie,2020,39.19,1,39.19,0.0,0.0,0.0,0.0,0.0,8.044592351,euro/MWh,TWh
Energie,2020,39.79,1,39.79,11.769048,0.0,0.0,0.0,0.0,3.262031326,euro/MWh,TWh
Energie,2020,40.388,1,40.388,0.0,0.0,0.0,0.0,0.0,0.18288057,euro/MWh,TWh
Energie,2020,45.19,1,45.19,0.0,0.0,0.0,0.0,0.0,85.235240005,euro/MWh,TWh
Energie,2020,48.165723287,1,48.16572328726409,11.769048,0.0,0.0,0.0,0.0,1.873673682,euro/MWh,TWh
Energie,2020,59.4,1,59.4,11.9649312,0.0,0.0,0.0,0.0,6.866196171,euro/MWh,TWh
Energie,2020,60.48,1,60.48,11.9649312,0.0,0.0,0.0,0.0,31.816128201,euro/MWh,TWh
Energie,2020,60.75,1,60.75,11.9649312,0.0,0.0,0.0,0.0,173.167299571,euro/MWh,TWh
Energie,2020,62.64,1,62.64,11.9649312,0.0,0.0,0.0,0.0,23.590309465,euro/MWh,TWh
Energie,2020,75.229,1,75.229,11.6373888,0.0,0.0,0.0,0.0,5.385461088,euro/MWh,TWh
Energie,2020,75.229,2,75.229,13.262256,0.0,0.0,0.0,0.0,0.213757459,euro/MWh,TWh
Energie,2020,75.397,1,75.397,11.6373888,0.0,0.0,0.0,0.0,28.589601971,euro/MWh,TWh
Energie,2020,75.397,2,75.397,13.262256,0.0,0.0,0.0,0.0,1.134766468,euro/MWh,TWh
Energie,2020,75.701,1,75.701,11.6373888,0.0,0.0,0.0,0.0,0.702595577,euro/MWh,TWh
Energie,2020,75.701,2,75.701,13.262256,0.0,0.0,0.0,0.0,0.018699106,euro/MWh,TWh
Energie,2020,76.545,1,76.545,11.6373888,0.0,0.0,0.0,0.0,6.853294019,euro/MWh,TWh
Energie,2020,76.545,2,76.545,13.262256,0.0,0.0,0.0,0.0,0.272018066,euro/MWh,TWh
Energie,2020,76.826,1,76.826,11.6373888,0.0,0.0,0.0,0.0,3.372108794,euro/MWh,TWh
Energie,2020,76.826,2,76.826,13.262256,0.0,0.0,0.0,0.0,0.089746396,euro/MWh,TWh
Energie,2020,77.479,1,77.479,11.6373888,0.0,0.0,0.0,0.0,5.669551478,euro/MWh,TWh
Energie,2020,77.479,2,77.479,13.262256,0.0,0.0,0.0,0.0,0.150891279,euro/MWh,TWh
Energie,2020,77.647,1,77.647,11.6373888,0.0,0.0,0.0,0.0,29.158795681,euro/MWh,TWh
Energie,2020,77.647,2,77.647,13.262256,0.0,0.0,0.0,0.0,0.776041633,euro/MWh,TWh
Energie,2020,78.795,1,78.795,11.6373888,0.0,0.0,0.0,0.0,5.123025522,euro/MWh,TWh
Energie,2020,78.795,2,78.795,13.262256,0.0,0.0,0.0,0.0,0.136345861,euro/MWh,TWh
Energie,2021,0.0,1,0.0,0.0,0.0,0.0,0.0,0.0,390.545051534,euro/MWh,TWh
Energie,2021,0.119,1,0.119,0.0,0.0,0.0,0.0,0.0,3.257795917,euro/MWh,TWh
Energie,2021,0.167,1,0.167,0.0,0.0,0.0,0.0,0.0,0.222227778,euro/MWh,TWh
Energie,2021,0.5,1,0.5,0.0,0.0,0.0,0.0,0.0,12.803969006,euro/MWh,TWh
Energie,2021,0.712,1,0.712,0.0,0.0,0.0,0.0,0.0,3.702758647,euro/MWh,TWh
Energie,2021,1.0,1,1.0,0.0,0.0,0.0,0.0,0.0,5.42882742,euro/MWh,TWh
Energie,2021,1.19,1,1.19,0.0,0.0,0.0,0.0,0.0,2.12181271,euro/MWh,TWh
Energie,2021,1.52,1,1.52,0.0,0.0,0.0,0.0,0.0,0.286161436,euro/MWh,TWh
Energie,2021,1.6,1,1.6,1.405908,0.0,0.0,0.0,0.0,6.5741384,euro/MWh,TWh
Energie,2021,2.0,1,2.0,0.0,0.0,0.0,0.0,0.0,11.148323422,euro/MWh,TWh
Energie,2021,2.5,1,2.5,0.0,0.0,0.0,0.0,0.0,3.572057671,euro/MWh,TWh
Energie,2021,3.86,1,3.86,0.0,0.0,0.0,0.0,0.0,32.23008061,euro/MWh,TWh
Energie,2021,5.0,1,5.0,0.0,0.0,0.0,0.0,0.0,13.953122926,euro/MWh,TWh
Energie,2021,5.189,1,5.189,2.724248112023177,0.0,0.0,0.0,0.0,15.480946149,euro/MWh,TWh
Energie,2021,5.23,1,5.23,5.2299999934308,0.0,0.0,0.0,0.0,6.015698613,euro/MWh,TWh
Energie,2021,5.5,1,5.5,0.0,0.0,0.0,0.0,0.0,1.640160147,euro/MWh,TWh
Energie,2021,5.956786327,1,8.43,8.478875899280576,-2.473213672915197,0.0,0.0,0.0,137.47295825,euro/MWh,TWh
Energie,2021,7.5,1,7.5,0.0,0.0,0.0,0.0,0.0,31.593042116,euro/MWh,TWh
Energie,2021,8.43,1,8.43,8.478875899280576,0.0,0.0,0.0,0.0,98.321196233,euro/MWh,TWh
Energie,2021,10.099919548,1,0.0,0.0,0.0,10.09991954845945,0.0,0.0,18.848574392,euro/MWh,TWh
Energie,2021,10.099919548,2,0.0,0.0,0.0,10.09991954845945,10.09991954845945,0.0,5.03114182,euro/MWh,TWh
Energie,2021,10.631594559,1,0.0,0.0,0.0,10.63159455865194,0.0,0.0,27.769985208,euro/MWh,TWh
Energie,2021,10.631594559,2,0.0,0.0,0.0,10.63159455865194,10.63159455865194,0.0,4.928565231,euro/MWh,TWh
Energie,2021,12.0,1,12.0,0.0,0.0,0.0,0.0,0.0,1.90846273,euro/MWh,TWh
Energie,2021,12.151594559,1,1.52,0.0,0.0,10.63159455865194,0.0,0.0,41.325498032,euro/MWh,TWh
Energie,2021,12.151594559,2,1.52,0.0,0.0,10.63159455865194,10.63159455865194,0.0,12.581832531,euro/MWh,TWh
Energie,2021,12.231594559,1,1.6,1.405908,0.0,10.63159455865194,0.0,0.0,0.0,euro/MWh,TWh
Energie,2021,12.231594559,2,1.6,1.405908,0.0,10.63159455865194,10.63159455865194,0.0,0.0,euro/MWh,TWh
Energie,2021,12.555,1,12.555,12.52368,0.0,0.0,0.0,0.0,0.517885911,euro/MWh,TWh
Energie,2021,13.9683793,1,0.0,0.0,0.0,13.9683793000392,0.0,0.0,6.869417917,euro/MWh,TWh
Energie,2021,13.9683793,2,0.0,0.0,0.0,13.9683793000392,13.9683793000392,0.0,1.702940731,euro/MWh,TWh
Energie,2021,14.200868014,1,0.0,0.0,0.0,14.20086801417355,0.0,0.0,4.793462159,euro/MWh,TWh
Energie,2021,14.200868014,2,0.0,0.0,0.0,14.20086801417355,14.20086801417355,0.0,1.162827554,euro/MWh,TWh
Energie,2021,14.864032543,1,0.0,0.0,0.0,14.86403254301579,0.0,0.0,2.063762363,euro/MWh,TWh
Energie,2021,14.864032543,2,0.0,0.0,0.0,14.86403254301579,14.86403254301579,0.0,0.581040111,euro/MWh,TWh
Energie,2021,15.288919548,1,5.189,2.724248112023177,0.0,10.09991954845945,0.0,0.0,1.314423054,euro/MWh,TWh
Energie,2021,15.288919548,2,5.189,2.724248112023177,0.0,10.09991954845945,10.09991954845945,0.0,0.416572297,euro/MWh,TWh
Energie,2021,15.62,1,15.62,11.9649312,0.0,0.0,0.0,0.0,62.318232948,euro/MWh,TWh
Energie,2021,15.740629334,1,0.0,0.0,0.0,15.74062933401416,0.0,0.0,13.870435762,euro/MWh,TWh
Energie,2021,15.740629334,2,0.0,0.0,0.0,15.74062933401416,15.74062933401416,0.0,3.505439634,euro/MWh,TWh
Energie,2021,16.208,1,16.208,8.50968,0.0,0.0,0.0,0.0,0.761423081,euro/MWh,TWh
Energie,2021,17.894,1,17.894,11.6373888,0.0,0.0,0.0,0.0,3.195355887,euro/MWh,TWh
Energie,2021,18.027403571,1,0.0,0.0,0.0,18.0274035714012,0.0,0.0,3.723536528,euro/MWh,TWh
Energie,2021,18.027403571,2,0.0,0.0,0.0,18.0274035714012,18.0274035714012,0.0,0.840820955,euro/MWh,TWh
Energie,2021,18.82,1,18.82,11.9649312,0.0,0.0,0.0,0.0,17.849433709,euro/MWh,TWh
Energie,2021,19.061594559,1,8.43,8.478875899280576,0.0,10.63159455865194,0.0,0.0,15.889115089,euro/MWh,TWh
Energie,2021,19.061594559,2,8.43,8.478875899280576,0.0,10.63159455865194,10.63159455865194,0.0,3.392603155,euro/MWh,TWh
Energie,2021,19.217403571,1,1.19,0.0,0.0,18.0274035714012,18.0274035714012,0.0,1.49724913,euro/MWh,TWh
Energie,2021,19.217403571,2,1.19,0.0,0.0,18.0274035714012,0.0,0.0,1.411554408,euro/MWh,TWh
Energie,2021,19.247016498,1,0.0,0.0,0.0,19.24701649800763,0.0,0.0,0.036232527,euro/MWh,TWh
Energie,2021,19.247016498,2,0.0,0.0,0.0,19.24701649800763,19.24701649800763,0.0,0.009459617,euro/MWh,TWh
Energie,2021,20.390403617,1,0.0,0.0,0.0,20.39040361670115,0.0,0.0,2.259744115,euro/MWh,TWh
Energie,2021,20.390403617,2,0.0,0.0,0.0,20.39040361670115,20.39040361670115,0.0,0.094479327,euro/MWh,TWh
Energie,2021,20.437016498,1,1.19,0.0,0.0,19.24701649800763,0.0,0.0,0.054400152,euro/MWh,TWh
Energie,2021,20.437016498,2,1.19,0.0,0.0,19.24701649800763,19.24701649800763,0.0,0.029180904,euro/MWh,TWh
Energie,2021,21.580403617,1,1.19,0.0,0.0,20.39040361670115,0.0,0.0,0.294566554,euro/MWh,TWh
Energie,2021,21.580403617,2,1.19,0.0,0.0,20.39040361670115,20.39040361670115,0.0,0.181698928,euro/MWh,TWh
Energie,2021,25.695,1,25.695,0.0,0.0,0.0,0.0,0.0,154.867286879,euro/MWh,TWh
Energie,2021,27.419032543,1,12.555,12.52368,0.0,14.86403254301579,0.0,0.0,0.517981406,euro/MWh,TWh
Energie,2021,27.419032543,2,12.555,12.52368,0.0,14.86403254301579,14.86403254301579,0.0,0.139371468,euro/MWh,TWh
Energie,2021,29.820868014,1,15.62,11.9649312,0.0,14.20086801417355,0.0,0.0,0.662700619,euro/MWh,TWh
Energie,2021,29.820868014,2,15.62,11.9649312,0.0,14.20086801417355,14.20086801417355,0.0,0.227450562,euro/MWh,TWh
Energie,2021,30.2,1,30.2,0.0,0.0,0.0,0.0,0.0,1.64301176,euro/MWh,TWh
Energie,2021,31.963,1,31.963,0.0,0.0,0.0,0.0,0.0,170.577267475,euro/MWh,TWh
Energie,2021,33.020868014,1,18.82,11.9649312,0.0,14.20086801417355,0.0,0.0,0.567860716,euro/MWh,TWh
Energie,2021,33.020868014,2,18.82,11.9649312,0.0,14.20086801417355,14.20086801417355,0.0,0.199843038,euro/MWh,TWh
Energie,2021,39.19,1,39.19,0.0,0.0,0.0,0.0,0.0,8.044592351,euro/MWh,TWh
Energie,2021,39.79,1,39.79,11.769048,0.0,0.0,0.0,0.0,5.051237826,euro/MWh,TWh
Energie,2021,40.388,1,40.388,0.0,0.0,0.0,0.0,0.0,0.18288057,euro/MWh,TWh
Energie,2021,45.19,1,45.19,0.0,0.0,0.0,0.0,0.0,85.259259405,euro/MWh,TWh
Energie,2021,59.4,1,59.4,11.9649312,0.0,0.0,0.0,0.0,7.294735308,euro/MWh,TWh
Energie,2021,59.706861644,1,59.70686164363204,11.769048,0.0,0.0,0.0,0.0,2.047182556,euro/MWh,TWh
Energie,2021,60.48,1,60.48,11.9649312,0.0,0.0,0.0,0.0,35.600526229,euro/MWh,TWh
Energie,2021,60.75,1,60.75,11.9649312,0.0,0.0,0.0,0.0,193.688036956,euro/MWh,TWh
Energie,2021,62.64,1,62.64,11.9649312,0.0,0.0,0.0,0.0,26.349631583,euro/MWh,TWh
Energie,2021,75.229,1,75.229,11.6373888,0.0,0.0,0.0,0.0,6.719507994,euro/MWh,TWh
Energie,2021,75.229,2,75.229,13.262256,0.0,0.0,0.0,0.0,0.24057152,euro/MWh,TWh
Energie,2021,75.397,1,75.397,11.6373888,0.0,0.0,0.0,0.0,35.699772218,euro/MWh,TWh
Energie,2021,75.397,2,75.397,13.262256,0.0,0.0,0.0,0.0,1.278121623,euro/MWh,TWh
Energie,2021,75.701,1,75.701,11.6373888,0.0,0.0,0.0,0.0,0.78263511,euro/MWh,TWh
Energie,2021,75.701,2,75.701,13.262256,0.0,0.0,0.0,0.0,0.018770169,euro/MWh,TWh
Energie,2021,76.545,1,76.545,11.6373888,0.0,0.0,0.0,0.0,8.482227194,euro/MWh,TWh
Energie,2021,76.545,2,76.545,13.262256,0.0,0.0,0.0,0.0,0.303680313,euro/MWh,TWh
Energie,2021,76.826,1,76.826,11.6373888,0.0,0.0,0.0,0.0,3.663289254,euro/MWh,TWh
Energie,2021,76.826,2,76.826,13.262256,0.0,0.0,0.0,0.0,0.087857747,euro/MWh,TWh
Energie,2021,77.479,1,77.479,11.6373888,0.0,0.0,0.0,0.0,6.270964917,euro/MWh,TWh
Energie,2021,77.479,2,77.479,13.262256,0.0,0.0,0.0,0.0,0.150398402,euro/MWh,TWh
Energie,2021,77.647,1,77.647,11.6373888,0.0,0.0,0.0,0.0,32.19676385,euro/MWh,TWh
Energie,2021,77.647,2,77.647,13.262256,0.0,0.0,0.0,0.0,0.772184487,euro/MWh,TWh
Energie,2021,78.795,1,78.795,11.6373888,0.0,0.0,0.0,0.0,5.677024838,euro/MWh,TWh
Energie,2021,78.795,2,78.795,13.262256,0.0,0.0,0.0,0.0,0.136153762,euro/MWh,TWh
Energie,2022,-56.299025994,1,3.0573,0.0,-59.35632599420363,0.0,0.0,0.0,156.781941,euro/MWh,TWh
Energie,2022,-33.440750915,1,8.41,8.478875899280576,-41.85075091503519,0.0,0.0,0.0,110.5595455,euro/MWh,TWh
Energie,2022,-8.64,1,3.86,0.0,-12.5,0.0,0.0,0.0,32.847648982,euro/MWh,TWh
Energie,2022,-7.27,1,5.23,5.2299999934308,-12.5,0.0,0.0,0.0,6.153821605,euro/MWh,TWh
Energie,2022,-5.819391666,1,0.5,0.0,-6.319391666394905,0.0,0.0,0.0,3.519647457,euro/MWh,TWh
Energie,2022,-5.777691666,1,0.5417,0.0,-6.319391666394905,0.0,0.0,0.0,5.216281811,euro/MWh,TWh
Energie,2022,-5.694391666,1,0.625,0.0,-6.319391666394905,0.0,0.0,0.0,10.713996894,euro/MWh,TWh
Energie,2022,-5.652691666,1,0.6667,0.0,-6.319391666394905,0.0,0.0,0.0,3.431942599,euro/MWh,TWh
Energie,2022,-5.444391666,1,0.875,0.0,-6.319391666394905,0.0,0.0,0.0,13.492536536,euro/MWh,TWh
Energie,2022,-5.402691666,1,0.9167,0.0,-6.319391666394905,0.0,0.0,0.0,1.575950573,euro/MWh,TWh
Energie,2022,-5.236091666,1,1.0833,0.0,-6.319391666394905,0.0,0.0,0.0,30.123840572,euro/MWh,TWh
Energie,2022,-4.039536475,1,2.4219,0.0,-6.461436474860463,0.0,0.0,0.0,153.835761424,euro/MWh,TWh
Energie,2022,-2.792,1,16.208,8.50968,-19.0,0.0,0.0,0.0,0.97538259,euro/MWh,TWh
Energie,2022,0.0,1,0.0,0.0,0.0,0.0,0.0,0.0,387.514262875,euro/MWh,TWh
Energie,2022,0.167,1,0.167,0.0,0.0,0.0,0.0,0.0,0.222227778,euro/MWh,TWh
Energie,2022,0.227774575,1,1.52,0.0,-1.292225424850205,0.0,0.0,0.0,0.015326818,euro/MWh,TWh
Energie,2022,0.307774575,1,1.6,1.405908,-1.292225424850205,0.0,0.0,0.0,5.727165045,euro/MWh,TWh
Energie,2022,0.5,1,0.5,0.0,0.0,0.0,0.0,0.0,9.141559633,euro/MWh,TWh
Energie,2022,0.54,1,0.54,0.0,0.0,0.0,0.0,0.0,2.747495833,euro/MWh,TWh
Energie,2022,0.712,1,0.712,0.0,0.0,0.0,0.0,0.0,4.416935028,euro/MWh,TWh
Energie,2022,1.0833,1,1.0833,0.0,0.0,0.0,0.0,0.0,0.248120494,euro/MWh,TWh
Energie,2022,1.19,1,1.19,0.0,0.0,0.0,0.0,0.0,1.16516001,euro/MWh,TWh
Energie,2022,1.4583,1,1.4583,0.0,0.0,0.0,0.0,0.0,1.90846273,euro/MWh,TWh
Energie,2022,3.894,1,17.894,11.6373888,-14.0,0.0,0.0,0.0,5.927895777,euro/MWh,TWh
Energie,2022,5.189,1,5.189,2.724248112023177,0.0,0.0,0.0,0.0,12.364119842,euro/MWh,TWh
Energie,2022,6.32,1,18.82,11.9649312,-12.5,0.0,0.0,0.0,18.208619521,euro/MWh,TWh
Energie,2022,8.41,1,8.41,8.478875899280576,0.0,0.0,0.0,0.0,86.143147681,euro/MWh,TWh
Energie,2022,12.555,1,12.555,12.52368,0.0,0.0,0.0,0.0,0.259342622,euro/MWh,TWh
Energie,2022,15.4548,1,0.0,0.0,0.0,15.4548,0.0,0.0,22.292797141,euro/MWh,TWh
Energie,2022,15.4548,2,0.0,0.0,0.0,15.4548,15.4548,0.0,5.660320261,euro/MWh,TWh
Energie,2022,15.62,1,15.62,11.9649312,0.0,0.0,0.0,0.0,50.632264008,euro/MWh,TWh
Energie,2022,16.268364,1,0.0,0.0,0.0,16.268364,0.0,0.0,25.295348191,euro/MWh,TWh
Energie,2022,16.268364,2,0.0,0.0,0.0,16.268364,16.268364,0.0,2.351361904,euro/MWh,TWh
Energie,2022,16.496138575,1,1.52,0.0,-1.292225424850205,16.268364,0.0,0.0,38.503754188,euro/MWh,TWh
Energie,2022,16.496138575,2,1.52,0.0,-1.292225424850205,16.268364,16.268364,0.0,9.778763032,euro/MWh,TWh
Energie,2022,16.576138575,1,1.6,1.405908,-1.292225424850205,16.268364,0.0,0.0,0.0,euro/MWh,TWh
Energie,2022,16.576138575,2,1.6,1.405908,-1.292225424850205,16.268364,16.268364,0.0,0.0,euro/MWh,TWh
Energie,2022,17.7,1,30.2,0.0,-12.5,0.0,0.0,0.0,1.64301176,euro/MWh,TWh
Energie,2022,20.6438,1,5.189,2.724248112023177,0.0,15.4548,0.0,0.0,1.380099423,euro/MWh,TWh
Energie,2022,20.6438,2,5.189,2.724248112023177,0.0,15.4548,15.4548,0.0,0.419899041,euro/MWh,TWh
Energie,2022,21.37428,1,0.0,0.0,0.0,21.37428,0.0,0.0,6.723343944,euro/MWh,TWh
Energie,2022,21.37428,2,0.0,0.0,0.0,21.37428,21.37428,0.0,5.526390784,euro/MWh,TWh
Energie,2022,21.730032,1,0.0,0.0,0.0,21.730032,0.0,0.0,5.192880467,euro/MWh,TWh
Energie,2022,21.730032,2,0.0,0.0,0.0,21.730032,21.730032,0.0,0.204294214,euro/MWh,TWh
Energie,2022,22.7448,1,0.0,0.0,0.0,22.7448,0.0,0.0,0.836772345,euro/MWh,TWh
Energie,2022,22.7448,2,0.0,0.0,0.0,22.7448,22.7448,0.0,0.078188376,euro/MWh,TWh
Energie,2022,24.08616,1,0.0,0.0,0.0,24.08616,0.0,0.0,13.372443427,euro/MWh,TWh
Energie,2022,24.08616,2,0.0,0.0,0.0,24.08616,24.08616,0.0,3.267941401,euro/MWh,TWh
Energie,2022,24.678364,1,8.41,8.478875899280576,0.0,16.268364,0.0,0.0,18.739852588,euro/MWh,TWh
Energie,2022,24.678364,2,8.41,8.478875899280576,0.0,16.268364,16.268364,0.0,3.077204978,euro/MWh,TWh
Energie,2022,26.388,1,40.388,0.0,-14.0,0.0,0.0,0.0,0.18288057,euro/MWh,TWh
Energie,2022,26.69,1,39.19,0.0,-12.5,0.0,0.0,0.0,8.044592351,euro/MWh,TWh
Energie,2022,27.58536,1,0.0,0.0,0.0,27.58536,0.0,0.0,3.616572462,euro/MWh,TWh
Energie,2022,27.58536,2,0.0,0.0,0.0,27.58536,27.58536,0.0,0.286610589,euro/MWh,TWh
Energie,2022,28.050032,1,18.82,11.9649312,-12.5,21.730032,0.0,0.0,0.604272782,euro/MWh,TWh
Energie,2022,28.050032,2,18.82,11.9649312,-12.5,21.730032,21.730032,0.0,0.365946604,euro/MWh,TWh
Energie,2022,28.77536,1,1.19,0.0,0.0,27.58536,27.58536,0.0,0.954861852,euro/MWh,TWh
Energie,2022,28.77536,2,1.19,0.0,0.0,27.58536,0.0,0.0,0.917948393,euro/MWh,TWh
Energie,2022,29.4516,1,0.0,0.0,0.0,29.4516,0.0,0.0,0.038637828,euro/MWh,TWh
Energie,2022,29.4516,2,0.0,0.0,0.0,29.4516,29.4516,0.0,0.005412835,euro/MWh,TWh
Energie,2022,30.6416,1,1.19,0.0,0.0,29.4516,0.0,0.0,0.018662861,euro/MWh,TWh
Energie,2022,30.6416,2,1.19,0.0,0.0,29.4516,29.4516,0.0,0.012170213,euro/MWh,TWh
Energie,2022,31.2012,1,0.0,0.0,0.0,31.2012,0.0,0.0,1.933792815,euro/MWh,TWh
Energie,2022,31.2012,2,0.0,0.0,0.0,31.2012,31.2012,0.0,0.063999905,euro/MWh,TWh
Energie,2022,32.3912,1,1.19,0.0,0.0,31.2012,0.0,0.0,0.260200265,euro/MWh,TWh
Energie,2022,32.3912,2,1.19,0.0,0.0,31.2012,31.2012,0.0,0.179724216,euro/MWh,TWh
Energie,2022,32.69,1,45.19,0.0,-12.5,0.0,0.0,0.0,85.221909775,euro/MWh,TWh
Energie,2022,35.2998,1,12.555,12.52368,0.0,22.7448,0.0,0.0,0.446995622,euro/MWh,TWh
Energie,2022,35.2998,2,12.555,12.52368,0.0,22.7448,22.7448,0.0,0.088635906,euro/MWh,TWh
Energie,2022,37.350032,1,15.62,11.9649312,0.0,21.730032,0.0,0.0,0.517248747,euro/MWh,TWh
Energie,2022,37.350032,2,15.62,11.9649312,0.0,21.730032,21.730032,0.0,0.222248283,euro/MWh,TWh
Energie,2022,39.79,1,39.79,11.769048,0.0,0.0,0.0,0.0,5.041837985,euro/MWh,TWh
Energie,2022,46.9,1,59.4,11.9649312,-12.5,0.0,0.0,0.0,7.383030345,euro/MWh,TWh
Energie,2022,47.98,1,60.48,11.9649312,-12.5,0.0,0.0,0.0,35.781156786,euro/MWh,TWh
Energie,2022,48.25,1,60.75,11.9649312,-12.5,0.0,0.0,0.0,194.67077462,euro/MWh,TWh
Energie,2022,50.14,1,62.64,11.9649312,-12.5,0.0,0.0,0.0,26.483324793,euro/MWh,TWh
Energie,2022,57.248,1,71.248,11.769048,-14.0,0.0,0.0,0.0,2.058003719,euro/MWh,TWh
Energie,2022,61.229,1,75.229,11.6373888,-14.0,0.0,0.0,0.0,8.372473551,euro/MWh,TWh
Energie,2022,61.229,2,75.229,13.262256,-14.0,0.0,0.0,0.0,0.254663912,euro/MWh,TWh
Energie,2022,61.397,1,75.397,11.6373888,-14.0,0.0,0.0,0.0,44.481738692,euro/MWh,TWh
Energie,2022,61.397,2,75.397,13.262256,-14.0,0.0,0.0,0.0,1.35299246,euro/MWh,TWh
Energie,2022,61.701,1,75.701,11.6373888,-14.0,0.0,0.0,0.0,0.748745149,euro/MWh,TWh
Energie,2022,61.701,2,75.701,13.262256,-14.0,0.0,0.0,0.0,0.015239748,euro/MWh,TWh
Energie,2022,62.545,1,76.545,11.6373888,-14.0,0.0,0.0,0.0,10.568812912,euro/MWh,TWh
Energie,2022,62.545,2,76.545,13.262256,-14.0,0.0,0.0,0.0,0.321469542,euro/MWh,TWh
Energie,2022,62.826,1,76.826,11.6373888,-14.0,0.0,0.0,0.0,4.124986829,euro/MWh,TWh
Energie,2022,62.826,2,76.826,13.262256,-14.0,0.0,0.0,0.0,0.083958819,euro/MWh,TWh
Energie,2022,63.479,1,77.479,11.6373888,-14.0,0.0,0.0,0.0,5.999417218,euro/MWh,TWh
Energie,2022,63.479,2,77.479,13.262256,-14.0,0.0,0.0,0.0,0.122110446,euro/MWh,TWh
Energie,2022,63.647,1,77.647,11.6373888,-14.0,0.0,0.0,0.0,30.802567379,euro/MWh,TWh
Energie,2022,63.647,2,77.647,13.262256,-14.0,0.0,0.0,0.0,0.626946771,euro/MWh,TWh
Energie,2022,64.795,1,78.795,11.6373888,-14.0,0.0,0.0,0.0,5.431196157,euro/MWh,TWh
Energie,2022,64.795,2,78.795,13.262256,-14.0,0.0,0.0,0.0,0.110545035,euro/MWh,TWh
Energie,2023,-90.412887343,1,1.0,0.0,-91.41288734255728,0.0,0.0,0.0,152.801212237,euro/MWh,TWh
Energie,2023,-28.469426058,1,0.5,0.0,-28.96942605768653,0.0,0.0,0.0,148.466869569,euro/MWh,TWh
Energie,2023,-25.949953965,1,0.5,0.0,-26.44995396456408,0.0,0.0,0.0,66.77505698,euro/MWh,TWh
Energie,2023,-10.936082584,1,8.37,8.478875899280576,-19.30608258379057,0.0,0.0,0.0,103.59429425,euro/MWh,TWh
Energie,2023,-1.017724672,1,1.52,0.0,-2.537724671738437,0.0,0.0,0.0,0.009885615,euro/MWh,TWh
Energie,2023,-0.937724672,1,1.6,1.405908,-2.537724671738437,0.0,0.0,0.0,5.526985377,euro/MWh,TWh
Energie,2023,0.0,1,0.0,0.0,0.0,0.0,0.0,0.0,405.673959433,euro/MWh,TWh
Energie,2023,0.167,1,0.167,0.0,0.0,0.0,0.0,0.0,0.212379334,euro/MWh,TWh
Energie,2023,0.5,1,0.5,0.0,0.0,0.0,0.0,0.0,11.298142857,euro/MWh,TWh
Energie,2023,0.54,1,0.54,0.0,0.0,0.0,0.0,0.0,2.747495833,euro/MWh,TWh
Energie,2023,0.712,1,0.712,0.0,0.0,0.0,0.0,0.0,4.221190218,euro/MWh,TWh
Energie,2023,1.19,1,1.19,0.0,0.0,0.0,0.0,0.0,1.045279524,euro/MWh,TWh
Energie,2023,3.86,1,3.86,0.0,0.0,0.0,0.0,0.0,30.704063599,euro/MWh,TWh
Energie,2023,5.189,1,5.189,2.724248112023177,0.0,0.0,0.0,0.0,11.283213091,euro/MWh,TWh
Energie,2023,5.23,1,5.23,5.2299999934308,0.0,0.0,0.0,0.0,6.153821605,euro/MWh,TWh
Energie,2023,8.37,1,8.37,8.478875899280576,0.0,0.0,0.0,0.0,83.973967782,euro/MWh,TWh
Energie,2023,12.555,1,12.555,12.52368,0.0,0.0,0.0,0.0,0.269189951,euro/MWh,TWh
Energie,2023,15.62,1,15.62,11.9649312,0.0,0.0,0.0,0.0,43.412450039,euro/MWh,TWh
Energie,2023,16.208,1,16.208,8.50968,0.0,0.0,0.0,0.0,0.941339409,euro/MWh,TWh
Energie,2023,16.610353208,1,1.52,0.0,-2.537724671738437,17.62807788,0.0,0.0,40.05162527,euro/MWh,TWh
Energie,2023,16.610353208,2,1.52,0.0,-2.537724671738437,17.62807788,17.62807788,0.0,7.137009539,euro/MWh,TWh
Energie,2023,16.690353208,1,1.6,1.405908,-2.537724671738437,17.62807788,0.0,0.0,0.0,euro/MWh,TWh
Energie,2023,16.690353208,2,1.6,1.405908,-2.537724671738437,17.62807788,17.62807788,0.0,0.0,euro/MWh,TWh
Energie,2023,16.746516,1,0.0,0.0,0.0,16.746516,0.0,0.0,21.82859541,euro/MWh,TWh
Energie,2023,16.746516,2,0.0,0.0,0.0,16.746516,16.746516,0.0,6.267069492,euro/MWh,TWh
Energie,2023,17.62807788,1,0.0,0.0,0.0,17.62807788,0.0,0.0,20.608229703,euro/MWh,TWh
Energie,2023,17.62807788,2,0.0,0.0,0.0,17.62807788,17.62807788,0.0,0.323910278,euro/MWh,TWh
Energie,2023,17.894,1,17.894,11.6373888,0.0,0.0,0.0,0.0,6.017647698,euro/MWh,TWh
Energie,2023,18.82,1,18.82,11.9649312,0.0,0.0,0.0,0.0,17.53915466,euro/MWh,TWh
Energie,2023,21.935516,1,5.189,2.724248112023177,0.0,16.746516,0.0,0.0,1.39865438,euro/MWh,TWh
Energie,2023,21.935516,2,5.189,2.724248112023177,0.0,16.746516,16.746516,0.0,0.265533098,euro/MWh,TWh
Energie,2023,23.1607476,1,0.0,0.0,0.0,23.1607476,0.0,0.0,6.560872366,euro/MWh,TWh
Energie,2023,23.1607476,2,0.0,0.0,0.0,23.1607476,23.1607476,0.0,2.536092163,euro/MWh,TWh
Energie,2023,23.54623344,1,0.0,0.0,0.0,23.54623343999999,0.0,0.0,4.659334819,euro/MWh,TWh
Energie,2023,23.54623344,2,0.0,0.0,0.0,23.54623343999999,23.54623343999999,0.0,0.009477569,euro/MWh,TWh
Energie,2023,24.645816,1,0.0,0.0,0.0,24.645816,0.0,0.0,0.832403671,euro/MWh,TWh
Energie,2023,24.645816,2,0.0,0.0,0.0,24.645816,24.645816,0.0,0.008996456,euro/MWh,TWh
Energie,2023,25.99807788,1,8.37,8.478875899280576,0.0,17.62807788,0.0,0.0,16.118574727,euro/MWh,TWh
Energie,2023,25.99807788,2,8.37,8.478875899280576,0.0,17.62807788,17.62807788,0.0,1.59366436,euro/MWh,TWh
Energie,2023,26.0992872,1,0.0,0.0,0.0,26.0992872,0.0,0.0,13.328987442,euro/MWh,TWh
Energie,2023,26.0992872,2,0.0,0.0,0.0,26.0992872,26.0992872,0.0,3.113303224,euro/MWh,TWh
Energie,2023,29.8909512,1,0.0,0.0,0.0,29.8909512,0.0,0.0,3.375695596,euro/MWh,TWh
Energie,2023,29.8909512,2,0.0,0.0,0.0,29.8909512,29.8909512,0.0,0.029229649,euro/MWh,TWh
Energie,2023,30.2,1,30.2,0.0,0.0,0.0,0.0,0.0,1.64301176,euro/MWh,TWh
Energie,2023,31.0809512,1,1.19,0.0,0.0,29.8909512,0.0,0.0,0.772501667,euro/MWh,TWh
Energie,2023,31.0809512,2,1.19,0.0,0.0,29.8909512,29.8909512,0.0,0.50470687,euro/MWh,TWh
Energie,2023,31.913172,1,0.0,0.0,0.0,31.913172,0.0,0.0,0.037756217,euro/MWh,TWh
Energie,2023,31.913172,2,0.0,0.0,0.0,31.913172,31.913172,0.0,0.000674536,euro/MWh,TWh
Energie,2023,33.103172,1,1.19,0.0,0.0,31.913172,0.0,0.0,0.019665478,euro/MWh,TWh
Energie,2023,33.103172,2,1.19,0.0,0.0,31.913172,31.913172,0.0,0.007098458,euro/MWh,TWh
Energie,2023,33.809004,1,0.0,0.0,0.0,33.80900399999999,0.0,0.0,1.733029941,euro/MWh,TWh
Energie,2023,33.809004,2,0.0,0.0,0.0,33.80900399999999,33.80900399999999,0.0,0.006878729,euro/MWh,TWh
Energie,2023,34.999004,1,1.19,0.0,0.0,33.80900399999999,0.0,0.0,0.229523769,euro/MWh,TWh
Energie,2023,34.999004,2,1.19,0.0,0.0,33.80900399999999,33.80900399999999,0.0,0.117210806,euro/MWh,TWh
Energie,2023,37.200816,1,12.555,12.52368,0.0,24.645816,0.0,0.0,0.427885326,euro/MWh,TWh
Energie,2023,37.200816,2,12.555,12.52368,0.0,24.645816,24.645816,0.0,0.100689905,euro/MWh,TWh
Energie,2023,39.16623344,1,15.62,11.9649312,0.0,23.54623343999999,0.0,0.0,0.506172812,euro/MWh,TWh
Energie,2023,39.16623344,2,15.62,11.9649312,0.0,23.54623343999999,23.54623343999999,0.0,0.142387118,euro/MWh,TWh
Energie,2023,39.19,1,39.19,0.0,0.0,0.0,0.0,0.0,8.044592351,euro/MWh,TWh
Energie,2023,39.79,1,39.79,11.769048,0.0,0.0,0.0,0.0,5.434147928,euro/MWh,TWh
Energie,2023,40.388,1,40.388,0.0,0.0,0.0,0.0,0.0,0.18288057,euro/MWh,TWh
Energie,2023,42.36623344,1,18.82,11.9649312,0.0,23.54623343999999,0.0,0.0,0.613957839,euro/MWh,TWh
Energie,2023,42.36623344,2,18.82,11.9649312,0.0,23.54623343999999,23.54623343999999,0.0,0.361426986,euro/MWh,TWh
Energie,2023,45.19,1,45.19,0.0,0.0,0.0,0.0,0.0,85.221909775,euro/MWh,TWh
Energie,2023,59.4,1,59.4,11.9649312,0.0,0.0,0.0,0.0,7.014480405,euro/MWh,TWh
Energie,2023,60.48,1,60.48,11.9649312,0.0,0.0,0.0,0.0,33.249145168,euro/MWh,TWh
Energie,2023,60.75,1,60.75,11.9649312,0.0,0.0,0.0,0.0,180.895125441,euro/MWh,TWh
Energie,2023,62.64,1,62.64,11.9649312,0.0,0.0,0.0,0.0,24.609263357,euro/MWh,TWh
Energie,2023,75.229,1,75.229,11.6373888,0.0,0.0,0.0,0.0,9.137555705,euro/MWh,TWh
Energie,2023,75.229,2,75.229,13.262256,0.0,0.0,0.0,0.0,0.25291982,euro/MWh,TWh
Energie,2023,75.397,1,75.397,11.6373888,0.0,0.0,0.0,0.0,48.546509307,euro/MWh,TWh
Energie,2023,75.397,2,75.397,13.262256,0.0,0.0,0.0,0.0,1.343726352,euro/MWh,TWh
Energie,2023,75.701,1,75.701,11.769048,0.0,0.0,0.0,0.0,1.947941723,euro/MWh,TWh
Energie,2023,75.701,2,75.701,11.6373888,0.0,0.0,0.0,0.0,0.742974441,euro/MWh,TWh
Energie,2023,75.701,3,75.701,13.262256,0.0,0.0,0.0,0.0,0.01373416,euro/MWh,TWh
Energie,2023,76.545,1,76.545,11.6373888,0.0,0.0,0.0,0.0,11.534598006,euro/MWh,TWh
Energie,2023,76.545,2,76.545,13.262256,0.0,0.0,0.0,0.0,0.319267925,euro/MWh,TWh
Energie,2023,76.826,1,76.826,11.6373888,0.0,0.0,0.0,0.0,4.430339635,euro/MWh,TWh
Energie,2023,76.826,2,76.826,13.262256,0.0,0.0,0.0,0.0,0.08189648,euro/MWh,TWh
Energie,2023,77.479,1,77.479,11.6373888,0.0,0.0,0.0,0.0,5.95317865,euro/MWh,TWh
Energie,2023,77.479,2,77.479,13.262256,0.0,0.0,0.0,0.0,0.110046727,euro/MWh,TWh
Energie,2023,77.647,1,77.647,11.6373888,0.0,0.0,0.0,0.0,30.565166561,euro/MWh,TWh
Energie,2023,77.647,2,77.647,13.262256,0.0,0.0,0.0,0.0,0.565008501,euro/MWh,TWh
Energie,2023,78.795,1,78.795,11.6373888,0.0,0.0,0.0,0.0,5.389336969,euro/MWh,TWh
Energie,2023,78.795,2,78.795,13.262256,0.0,0.0,0.0,0.0,0.099623903,euro/MWh,TWh
Energie,2024*,-0.997565177,1,0.5,0.0,-1.497565176622049,0.0,0.0,0.0,66.77505698,euro/MWh,TWh
Energie,2024*,0.0,1,0.0,0.0,0.0,0.0,0.0,0.0,405.67382986,euro/MWh,TWh
Energie,2024*,0.167,1,0.167,0.0,0.0,0.0,0.0,0.0,0.212379334,euro/MWh,TWh
Energie,2024*,0.5,1,0.5,0.0,0.0,0.0,0.0,0.0,11.298142857,euro/MWh,TWh
Energie,2024*,0.54,1,0.54,0.0,0.0,0.0,0.0,0.0,2.747495833,euro/MWh,TWh
Energie,2024*,0.712,1,0.712,0.0,0.0,0.0,0.0,0.0,4.221190218,euro/MWh,TWh
Energie,2024*,1.52,1,1.52,0.0,0.0,0.0,0.0,0.0,0.009885615,euro/MWh,TWh
Energie,2024*,1.6,1,1.6,1.405908,0.0,0.0,0.0,0.0,5.526985377,euro/MWh,TWh
Energie,2024*,2.79,1,2.79,0.0,0.0,0.0,0.0,0.0,1.045279524,euro/MWh,TWh
Energie,2024*,3.86,1,3.86,0.0,0.0,0.0,0.0,0.0,30.704063599,euro/MWh,TWh
Energie,2024*,4.608319264,1,19.33333333333333,0.0,-14.72501406935523,0.0,0.0,0.0,152.801212237,euro/MWh,TWh
Energie,2024*,5.189,1,5.189,2.724248112023177,0.0,0.0,0.0,0.0,11.283213091,euro/MWh,TWh
Energie,2024*,5.23,1,5.23,5.2299999934308,0.0,0.0,0.0,0.0,6.153821605,euro/MWh,TWh
Energie,2024*,11.761048432,1,18.83333333333333,0.0,-7.072284901318497,0.0,0.0,0.0,148.466869569,euro/MWh,TWh
Energie,2024*,12.555,1,12.555,12.52368,0.0,0.0,0.0,0.0,0.269189951,euro/MWh,TWh
Energie,2024*,12.587076,1,0.0,0.0,0.0,12.587076,0.0,0.0,21.82859541,euro/MWh,TWh
Energie,2024*,12.587076,2,0.0,0.0,0.0,12.587076,12.587076,0.0,6.267069492,euro/MWh,TWh
Energie,2024*,13.24967868,1,0.0,0.0,0.0,13.24967868,0.0,0.0,20.608229703,euro/MWh,TWh
Energie,2024*,13.24967868,2,0.0,0.0,0.0,13.24967868,13.24967868,0.0,0.323910278,euro/MWh,TWh
Energie,2024*,13.715413645,1,16.37,8.9576424,-2.654586355271203,0.0,0.0,0.0,103.59429425,euro/MWh,TWh
Energie,2024*,14.76967868,1,1.52,0.0,0.0,13.24967868,0.0,0.0,40.05162527,euro/MWh,TWh
Energie,2024*,14.76967868,2,1.52,0.0,0.0,13.24967868,13.24967868,0.0,7.137009539,euro/MWh,TWh
Energie,2024*,14.84967868,1,1.6,1.405908,0.0,13.24967868,0.0,0.0,0.0,euro/MWh,TWh
Energie,2024*,14.84967868,2,1.6,1.405908,0.0,13.24967868,13.24967868,0.0,0.0,euro/MWh,TWh
Energie,2024*,15.62,1,15.62,11.9649312,0.0,0.0,0.0,0.0,43.412450039,euro/MWh,TWh
Energie,2024*,16.208,1,16.208,8.50968,0.0,0.0,0.0,0.0,0.941339409,euro/MWh,TWh
Energie,2024*,16.37,1,16.37,8.9576424,0.0,0.0,0.0,0.0,83.973967782,euro/MWh,TWh
Energie,2024*,17.4081636,1,0.0,0.0,0.0,17.4081636,0.0,0.0,6.560872366,euro/MWh,TWh
Energie,2024*,17.4081636,2,0.0,0.0,0.0,17.4081636,17.4081636,0.0,2.536092163,euro/MWh,TWh
Energie,2024*,17.69790384,1,0.0,0.0,0.0,17.69790384,0.0,0.0,4.659334819,euro/MWh,TWh
Energie,2024*,17.69790384,2,0.0,0.0,0.0,17.69790384,17.69790384,0.0,0.009477569,euro/MWh,TWh
Energie,2024*,17.776076,1,5.189,2.724248112023177,0.0,12.587076,0.0,0.0,1.39865438,euro/MWh,TWh
Energie,2024*,17.776076,2,5.189,2.724248112023177,0.0,12.587076,12.587076,0.0,0.265533098,euro/MWh,TWh
Energie,2024*,17.894,1,17.894,11.6373888,0.0,0.0,0.0,0.0,6.017647698,euro/MWh,TWh
Energie,2024*,18.524376,1,0.0,0.0,0.0,18.524376,0.0,0.0,0.832403671,euro/MWh,TWh
Energie,2024*,18.524376,2,0.0,0.0,0.0,18.524376,18.524376,0.0,0.008996456,euro/MWh,TWh
Energie,2024*,19.6168392,1,0.0,0.0,0.0,19.6168392,0.0,0.0,12.961398476,euro/MWh,TWh
Energie,2024*,19.6168392,2,0.0,0.0,0.0,19.6168392,19.6168392,0.0,2.813949965,euro/MWh,TWh
Energie,2024*,22.4667432,1,0.0,0.0,0.0,22.4667432,0.0,0.0,3.375695596,euro/MWh,TWh
Energie,2024*,22.4667432,2,0.0,0.0,0.0,22.4667432,22.4667432,0.0,0.029229649,euro/MWh,TWh
Energie,2024*,23.986692,1,0.0,0.0,0.0,23.986692,0.0,0.0,0.037756217,euro/MWh,TWh
Energie,2024*,23.986692,2,0.0,0.0,0.0,23.986692,23.986692,0.0,0.000674536,euro/MWh,TWh
Energie,2024*,24.81,1,24.81,11.9649312,0.0,0.0,0.0,0.0,17.53915466,euro/MWh,TWh
Energie,2024*,25.2567432,1,2.79,0.0,0.0,22.4667432,0.0,0.0,0.772501667,euro/MWh,TWh
Energie,2024*,25.2567432,2,2.79,0.0,0.0,22.4667432,22.4667432,0.0,0.50470687,euro/MWh,TWh
Energie,2024*,25.411644,1,0.0,0.0,0.0,25.411644,0.0,0.0,1.733029941,euro/MWh,TWh
Energie,2024*,25.411644,2,0.0,0.0,0.0,25.411644,25.411644,0.0,0.006878729,euro/MWh,TWh
Energie,2024*,26.776692,1,2.79,0.0,0.0,23.986692,0.0,0.0,0.019665478,euro/MWh,TWh
Energie,2024*,26.776692,2,2.79,0.0,0.0,23.986692,23.986692,0.0,0.007098458,euro/MWh,TWh
Energie,2024*,28.201644,1,2.79,0.0,0.0,25.411644,0.0,0.0,0.229523769,euro/MWh,TWh
Energie,2024*,28.201644,2,2.79,0.0,0.0,25.411644,25.411644,0.0,0.117210806,euro/MWh,TWh
Energie,2024*,29.61967868,1,16.37,8.9576424,0.0,13.24967868,0.0,0.0,16.118574727,euro/MWh,TWh
Energie,2024*,29.61967868,2,16.37,8.9576424,0.0,13.24967868,13.24967868,0.0,1.59366436,euro/MWh,TWh
Energie,2024*,30.2,1,30.2,0.0,0.0,0.0,0.0,0.0,1.64301176,euro/MWh,TWh
Energie,2024*,31.079376,1,12.555,12.52368,0.0,18.524376,0.0,0.0,0.427885326,euro/MWh,TWh
Energie,2024*,31.079376,2,12.555,12.52368,0.0,18.524376,18.524376,0.0,0.100689905,euro/MWh,TWh
Energie,2024*,33.31790384,1,15.62,11.9649312,0.0,17.69790384,0.0,0.0,0.506172812,euro/MWh,TWh
Energie,2024*,33.31790384,2,15.62,11.9649312,0.0,17.69790384,17.69790384,0.0,0.142387118,euro/MWh,TWh
Energie,2024*,39.19,1,39.19,0.0,0.0,0.0,0.0,0.0,8.044592351,euro/MWh,TWh
Energie,2024*,39.79,1,39.79,11.769048,0.0,0.0,0.0,0.0,5.434147928,euro/MWh,TWh
Energie,2024*,40.388,1,40.388,0.0,0.0,0.0,0.0,0.0,0.18288057,euro/MWh,TWh
Energie,2024*,42.50790384,1,24.81,11.9649312,0.0,17.69790384,0.0,0.0,0.613957839,euro/MWh,TWh
Energie,2024*,42.50790384,2,24.81,11.9649312,0.0,17.69790384,17.69790384,0.0,0.361426986,euro/MWh,TWh
Energie,2024*,45.19,1,45.19,0.0,0.0,0.0,0.0,0.0,85.221909775,euro/MWh,TWh
Energie,2024*,59.4,1,59.4,11.9649312,0.0,0.0,0.0,0.0,7.014480405,euro/MWh,TWh
Energie,2024*,60.48,1,60.48,11.9649312,0.0,0.0,0.0,0.0,33.249145168,euro/MWh,TWh
Energie,2024*,60.75,1,60.75,11.9649312,0.0,0.0,0.0,0.0,180.895125441,euro/MWh,TWh
Energie,2024*,62.64,1,62.64,11.9649312,0.0,0.0,0.0,0.0,24.609263357,euro/MWh,TWh
Energie,2024*,75.229,1,75.229,11.6373888,0.0,0.0,0.0,0.0,9.137555705,euro/MWh,TWh
Energie,2024*,75.229,2,75.229,13.262256,0.0,0.0,0.0,0.0,0.313473366,euro/MWh,TWh
Energie,2024*,75.397,1,75.397,11.6373888,0.0,0.0,0.0,0.0,48.546509307,euro/MWh,TWh
Energie,2024*,75.397,2,75.397,13.262256,0.0,0.0,0.0,0.0,1.665438567,euro/MWh,TWh
Energie,2024*,75.701,1,75.701,11.6373888,0.0,0.0,0.0,0.0,0.742974441,euro/MWh,TWh
Energie,2024*,75.701,2,75.701,13.262256,0.0,0.0,0.0,0.0,0.017022364,euro/MWh,TWh
Energie,2024*,76.545,1,76.545,11.6373888,0.0,0.0,0.0,0.0,11.534598006,euro/MWh,TWh
Energie,2024*,76.545,2,76.545,13.262256,0.0,0.0,0.0,0.0,0.395706399,euro/MWh,TWh
Energie,2024*,76.826,1,76.826,11.6373888,0.0,0.0,0.0,0.0,4.430339635,euro/MWh,TWh
Energie,2024*,76.826,2,76.826,11.769048,0.0,0.0,0.0,0.0,1.947941723,euro/MWh,TWh
Energie,2024*,76.826,3,76.826,13.262256,0.0,0.0,0.0,0.0,0.101503968,euro/MWh,TWh
Energie,2024*,77.479,1,77.479,11.6373888,0.0,0.0,0.0,0.0,5.95317865,euro/MWh,TWh
Energie,2024*,77.479,2,77.479,13.262256,0.0,0.0,0.0,0.0,0.13639389,euro/MWh,TWh
Energie,2024*,77.647,1,77.647,11.6373888,0.0,0.0,0.0,0.0,30.565166561,euro/MWh,TWh
Energie,2024*,77.647,2,77.647,13.262256,0.0,0.0,0.0,0.0,0.700281681,euro/MWh,TWh
Energie,2024*,78.795,1,78.795,11.6373888,0.0,0.0,0.0,0.0,5.389336969,euro/MWh,TWh
Energie,2024*,78.795,2,78.795,13.262256,0.0,0.0,0.0,0.0,0.123475655,euro/MWh,TWh
