perimetre,millesime,tarif_effectif,taux_taxation,composante_carbone,boucliers_et_aides,prix_quotas_ets,prix_reel_quotas_ets,remboursement_indirect_ets,quantite,quantite_cumulee,unite_tarif,unite_quantite
Carbone,2014,0.0,0.0,0.0,0.0,0.0,0.0,0.0,121.8710137720706,121.8710137720706,euro/tCO2,MtCO2
Carbone,2014,0.5924996514707932,0.5924996514707932,0.0,0.0,0.0,0.0,0.0,0.4116925919610002,122.2827063640316,euro/tCO2,MtCO2
Carbone,2014,0.5947293447293448,0.5947293447293448,0.0,0.0,0.0,0.0,0.0,0.1248031199999998,122.4075094840316,euro/tCO2,MtCO2
Carbone,2014,3.089304257528557,3.089304257528557,0.0,0.0,0.0,0.0,0.0,0.2014148503440538,122.6089243343757,euro/tCO2,MtCO2
Carbone,2014,3.272827282728273,3.272827282728273,0.0,0.0,0.0,0.0,0.0,0.0667568557016949,122.6756811900774,euro/tCO2,MtCO2
Carbone,2014,3.494244773314541,3.494244773314541,0.0,0.0,0.0,0.0,0.0,0.3656362782507233,123.0413174683281,euro/tCO2,MtCO2
Carbone,2014,4.08,4.08,0.0,0.0,0.0,0.0,0.0,8.52042985997791,131.561747328306,euro/tCO2,MtCO2
Carbone,2014,5.893205983140451,0.0,0.0,0.0,5.893205983140451,0.0,0.0,65.60868217523317,197.1704295035392,euro/tCO2,MtCO2
Carbone,2014,5.893205983140451,0.0,0.0,0.0,5.893205983140451,5.893205983140451,0.0,18.42659084940744,215.5970203529466,euro/tCO2,MtCO2
Carbone,2014,5.924996514707932,5.924996514707932,0.0,0.0,0.0,0.0,0.0,0.5007074022813625,216.097727755228,euro/tCO2,MtCO2
Carbone,2014,6.258114995467277,6.258114995467277,7.0,0.0,0.0,0.0,0.0,25.5861643307889,241.6838920860169,euro/tCO2,MtCO2
Carbone,2014,6.323315608133676,6.323315608133676,7.0,0.0,0.0,0.0,0.0,22.48221746414243,264.1661095501593,euro/tCO2,MtCO2
Carbone,2014,7.019230769230769,7.019230769230769,7.0,0.0,0.0,0.0,0.0,0.2061199564214767,264.3722295065808,euro/tCO2,MtCO2
Carbone,2014,7.66764254844556,7.66764254844556,7.0,0.0,0.0,0.0,0.0,0.7542571561761925,265.126486662757,euro/tCO2,MtCO2
Carbone,2014,8.982510240669008,3.089304257528557,0.0,0.0,5.893205983140451,0.0,0.0,0.1762375510618506,265.3027242138189,euro/tCO2,MtCO2
Carbone,2014,8.982510240669008,3.089304257528557,0.0,0.0,5.893205983140451,5.893205983140451,0.0,0.01992308086586932,265.3226472946847,euro/tCO2,MtCO2
Carbone,2014,9.166033265868723,3.272827282728273,0.0,0.0,5.893205983140451,0.0,0.0,0.06856559342338919,265.3912128881081,euro/tCO2,MtCO2
Carbone,2014,9.166033265868723,3.272827282728273,0.0,0.0,5.893205983140451,5.893205983140451,0.0,0.008422261988680414,265.3996351500968,euro/tCO2,MtCO2
Carbone,2014,9.387450756454992,3.494244773314541,0.0,0.0,5.893205983140451,0.0,0.0,0.4800846382380231,265.8797197883348,euro/tCO2,MtCO2
Carbone,2014,9.387450756454992,3.494244773314541,0.0,0.0,5.893205983140451,5.893205983140451,0.0,0.03975906811241517,265.9194788564472,euro/tCO2,MtCO2
Carbone,2014,11.81820249784838,5.924996514707932,0.0,0.0,5.893205983140451,0.0,0.0,11.04056386501291,276.9600427214601,euro/tCO2,MtCO2
Carbone,2014,11.81820249784838,5.924996514707932,0.0,0.0,5.893205983140451,5.893205983140451,0.0,7.778283229629599,284.7383259510897,euro/tCO2,MtCO2
Carbone,2014,12.21652159127413,6.323315608133676,7.0,0.0,5.893205983140451,0.0,0.0,1.838095650487532,286.5764216015772,euro/tCO2,MtCO2
Carbone,2014,12.21652159127413,6.323315608133676,7.0,0.0,5.893205983140451,5.893205983140451,0.0,0.05409082791077235,286.630512429488,euro/tCO2,MtCO2
Carbone,2014,12.91243675237122,7.019230769230769,7.0,0.0,5.893205983140451,0.0,0.0,0.6174935448197912,287.2480059743078,euro/tCO2,MtCO2
Carbone,2014,12.91243675237122,7.019230769230769,7.0,0.0,5.893205983140451,5.893205983140451,0.0,0.07498831824019613,287.322994292548,euro/tCO2,MtCO2
Carbone,2014,14.38647092219325,14.38647092219325,0.0,0.0,0.0,0.0,0.0,8.82764911559594,296.1506434081439,euro/tCO2,MtCO2
Carbone,2014,16.5,0.0,0.0,0.0,16.5,0.0,0.0,15.434783856,311.585427264144,euro/tCO2,MtCO2
Carbone,2014,20.88044570267767,20.88044570267767,7.0,0.0,0.0,0.0,0.0,14.05935607075445,325.6447833348984,euro/tCO2,MtCO2
Carbone,2014,21.09799009960041,21.09799009960041,7.0,0.0,0.0,0.0,0.0,7.706444766535274,333.3512281014337,euro/tCO2,MtCO2
Carbone,2014,26.99119608274086,21.09799009960041,7.0,0.0,5.893205983140451,0.0,0.0,-0.1269009115138706,333.2243271899198,euro/tCO2,MtCO2
Carbone,2014,26.99119608274086,21.09799009960041,7.0,0.0,5.893205983140451,5.893205983140451,0.0,-0.02979613844288758,333.1945310514769,euro/tCO2,MtCO2
Carbone,2014,29.05,29.05,0.0,0.0,0.0,0.0,0.0,11.95185171021558,345.1463827616925,euro/tCO2,MtCO2
Carbone,2014,29.16611855417996,29.16611855417996,7.0,0.0,0.0,0.0,0.0,2.965074128817015,348.1114568905095,euro/tCO2,MtCO2
Carbone,2014,33.02618238206,33.02618238206,7.0,0.0,0.0,0.0,0.0,1.676774068476877,349.7882309589864,euro/tCO2,MtCO2
Carbone,2014,35.05932453732041,29.16611855417996,7.0,0.0,5.893205983140451,0.0,0.0,0.1006681302917522,349.8888990892781,euro/tCO2,MtCO2
Carbone,2014,35.05932453732041,29.16611855417996,7.0,0.0,5.893205983140451,5.893205983140451,0.0,0.01007419310548268,349.8989732823836,euro/tCO2,MtCO2
Carbone,2014,38.91938836520045,33.02618238206,7.0,0.0,5.893205983140451,0.0,0.0,0.4283855313718745,350.3273588137555,euro/tCO2,MtCO2
Carbone,2014,38.91938836520045,33.02618238206,7.0,0.0,5.893205983140451,5.893205983140451,0.0,0.06961541421223069,350.3969742279677,euro/tCO2,MtCO2
Carbone,2014,44.13501007726749,44.13501007726749,7.0,0.0,0.0,0.0,0.0,0.2360720703783841,350.6330462983461,euro/tCO2,MtCO2
Carbone,2014,112.5723146657124,112.5723146657124,0.0,0.0,0.0,0.0,0.0,0.410924944037088,351.0439712423832,euro/tCO2,MtCO2
Carbone,2014,142.5636490804403,142.5636490804403,7.0,0.0,0.0,0.0,0.0,0.4299196723009785,351.4738909146842,euro/tCO2,MtCO2
Carbone,2014,146.0830798592473,146.0830798592473,0.0,0.0,0.0,0.0,0.0,2.257186794514704,353.7310777091989,euro/tCO2,MtCO2
Carbone,2014,150.7882370774595,150.7882370774595,7.0,0.0,0.0,0.0,0.0,1.3930750028,355.1241527119989,euro/tCO2,MtCO2
Carbone,2014,154.7859946038754,154.7859946038754,0.0,0.0,0.0,0.0,0.0,0.01922689368576,355.1433796056846,euro/tCO2,MtCO2
Carbone,2014,159.6886741814278,159.6886741814278,7.0,0.0,0.0,0.0,0.0,1.73831511335373,356.8816947190384,euro/tCO2,MtCO2
Carbone,2014,160.9933202123218,160.9933202123218,0.0,0.0,0.0,0.0,0.0,18.68777706382993,375.5694717828683,euro/tCO2,MtCO2
Carbone,2014,164.7208803005905,164.7208803005905,7.0,0.0,0.0,0.0,0.0,78.25523916915408,453.8247109520224,euro/tCO2,MtCO2
Carbone,2014,225.824023013787,225.824023013787,7.0,0.0,0.0,0.0,0.0,0.008648519927483628,453.8333594719499,euro/tCO2,MtCO2
Carbone,2014,229.6081354253941,229.6081354253941,7.0,0.0,0.0,0.0,0.0,0.03158419029573177,453.8649436622456,euro/tCO2,MtCO2
Carbone,2014,232.1821235907007,232.1821235907007,7.0,0.0,0.0,0.0,0.0,0.5058327501351906,454.3707764123808,euro/tCO2,MtCO2
Carbone,2014,232.3690985677131,232.3690985677131,7.0,0.0,0.0,0.0,0.0,0.7112149526319544,455.0819913650128,euro/tCO2,MtCO2
Carbone,2014,257.3546399136148,257.3546399136148,7.0,0.0,0.0,0.0,0.0,0.1676115255836483,455.2496028905964,euro/tCO2,MtCO2
Carbone,2014,261.6671079765114,261.6671079765114,7.0,0.0,0.0,0.0,0.0,0.612113328544086,455.8617162191405,euro/tCO2,MtCO2
Carbone,2014,264.6004885291374,264.6004885291374,7.0,0.0,0.0,0.0,0.0,6.33222758389898,462.1939438030395,euro/tCO2,MtCO2
Carbone,2014,264.8135698357216,264.8135698357216,7.0,0.0,0.0,0.0,0.0,13.78360970756631,475.9775535106058,euro/tCO2,MtCO2
Carbone,2015,0.0,0.0,0.0,0.0,0.0,0.0,0.0,122.3055632062093,122.3055632062093,euro/tCO2,MtCO2
Carbone,2015,0.5924996514707932,0.5924996514707932,0.0,0.0,0.0,0.0,0.0,0.3678378024510001,122.6734010086603,euro/tCO2,MtCO2
Carbone,2015,0.5947293447293448,0.5947293447293448,0.0,0.0,0.0,0.0,0.0,0.06240156000000004,122.7358025686603,euro/tCO2,MtCO2
Carbone,2015,3.089304257528557,3.089304257528557,0.0,0.0,0.0,0.0,0.0,0.1968506848155673,122.9326532534758,euro/tCO2,MtCO2
Carbone,2015,3.272827282728273,3.272827282728273,0.0,0.0,0.0,0.0,0.0,0.07280718984636131,123.0054604433222,euro/tCO2,MtCO2
Carbone,2015,3.494244773314541,3.494244773314541,0.0,0.0,0.0,0.0,0.0,0.5658702405699952,123.5713306838922,euro/tCO2,MtCO2
Carbone,2015,4.08,4.08,0.0,0.0,0.0,0.0,0.0,8.52042985997791,132.0917605438701,euro/tCO2,MtCO2
Carbone,2015,5.924996514707932,5.924996514707932,0.0,0.0,0.0,0.0,0.0,0.614072985567073,132.7058335294372,euro/tCO2,MtCO2
Carbone,2015,6.323315608133676,6.323315608133676,7.0,0.0,0.0,0.0,0.0,8.763878532326206,141.4697120617634,euro/tCO2,MtCO2
Carbone,2015,7.619650512909028,0.0,0.0,0.0,7.619650512909028,0.0,0.0,62.49183435847085,203.9615464202342,euro/tCO2,MtCO2
Carbone,2015,7.619650512909028,0.0,0.0,0.0,7.619650512909028,7.619650512909028,0.0,19.67533273681922,223.6368791570535,euro/tCO2,MtCO2
Carbone,2015,10.70895477043758,3.089304257528557,0.0,0.0,7.619650512909028,0.0,0.0,0.1720034148230841,223.8088825718766,euro/tCO2,MtCO2
Carbone,2015,10.70895477043758,3.089304257528557,0.0,0.0,7.619650512909028,7.619650512909028,0.0,0.01976154859068434,223.8286441204672,euro/tCO2,MtCO2
Carbone,2015,10.8924777956373,3.272827282728273,0.0,0.0,7.619650512909028,0.0,0.0,0.07319316698453267,223.9018372874518,euro/tCO2,MtCO2
Carbone,2015,10.8924777956373,3.272827282728273,0.0,0.0,7.619650512909028,7.619650512909028,0.0,0.009425446424224281,223.911262733876,euro/tCO2,MtCO2
Carbone,2015,11.11389528622357,3.494244773314541,0.0,0.0,7.619650512909028,0.0,0.0,0.6588649557733008,224.5701276896493,euro/tCO2,MtCO2
Carbone,2015,11.11389528622357,3.494244773314541,0.0,0.0,7.619650512909028,7.619650512909028,0.0,0.06711506672807109,224.6372427563774,euro/tCO2,MtCO2
Carbone,2015,13.01514445180175,13.01514445180175,14.5,0.0,0.0,0.0,0.0,27.53804699343029,252.1752897498077,euro/tCO2,MtCO2
Carbone,2015,13.14453008304953,13.14453008304953,14.5,0.0,0.0,0.0,0.0,14.31056324779462,266.4858529976023,euro/tCO2,MtCO2
Carbone,2015,13.54464702761696,5.924996514707932,0.0,0.0,7.619650512909028,0.0,0.0,10.47718605329149,276.9630390508938,euro/tCO2,MtCO2
Carbone,2015,13.54464702761696,5.924996514707932,0.0,0.0,7.619650512909028,7.619650512909028,0.0,10.85924672358919,287.822285774483,euro/tCO2,MtCO2
Carbone,2015,14.38643381985151,14.38643381985151,0.0,0.0,0.0,0.0,0.0,8.66791093780571,296.4901967122887,euro/tCO2,MtCO2
Carbone,2015,14.51923076923077,14.51923076923077,14.5,0.0,0.0,0.0,0.0,0.2434372996290802,296.7336340119177,euro/tCO2,MtCO2
Carbone,2015,15.88297385035152,15.88297385035152,14.5,0.0,0.0,0.0,0.0,0.8051381915830598,297.5387722035008,euro/tCO2,MtCO2
Carbone,2015,16.5,0.0,0.0,0.0,16.5,0.0,0.0,15.274512162,312.8132843655008,euro/tCO2,MtCO2
Carbone,2015,20.76418059595856,13.14453008304953,14.5,0.0,7.619650512909028,0.0,0.0,1.733645499954412,314.5469298654552,euro/tCO2,MtCO2
Carbone,2015,20.76418059595856,13.14453008304953,14.5,0.0,7.619650512909028,7.619650512909028,0.0,0.0700751048242862,314.6170049702795,euro/tCO2,MtCO2
Carbone,2015,22.1388812821398,14.51923076923077,14.5,0.0,7.619650512909028,0.0,0.0,0.4992001533071596,315.1162051235867,euro/tCO2,MtCO2
Carbone,2015,22.1388812821398,14.51923076923077,14.5,0.0,7.619650512909028,7.619650512909028,0.0,0.05322934199897118,315.1694344655857,euro/tCO2,MtCO2
Carbone,2015,28.19823590423352,28.19823590423352,14.5,0.0,0.0,0.0,0.0,14.04950700662917,329.2189414722148,euro/tCO2,MtCO2
Carbone,2015,28.47855907437228,28.47855907437228,14.5,0.0,0.0,0.0,0.0,8.248183670488286,337.4671251427031,euro/tCO2,MtCO2
Carbone,2015,29.05,29.05,0.0,0.0,0.0,0.0,0.0,11.18555410675295,348.6526792494561,euro/tCO2,MtCO2
Carbone,2015,35.66366212107381,35.66366212107381,14.5,0.0,0.0,0.0,0.0,2.906915145249204,351.5595943947052,euro/tCO2,MtCO2
Carbone,2015,36.09820958728131,28.47855907437228,14.5,0.0,7.619650512909028,0.0,0.0,0.1571897046303069,351.7167840993355,euro/tCO2,MtCO2
Carbone,2015,36.09820958728131,28.47855907437228,14.5,0.0,7.619650512909028,7.619650512909028,0.0,0.01422696350481574,351.7310110628404,euro/tCO2,MtCO2
Carbone,2015,40.40675135683188,40.40675135683188,14.5,0.0,0.0,0.0,0.0,1.6429724293898,353.3739834922302,euro/tCO2,MtCO2
Carbone,2015,43.28331263398283,35.66366212107381,14.5,0.0,7.619650512909028,0.0,0.0,0.09829979901526238,353.4722832912454,euro/tCO2,MtCO2
Carbone,2015,43.28331263398283,35.66366212107381,14.5,0.0,7.619650512909028,7.619650512909028,0.0,0.01012314844663591,353.4824064396921,euro/tCO2,MtCO2
Carbone,2015,48.0264018697409,40.40675135683188,14.5,0.0,7.619650512909028,0.0,0.0,0.4237579292780881,353.9061643689702,euro/tCO2,MtCO2
Carbone,2015,48.0264018697409,40.40675135683188,14.5,0.0,7.619650512909028,7.619650512909028,0.0,0.06420394870345962,353.9703683176736,euro/tCO2,MtCO2
Carbone,2015,53.32296756547186,53.32296756547186,14.5,0.0,0.0,0.0,0.0,0.2255974807798954,354.1959657984535,euro/tCO2,MtCO2
Carbone,2015,112.5723146657124,112.5723146657124,0.0,0.0,0.0,0.0,0.0,0.402255115543008,354.5982209139966,euro/tCO2,MtCO2
Carbone,2015,146.0830798592473,146.0830798592473,0.0,0.0,0.0,0.0,0.0,2.294085069546191,356.8923059835427,euro/tCO2,MtCO2
Carbone,2015,150.2194886649554,150.2194886649554,14.5,0.0,0.0,0.0,0.0,0.487012079098556,357.3793180626413,euro/tCO2,MtCO2
Carbone,2015,150.7882370774595,150.7882370774595,14.5,0.0,0.0,0.0,0.0,1.3111294144,358.6904474770413,euro/tCO2,MtCO2
Carbone,2015,154.7859946038754,154.7859946038754,0.0,0.0,0.0,0.0,0.0,0.02588629037056,358.7163337674119,euro/tCO2,MtCO2
Carbone,2015,160.9933202123218,160.9933202123218,0.0,0.0,0.0,0.0,0.0,18.77023956145152,377.4865733288634,euro/tCO2,MtCO2
Carbone,2015,174.524363332737,174.524363332737,14.5,0.0,0.0,0.0,0.0,2.120706649949595,379.607279978813,euro/tCO2,MtCO2
Carbone,2015,179.5565694518996,179.5565694518996,14.5,0.0,0.0,0.0,0.0,78.51074362463567,458.1180236034486,euro/tCO2,MtCO2
Carbone,2015,232.3312657610431,232.3312657610431,14.5,0.0,0.0,0.0,0.0,0.009668955538810236,458.1276925589874,euro/tCO2,MtCO2
Carbone,2015,236.1153781726502,236.1153781726502,14.5,0.0,0.0,0.0,0.0,0.04537009709605212,458.1730626560835,euro/tCO2,MtCO2
Carbone,2015,238.6841303079916,238.6841303079916,14.5,0.0,0.0,0.0,0.0,0.5709589042845148,458.744021560368,euro/tCO2,MtCO2
Carbone,2015,238.8763413149692,238.8763413149692,14.5,0.0,0.0,0.0,0.0,0.746329324199961,459.490350884568,euro/tCO2,MtCO2
Carbone,2015,264.7704546338597,264.7704546338597,14.5,0.0,0.0,0.0,0.0,0.1753410990593211,459.6656919836273,euro/tCO2,MtCO2
Carbone,2015,269.0829226967564,269.0829226967564,14.5,0.0,0.0,0.0,0.0,0.8227613269415014,460.4884533105688,euro/tCO2,MtCO2
Carbone,2015,272.0103361401781,272.0103361401781,14.5,0.0,0.0,0.0,0.0,6.688003534131322,467.1764568447001,euro/tCO2,MtCO2
Carbone,2015,272.2293845559665,272.2293845559665,14.5,0.0,0.0,0.0,0.0,13.53426473419528,480.7107215788954,euro/tCO2,MtCO2
Carbone,2016,0.0,0.0,0.0,0.0,0.0,0.0,0.0,123.3069279253699,123.3069279253699,euro/tCO2,MtCO2
Carbone,2016,0.5924996514707932,0.5924996514707932,0.0,0.0,0.0,0.0,0.0,0.3857706108900002,123.6926985362599,euro/tCO2,MtCO2
Carbone,2016,0.5947293447293448,0.5947293447293448,0.0,0.0,0.0,0.0,0.0,0.06240156000000004,123.7551000962599,euro/tCO2,MtCO2
Carbone,2016,3.089304257528557,3.089304257528557,0.0,0.0,0.0,0.0,0.0,0.1763042697768256,123.9314043660367,euro/tCO2,MtCO2
Carbone,2016,3.272827282728273,3.272827282728273,0.0,0.0,0.0,0.0,0.0,0.05692275616138762,123.9883271221981,euro/tCO2,MtCO2
Carbone,2016,3.494244773314541,3.494244773314541,0.0,0.0,0.0,0.0,0.0,0.5340909377666048,124.5224180599647,euro/tCO2,MtCO2
Carbone,2016,4.08,4.08,0.0,0.0,0.0,0.0,0.0,8.52042985997791,133.0428479199426,euro/tCO2,MtCO2
Carbone,2016,5.259845110198853,0.0,0.0,0.0,5.259845110198853,0.0,0.0,59.668961753069,192.7118096730116,euro/tCO2,MtCO2
Carbone,2016,5.259845110198853,0.0,0.0,0.0,5.259845110198853,5.259845110198853,0.0,18.71850897499946,211.4303186480111,euro/tCO2,MtCO2
Carbone,2016,7.568062775089124,7.568062775089124,0.0,0.0,0.0,0.0,0.0,0.7820812355081894,212.2123998835193,euro/tCO2,MtCO2
Carbone,2016,7.966381868514868,7.966381868514868,7.0,0.0,0.0,0.0,0.0,1.517098681458859,213.7294985649781,euro/tCO2,MtCO2
Carbone,2016,8.34914936772741,3.089304257528557,0.0,0.0,5.259845110198853,0.0,0.0,0.1480944834942589,213.8775930484724,euro/tCO2,MtCO2
Carbone,2016,8.34914936772741,3.089304257528557,0.0,0.0,5.259845110198853,5.259845110198853,0.0,0.02002104389220399,213.8976140923646,euro/tCO2,MtCO2
Carbone,2016,8.532672392927125,3.272827282728273,0.0,0.0,5.259845110198853,0.0,0.0,0.05513320407238839,213.952747296437,euro/tCO2,MtCO2
Carbone,2016,8.532672392927125,3.272827282728273,0.0,0.0,5.259845110198853,5.259845110198853,0.0,0.0102839675785078,213.9630312640155,euro/tCO2,MtCO2
Carbone,2016,8.754089883513394,3.494244773314541,0.0,0.0,5.259845110198853,0.0,0.0,0.6316581319611976,214.5946893959767,euro/tCO2,MtCO2
Carbone,2016,8.754089883513394,3.494244773314541,0.0,0.0,5.259845110198853,5.259845110198853,0.0,0.07997589808599247,214.6746652940627,euro/tCO2,MtCO2
Carbone,2016,12.82790788528798,7.568062775089124,0.0,0.0,5.259845110198853,0.0,0.0,15.09714431861526,229.7718096126779,euro/tCO2,MtCO2
Carbone,2016,12.82790788528798,7.568062775089124,0.0,0.0,5.259845110198853,5.259845110198853,0.0,16.95887415353497,246.7306837662129,euro/tCO2,MtCO2
Carbone,2016,14.38628647139605,14.38628647139605,0.0,0.0,0.0,0.0,0.0,8.467705007392627,255.1983887736056,euro/tCO2,MtCO2
Carbone,2016,16.5,0.0,0.0,0.0,16.5,0.0,0.0,14.98289229,270.1812810636055,euro/tCO2,MtCO2
Carbone,2016,20.51343331142579,20.51343331142579,22.0,0.0,0.0,0.0,0.0,0.82558773618043,271.006868799786,euro/tCO2,MtCO2
Carbone,2016,21.40154093416553,21.40154093416553,22.0,0.0,0.0,0.0,0.0,29.78797622171579,300.7948450215018,euro/tCO2,MtCO2
Carbone,2016,21.60881081834658,21.60881081834658,22.0,0.0,0.0,0.0,0.0,15.17984754496346,315.9746925664653,euro/tCO2,MtCO2
Carbone,2016,22.05128205128205,22.05128205128205,22.0,0.0,0.0,0.0,0.0,0.1815188431008477,316.1562114095661,euro/tCO2,MtCO2
Carbone,2016,26.86865592854543,21.60881081834658,22.0,0.0,5.259845110198853,0.0,0.0,1.525626821890227,317.6818382314563,euro/tCO2,MtCO2
Carbone,2016,26.86865592854543,21.60881081834658,22.0,0.0,5.259845110198853,5.259845110198853,0.0,0.03998613113236326,317.7218243625887,euro/tCO2,MtCO2
Carbone,2016,27.3111271614809,22.05128205128205,22.0,0.0,5.259845110198853,0.0,0.0,0.3795264252748387,318.1013507878635,euro/tCO2,MtCO2
Carbone,2016,27.3111271614809,22.05128205128205,22.0,0.0,5.259845110198853,5.259845110198853,0.0,0.04112978562431389,318.1424805734878,euro/tCO2,MtCO2
Carbone,2016,29.05,29.05,0.0,0.0,0.0,0.0,0.0,11.27618219396171,329.4186627674495,euro/tCO2,MtCO2
Carbone,2016,35.55208838485084,35.55208838485084,22.0,0.0,0.0,0.0,0.0,12.91764987976604,342.3363126472155,euro/tCO2,MtCO2
Carbone,2016,35.89640365002685,35.89640365002685,22.0,0.0,0.0,0.0,0.0,7.520325116605695,349.8566377638213,euro/tCO2,MtCO2
Carbone,2016,41.1562487602257,35.89640365002685,22.0,0.0,5.259845110198853,0.0,0.0,0.1695560297431792,350.0261937935645,euro/tCO2,MtCO2
Carbone,2016,41.1562487602257,35.89640365002685,22.0,0.0,5.259845110198853,5.259845110198853,0.0,0.02230025706823337,350.0484940506327,euro/tCO2,MtCO2
Carbone,2016,42.16980143064145,42.16980143064145,22.0,0.0,0.0,0.0,0.0,2.834657349461924,352.8831514000946,euro/tCO2,MtCO2
Carbone,2016,47.4296465408403,42.16980143064145,22.0,0.0,5.259845110198853,0.0,0.0,0.09183475650417589,352.9749861565988,euro/tCO2,MtCO2
Carbone,2016,47.4296465408403,42.16980143064145,22.0,0.0,5.259845110198853,5.259845110198853,0.0,0.01377148566130912,352.9887576422601,euro/tCO2,MtCO2
Carbone,2016,47.82459593248644,47.82459593248644,22.0,0.0,0.0,0.0,0.0,1.600607550207323,354.5893651924674,euro/tCO2,MtCO2
Carbone,2016,53.08444104268529,47.82459593248644,22.0,0.0,5.259845110198853,0.0,0.0,0.4221589462843666,355.0115241387518,euro/tCO2,MtCO2
Carbone,2016,53.08444104268529,47.82459593248644,22.0,0.0,5.259845110198853,5.259845110198853,0.0,0.05322058665197398,355.0647447254037,euro/tCO2,MtCO2
Carbone,2016,57.30168129920323,57.30168129920323,22.0,0.0,0.0,0.0,0.0,0.2049207533206657,355.2696654787244,euro/tCO2,MtCO2
Carbone,2016,112.5723146657124,112.5723146657124,0.0,0.0,0.0,0.0,0.0,0.40363606471032,355.6733015434347,euro/tCO2,MtCO2
Carbone,2016,146.0830798592473,146.0830798592473,0.0,0.0,0.0,0.0,0.0,2.397802597592688,358.0711041410274,euro/tCO2,MtCO2
Carbone,2016,150.7882370774595,150.7882370774595,22.0,0.0,0.0,0.0,0.0,0.8856427054,358.9567468464274,euro/tCO2,MtCO2
Carbone,2016,154.7859946038754,154.7859946038754,0.0,0.0,0.0,0.0,0.0,0.03330531649792001,358.9900521629253,euro/tCO2,MtCO2
Carbone,2016,157.8480025960228,157.8480025960228,22.0,0.0,0.0,0.0,0.0,0.5314403486376403,359.521492511563,euro/tCO2,MtCO2
Carbone,2016,160.9933202123218,160.9933202123218,0.0,0.0,0.0,0.0,0.0,19.703512875476,379.225005387039,euro/tCO2,MtCO2
Carbone,2016,185.6697679966601,185.6697679966601,22.0,0.0,0.0,0.0,0.0,2.159514779087958,381.3845201661269,euro/tCO2,MtCO2
Carbone,2016,190.7019741158228,190.7019741158228,22.0,0.0,0.0,0.0,0.0,76.98255597726623,458.3670761433932,euro/tCO2,MtCO2
Carbone,2016,237.5878617335646,237.5878617335646,22.0,0.0,0.0,0.0,0.0,0.5914930081373592,458.9585691515305,euro/tCO2,MtCO2
Carbone,2016,242.5847881132361,242.5847881132361,22.0,0.0,0.0,0.0,0.0,0.0460126829707129,459.0045818345013,euro/tCO2,MtCO2
Carbone,2016,245.3457512555552,245.3457512555552,22.0,0.0,0.0,0.0,0.0,0.7188380298124926,459.7234198643138,euro/tCO2,MtCO2
Carbone,2016,270.7610013685491,270.7610013685491,22.0,0.0,0.0,0.0,0.0,7.225980116132674,466.9493999804464,euro/tCO2,MtCO2
Carbone,2016,276.4556222151393,276.4556222151393,22.0,0.0,0.0,0.0,0.0,0.8702363539619447,467.8196363344084,euro/tCO2,MtCO2
Carbone,2016,279.6020840743495,279.6020840743495,22.0,0.0,0.0,0.0,0.0,13.59535992611819,481.4149962605266,euro/tCO2,MtCO2
Carbone,2017,0.0,0.0,0.0,0.0,0.0,0.0,0.0,124.1128676440794,124.1128676440794,euro/tCO2,MtCO2
Carbone,2017,0.5924996514707932,0.5924996514707932,0.0,0.0,0.0,0.0,0.0,0.3858068632320003,124.4986745073114,euro/tCO2,MtCO2
Carbone,2017,0.5947293447293448,0.5947293447293448,0.0,0.0,0.0,0.0,0.0,0.06240156000000004,124.5610760673114,euro/tCO2,MtCO2
Carbone,2017,3.089304257528557,3.089304257528557,0.0,0.0,0.0,0.0,0.0,0.1542500632151898,124.7153261305266,euro/tCO2,MtCO2
Carbone,2017,3.272827282728273,3.272827282728273,0.0,0.0,0.0,0.0,0.0,0.02365840477712224,124.7389845353037,euro/tCO2,MtCO2
Carbone,2017,3.494244773314541,3.494244773314541,0.0,0.0,0.0,0.0,0.0,0.6222007391557044,125.3611852744594,euro/tCO2,MtCO2
Carbone,2017,4.08,4.08,0.0,0.0,0.0,0.0,0.0,8.52042985997791,133.8816151344373,euro/tCO2,MtCO2
Carbone,2017,5.77345209116945,0.0,0.0,0.0,5.77345209116945,0.0,0.0,57.35768205932888,191.2392971937662,euro/tCO2,MtCO2
Carbone,2017,5.77345209116945,0.0,0.0,0.0,5.77345209116945,1.828568258520311,3.94488383264914,17.23133697897479,208.470634172741,euro/tCO2,MtCO2
Carbone,2017,5.77345209116945,0.0,0.0,0.0,5.77345209116945,5.77345209116945,0.0,6.297566187913866,214.7682003606549,euro/tCO2,MtCO2
Carbone,2017,7.568062775089124,7.568062775089124,0.0,0.0,0.0,0.0,0.0,0.6992765445892865,215.4674769052442,euro/tCO2,MtCO2
Carbone,2017,7.966381868514868,7.966381868514868,7.0,0.0,0.0,0.0,0.0,0.7023674271929499,216.1698443324371,euro/tCO2,MtCO2
Carbone,2017,8.862756348698007,3.089304257528557,0.0,0.0,5.77345209116945,0.0,0.0,0.1368608305767176,216.3067051630138,euro/tCO2,MtCO2
Carbone,2017,8.862756348698007,3.089304257528557,0.0,0.0,5.77345209116945,5.77345209116945,0.0,0.02716478167916,216.333869944693,euro/tCO2,MtCO2
Carbone,2017,9.046279373897724,3.272827282728273,0.0,0.0,5.77345209116945,0.0,0.0,0.02487199951909944,216.3587419442121,euro/tCO2,MtCO2
Carbone,2017,9.046279373897724,3.272827282728273,0.0,0.0,5.77345209116945,5.77345209116945,0.0,0.006481713417416394,216.3652236576295,euro/tCO2,MtCO2
Carbone,2017,9.267696864483991,3.494244773314541,0.0,0.0,5.77345209116945,0.0,0.0,0.7283503338457794,217.0935739914753,euro/tCO2,MtCO2
Carbone,2017,9.267696864483991,3.494244773314541,0.0,0.0,5.77345209116945,5.77345209116945,0.0,0.1504624908551639,217.2440364823304,euro/tCO2,MtCO2
Carbone,2017,13.34151486625857,7.568062775089124,0.0,0.0,5.77345209116945,0.0,0.0,14.28836681470288,231.5324032970333,euro/tCO2,MtCO2
Carbone,2017,13.34151486625857,7.568062775089124,0.0,0.0,5.77345209116945,1.828568258520311,3.94488383264914,16.28506662922339,247.8174699262567,euro/tCO2,MtCO2
Carbone,2017,13.34151486625857,7.568062775089124,0.0,0.0,5.77345209116945,5.77345209116945,0.0,3.315877746679595,251.1333476729363,euro/tCO2,MtCO2
Carbone,2017,14.38625582107005,14.38625582107005,0.0,0.0,0.0,0.0,0.0,8.695812117341976,259.8291597902783,euro/tCO2,MtCO2
Carbone,2017,16.5,0.0,0.0,0.0,16.5,0.0,0.0,14.426271729,274.2554315192783,euro/tCO2,MtCO2
Carbone,2017,28.989737198124,28.989737198124,30.5,0.0,0.0,0.0,0.0,28.94594026758899,303.2013717868673,euro/tCO2,MtCO2
Carbone,2017,29.05,29.05,0.0,0.0,0.0,0.0,0.0,11.39276542371686,314.5941372105842,euro/tCO2,MtCO2
Carbone,2017,29.27645336679214,29.27645336679214,30.5,0.0,0.0,0.0,0.0,15.90356587061948,330.4977030812036,euro/tCO2,MtCO2
Carbone,2017,29.82414212025254,29.82414212025254,30.5,0.0,0.0,0.0,0.0,0.8785266850147568,331.3762297662184,euro/tCO2,MtCO2
Carbone,2017,30.57692307692307,30.57692307692307,30.5,0.0,0.0,0.0,0.0,0.1567586924069818,331.5329884586254,euro/tCO2,MtCO2
Carbone,2017,35.04990545796159,29.27645336679214,30.5,0.0,5.77345209116945,0.0,0.0,1.008138146639831,332.5411266052652,euro/tCO2,MtCO2
Carbone,2017,35.04990545796159,29.27645336679214,30.5,0.0,5.77345209116945,5.77345209116945,0.0,0.059719275120374,332.6008458803856,euro/tCO2,MtCO2
Carbone,2017,36.35037516809253,30.57692307692307,30.5,0.0,5.77345209116945,0.0,0.0,0.4010937793524891,333.0019396597381,euro/tCO2,MtCO2
Carbone,2017,36.35037516809253,30.57692307692307,30.5,0.0,5.77345209116945,5.77345209116945,0.0,0.07259284466902442,333.0745325044071,euro/tCO2,MtCO2
Carbone,2017,43.88663898197647,43.88663898197647,30.5,0.0,0.0,0.0,0.0,12.80333224374084,345.8778647481479,euro/tCO2,MtCO2
Carbone,2017,44.32068944951394,44.32068944951394,30.5,0.0,0.0,0.0,0.0,7.194682826411504,353.0725475745594,euro/tCO2,MtCO2
Carbone,2017,49.64187881854744,49.64187881854744,30.5,0.0,0.0,0.0,0.0,2.933267360477227,356.0058149350367,euro/tCO2,MtCO2
Carbone,2017,50.09414154068339,44.32068944951394,30.5,0.0,5.77345209116945,0.0,0.0,0.1152686906026883,356.1210836256394,euro/tCO2,MtCO2
Carbone,2017,50.09414154068339,44.32068944951394,30.5,0.0,5.77345209116945,5.77345209116945,0.0,0.02245809261989584,356.1435417182592,euro/tCO2,MtCO2
Carbone,2017,54.54960703623464,54.54960703623464,0.0,0.0,0.0,0.0,0.0,0.0879836365898134,356.2315253548491,euro/tCO2,MtCO2
Carbone,2017,55.41533090971689,49.64187881854744,30.5,0.0,5.77345209116945,0.0,0.0,0.07682864834958898,356.3083540031986,euro/tCO2,MtCO2
Carbone,2017,55.41533090971689,49.64187881854744,30.5,0.0,5.77345209116945,5.77345209116945,0.0,0.0162586478122584,356.3246126510109,euro/tCO2,MtCO2
Carbone,2017,56.24888173197353,56.24888173197353,30.5,0.0,0.0,0.0,0.0,2.022617084200146,358.347229735211,euro/tCO2,MtCO2
Carbone,2017,62.02233382314298,56.24888173197353,30.5,0.0,5.77345209116945,0.0,0.0,0.097429886286476,358.4446596214975,euro/tCO2,MtCO2
Carbone,2017,62.02233382314298,56.24888173197353,30.5,0.0,5.77345209116945,5.77345209116945,0.0,0.01854491408552708,358.463204535583,euro/tCO2,MtCO2
Carbone,2017,67.6791511407912,67.6791511407912,30.5,0.0,0.0,0.0,0.0,0.183135053735127,358.6463395893182,euro/tCO2,MtCO2
Carbone,2017,112.5723146657124,112.5723146657124,0.0,0.0,0.0,0.0,0.0,0.4140298253515679,359.0603694146697,euro/tCO2,MtCO2
Carbone,2017,146.0830798592473,146.0830798592473,0.0,0.0,0.0,0.0,0.0,2.41648439820336,361.4768538128731,euro/tCO2,MtCO2
Carbone,2017,150.7882370774595,150.7882370774595,30.5,0.0,0.0,0.0,0.0,0.914008486,362.3908622988731,euro/tCO2,MtCO2
Carbone,2017,154.7859946038754,154.7859946038754,0.0,0.0,0.0,0.0,0.0,0.03936465632665601,362.4302269551998,euro/tCO2,MtCO2
Carbone,2017,160.9933202123218,160.9933202123218,0.0,0.0,0.0,0.0,0.0,20.28917240626402,382.7193993614638,euro/tCO2,MtCO2
Carbone,2017,166.4377548910836,166.4377548910836,30.5,0.0,0.0,0.0,0.0,0.5601948131584702,383.2795941746222,euro/tCO2,MtCO2
Carbone,2017,197.8216138844159,197.8216138844159,30.5,0.0,0.0,0.0,0.0,2.102988018429535,385.3825821930517,euro/tCO2,MtCO2
Carbone,2017,202.8538200035785,202.8538200035785,30.5,0.0,0.0,0.0,0.0,68.04484236890835,453.4274245619601,euro/tCO2,MtCO2
Carbone,2017,209.8989085704062,209.8989085704062,30.5,0.0,0.0,0.0,0.0,7.854158816095388,461.2815833780555,euro/tCO2,MtCO2
Carbone,2017,241.1790863739288,241.1790863739288,30.5,0.0,0.0,0.0,0.0,0.444028177132721,461.7256115551882,euro/tCO2,MtCO2
Carbone,2017,242.3947923352879,242.3947923352879,30.5,0.0,0.0,0.0,0.0,0.008235456297138309,461.7338470114854,euro/tCO2,MtCO2
Carbone,2017,245.0349275667408,245.0349275667408,30.5,0.0,0.0,0.0,0.0,0.1017079527551752,461.8355549642405,euro/tCO2,MtCO2
Carbone,2017,246.1789047468949,246.1789047468949,30.5,0.0,0.0,0.0,0.0,0.03776044291617693,461.8733154071567,euro/tCO2,MtCO2
Carbone,2017,248.939867889214,248.939867889214,30.5,0.0,0.0,0.0,0.0,0.4956712566122644,462.368986663769,euro/tCO2,MtCO2
Carbone,2017,252.7988141695635,252.7988141695635,30.5,0.0,0.0,0.0,0.0,0.06917842422042723,462.4381650879894,euro/tCO2,MtCO2
Carbone,2017,274.853649758368,274.853649758368,30.5,0.0,0.0,0.0,0.0,6.671070522932318,469.1092356109217,euro/tCO2,MtCO2
Carbone,2017,276.2390983291222,276.2390983291222,30.5,0.0,0.0,0.0,0.0,0.1915513362106411,469.3007869471324,euro/tCO2,MtCO2
Carbone,2017,279.2478617137526,279.2478617137526,30.5,0.0,0.0,0.0,0.0,1.528058264126866,470.8288452112592,euro/tCO2,MtCO2
Carbone,2017,280.5515663920187,280.5515663920187,30.5,0.0,0.0,0.0,0.0,0.8782832469176849,471.7071284581769,euro/tCO2,MtCO2
Carbone,2017,283.6980282512289,283.6980282512289,30.5,0.0,0.0,0.0,0.0,11.52898978509293,483.2361182432699,euro/tCO2,MtCO2
Carbone,2017,288.0957788411416,288.0957788411416,30.5,0.0,0.0,0.0,0.0,1.609044977990352,484.8451632212602,euro/tCO2,MtCO2
Carbone,2018,0.0,0.0,0.0,0.0,0.0,0.0,0.0,123.5805386348253,123.5805386348253,euro/tCO2,MtCO2
Carbone,2018,0.5924996514707932,0.5924996514707932,0.0,0.0,0.0,0.0,0.0,0.4382407544129999,124.0187793892383,euro/tCO2,MtCO2
Carbone,2018,0.5947293447293448,0.5947293447293448,0.0,0.0,0.0,0.0,0.0,0.06240156000000004,124.0811809492383,euro/tCO2,MtCO2
Carbone,2018,3.089304257528557,3.089304257528557,0.0,0.0,0.0,0.0,0.0,0.1566793403550739,124.2378602895934,euro/tCO2,MtCO2
Carbone,2018,3.272827282728273,3.272827282728273,0.0,0.0,0.0,0.0,0.0,0.03639475997115491,124.2742550495646,euro/tCO2,MtCO2
Carbone,2018,3.494244773314541,3.494244773314541,0.0,0.0,0.0,0.0,0.0,0.6544784579012969,124.9287335074659,euro/tCO2,MtCO2
Carbone,2018,3.731656184486373,3.731656184486373,0.0,0.0,0.0,0.0,0.0,0.632024119458524,125.5607576269244,euro/tCO2,MtCO2
Carbone,2018,4.08,4.08,0.0,0.0,0.0,0.0,0.0,8.52042985997791,134.0811874869023,euro/tCO2,MtCO2
Carbone,2018,7.568062775089124,7.568062775089124,0.0,0.0,0.0,0.0,0.0,0.8465300322105589,134.9277175191129,euro/tCO2,MtCO2
Carbone,2018,7.966381868514868,7.966381868514868,7.0,0.0,0.0,0.0,0.0,0.9570868842248322,135.8848044033377,euro/tCO2,MtCO2
Carbone,2018,14.38662638468962,14.38662638468962,0.0,0.0,0.0,0.0,0.0,8.650578175395955,144.5353825787336,euro/tCO2,MtCO2
Carbone,2018,15.07848345205688,0.0,0.0,0.0,15.07848345205688,0.0,0.0,53.09472251760999,197.6301050963436,euro/tCO2,MtCO2
Carbone,2018,15.07848345205688,0.0,0.0,0.0,15.07848345205688,10.74839438367979,4.330089068377088,11.15883323878783,208.7889383351315,euro/tCO2,MtCO2
Carbone,2018,15.07848345205688,0.0,0.0,0.0,15.07848345205688,15.07848345205688,0.0,8.913396309015694,217.7023346441472,euro/tCO2,MtCO2
Carbone,2018,16.5,0.0,0.0,0.0,16.5,0.0,0.0,13.035252735,230.7375873791472,euro/tCO2,MtCO2
Carbone,2018,18.16778770958544,3.089304257528557,0.0,0.0,15.07848345205688,0.0,0.0,0.1663158631434193,230.9039032422906,euro/tCO2,MtCO2
Carbone,2018,18.16778770958544,3.089304257528557,0.0,0.0,15.07848345205688,15.07848345205688,0.0,0.03705034953078302,230.9409535918214,euro/tCO2,MtCO2
Carbone,2018,18.35131073478515,3.272827282728273,0.0,0.0,15.07848345205688,0.0,0.0,0.04386795475064831,230.984821546572,euro/tCO2,MtCO2
Carbone,2018,18.35131073478515,3.272827282728273,0.0,0.0,15.07848345205688,15.07848345205688,0.0,0.01476820958395413,230.999589756156,euro/tCO2,MtCO2
Carbone,2018,18.57272822537142,3.494244773314541,0.0,0.0,15.07848345205688,0.0,0.0,0.8357721927326044,231.8353619488886,euro/tCO2,MtCO2
Carbone,2018,18.57272822537142,3.494244773314541,0.0,0.0,15.07848345205688,15.07848345205688,0.0,0.2364573173518655,232.0718192662404,euro/tCO2,MtCO2
Carbone,2018,22.646546227146,7.568062775089124,0.0,0.0,15.07848345205688,0.0,0.0,14.36441952164671,246.4362387878871,euro/tCO2,MtCO2
Carbone,2018,22.646546227146,7.568062775089124,0.0,0.0,15.07848345205688,10.74839438367979,4.330089068377088,11.7044378017557,258.1406765896429,euro/tCO2,MtCO2
Carbone,2018,22.646546227146,7.568062775089124,0.0,0.0,15.07848345205688,15.07848345205688,0.0,5.151534256650504,263.2922108462934,euro/tCO2,MtCO2
Carbone,2018,29.05,29.05,0.0,0.0,0.0,0.0,0.0,11.11571219424336,274.4079230405367,euro/tCO2,MtCO2
Carbone,2018,29.82414212025254,29.82414212025254,30.5,0.0,0.0,0.0,0.0,0.9284720629990182,275.3363951035357,euro/tCO2,MtCO2
Carbone,2018,41.6279313528953,41.6279313528953,44.6,0.0,0.0,0.0,0.0,27.26288686294678,302.5992819664825,euro/tCO2,MtCO2
Carbone,2018,42.07245424309414,42.07245424309414,44.6,0.0,0.0,0.0,0.0,15.73568435511602,318.3349663215985,euro/tCO2,MtCO2
Carbone,2018,44.71153846153846,44.71153846153846,44.6,0.0,0.0,0.0,0.0,0.1063398106448885,318.4413061322434,euro/tCO2,MtCO2
Carbone,2018,57.15093769515102,42.07245424309414,44.6,0.0,15.07848345205688,0.0,0.0,1.110258391989244,319.5515645242327,euro/tCO2,MtCO2
Carbone,2018,57.15093769515102,42.07245424309414,44.6,0.0,15.07848345205688,15.07848345205688,0.0,0.1416100683014611,319.6931745925341,euro/tCO2,MtCO2
Carbone,2018,57.60930892239853,57.60930892239853,44.6,0.0,0.0,0.0,0.0,11.3412146024591,331.0343891949932,euro/tCO2,MtCO2
Carbone,2018,58.2244885787559,58.2244885787559,44.6,0.0,0.0,0.0,0.0,7.057706944926755,338.09209613992,euro/tCO2,MtCO2
Carbone,2018,59.79002191359534,44.71153846153846,44.6,0.0,15.07848345205688,0.0,0.0,0.3830433413756547,338.4751394812956,euro/tCO2,MtCO2
Carbone,2018,59.79002191359534,44.71153846153846,44.6,0.0,15.07848345205688,15.07848345205688,0.0,0.06421852767545677,338.5393580089711,euro/tCO2,MtCO2
Carbone,2018,62.1303121929304,62.1303121929304,44.6,0.0,0.0,0.0,0.0,2.893046527572849,341.4324045365439,euro/tCO2,MtCO2
Carbone,2018,67.6791511407912,67.6791511407912,44.6,0.0,0.0,0.0,0.0,0.1575541245377992,341.5899586610817,euro/tCO2,MtCO2
Carbone,2018,68.57830512631837,68.57830512631837,0.0,0.0,0.0,0.0,0.0,0.1363725783346807,341.7263312394164,euro/tCO2,MtCO2
Carbone,2018,70.1526808612155,70.1526808612155,44.6,0.0,0.0,0.0,0.0,2.009802333215613,343.736133572632,euro/tCO2,MtCO2
Carbone,2018,73.30297203081278,58.2244885787559,44.6,0.0,15.07848345205688,0.0,0.0,0.2656364033901775,344.0017699760222,euro/tCO2,MtCO2
Carbone,2018,73.30297203081278,58.2244885787559,44.6,0.0,15.07848345205688,15.07848345205688,0.0,0.06757616950853058,344.0693461455307,euro/tCO2,MtCO2
Carbone,2018,77.20879564498728,62.1303121929304,44.6,0.0,15.07848345205688,0.0,0.0,0.08296314835259601,344.1523092938833,euro/tCO2,MtCO2
Carbone,2018,77.20879564498728,62.1303121929304,44.6,0.0,15.07848345205688,15.07848345205688,0.0,0.02254495703912817,344.1748542509225,euro/tCO2,MtCO2
Carbone,2018,85.23116431327239,70.1526808612155,44.6,0.0,15.07848345205688,0.0,0.0,0.1000993719496346,344.2749536228721,euro/tCO2,MtCO2
Carbone,2018,85.23116431327239,70.1526808612155,44.6,0.0,15.07848345205688,15.07848345205688,0.0,0.01627556438685608,344.2912291872589,euro/tCO2,MtCO2
Carbone,2018,112.5723146657124,112.5723146657124,0.0,0.0,0.0,0.0,0.0,0.4256953767141119,344.7169245639731,euro/tCO2,MtCO2
Carbone,2018,146.0830798592473,146.0830798592473,0.0,0.0,0.0,0.0,0.0,2.417307914729088,347.1342324787021,euro/tCO2,MtCO2
Carbone,2018,150.7882370774595,150.7882370774595,44.6,0.0,0.0,0.0,0.0,0.9752880273562,348.1095205060583,euro/tCO2,MtCO2
Carbone,2018,154.7859946038754,154.7859946038754,0.0,0.0,0.0,0.0,0.0,0.04437596048179202,348.1538964665401,euro/tCO2,MtCO2
Carbone,2018,160.9933202123218,160.9933202123218,0.0,0.0,0.0,0.0,0.0,21.43006540867157,369.5839618752117,euro/tCO2,MtCO2
Carbone,2018,180.6003525834321,180.6003525834321,44.6,0.0,0.0,0.0,0.0,0.5226842598917388,370.1066461351035,euro/tCO2,MtCO2
Carbone,2018,221.4170692431562,221.4170692431562,44.6,0.0,0.0,0.0,0.0,1.995847403829859,372.1024935389333,euro/tCO2,MtCO2
Carbone,2018,225.4428341384863,225.4428341384863,44.6,0.0,0.0,0.0,0.0,9.812267688296414,381.9147612272297,euro/tCO2,MtCO2
Carbone,2018,226.4492753623189,226.4492753623189,44.6,0.0,0.0,0.0,0.0,53.61178586426486,435.5265470914946,euro/tCO2,MtCO2
Carbone,2018,233.4943639291466,233.4943639291466,44.6,0.0,0.0,0.0,0.0,7.399261667102449,442.925808758597,euro/tCO2,MtCO2
Carbone,2018,252.9896421845575,252.9896421845575,44.6,0.0,0.0,0.0,0.0,0.07945319709887991,443.0052619556959,euro/tCO2,MtCO2
Carbone,2018,253.5546139359699,253.5546139359699,44.6,0.0,0.0,0.0,0.0,0.4186642843318059,443.4239262400277,euro/tCO2,MtCO2
Carbone,2018,254.576943771859,254.576943771859,44.6,0.0,0.0,0.0,0.0,0.008501183494682173,443.4324274235224,euro/tCO2,MtCO2
Carbone,2018,257.4152542372882,257.4152542372882,44.6,0.0,0.0,0.0,0.0,0.1087088896465278,443.5411363131689,euro/tCO2,MtCO2
Carbone,2018,258.3602367500673,258.3602367500673,44.6,0.0,0.0,0.0,0.0,0.03732293507861914,443.5784592482476,euro/tCO2,MtCO2
Carbone,2018,260.5562281409739,260.5562281409739,44.6,0.0,0.0,0.0,0.0,0.07386877447028564,443.6523280227178,euro/tCO2,MtCO2
Carbone,2018,261.1211998923864,261.1211998923864,44.6,0.0,0.0,0.0,0.0,0.3864823947111085,444.0388104174289,euro/tCO2,MtCO2
Carbone,2018,264.9818401937047,264.9818401937047,44.6,0.0,0.0,0.0,0.0,0.06548463219730466,444.1042950496262,euro/tCO2,MtCO2
Carbone,2018,288.3132511650724,288.3132511650724,44.6,0.0,0.0,0.0,0.0,1.229419652856117,445.3337147024824,euro/tCO2,MtCO2
Carbone,2018,288.9571069413785,288.9571069413785,44.6,0.0,0.0,0.0,0.0,6.478205004965365,451.8119197074477,euro/tCO2,MtCO2
Carbone,2018,290.1221792985038,290.1221792985038,44.6,0.0,0.0,0.0,0.0,0.2036482497208075,452.0155679571685,euro/tCO2,MtCO2
Carbone,2018,293.3567880794702,293.3567880794702,44.6,0.0,0.0,0.0,0.0,1.682107835198644,453.6976757923672,euro/tCO2,MtCO2
Carbone,2018,294.4337135148393,294.4337135148393,44.6,0.0,0.0,0.0,0.0,0.8940814426554478,454.5917572350226,euro/tCO2,MtCO2
Carbone,2018,296.9363195977434,296.9363195977434,44.6,0.0,0.0,0.0,0.0,1.769547338826987,456.3613045738496,euro/tCO2,MtCO2
Carbone,2018,297.5801753740496,297.5801753740496,44.6,0.0,0.0,0.0,0.0,9.25829483389666,465.6195994077463,euro/tCO2,MtCO2
Carbone,2018,301.9798565121413,301.9798565121413,44.6,0.0,0.0,0.0,0.0,1.568702844602051,467.1883022523483,euro/tCO2,MtCO2
Carbone,2019,0.0,0.0,0.0,0.0,0.0,0.0,0.0,124.2245979317258,124.2245979317258,euro/tCO2,MtCO2
Carbone,2019,0.5924996514707932,0.5924996514707932,0.0,0.0,0.0,0.0,0.0,0.4410641691539999,124.6656621008798,euro/tCO2,MtCO2
Carbone,2019,0.5947293447293448,0.5947293447293448,0.0,0.0,0.0,0.0,0.0,0.06240156000000004,124.7280636608798,euro/tCO2,MtCO2
Carbone,2019,3.089304257528557,3.089304257528557,0.0,0.0,0.0,0.0,0.0,0.1565720306049073,124.8846356914847,euro/tCO2,MtCO2
Carbone,2019,3.272827282728273,3.272827282728273,0.0,0.0,0.0,0.0,0.0,0.03054577618763151,124.9151814676724,euro/tCO2,MtCO2
Carbone,2019,3.494244773314541,3.494244773314541,0.0,0.0,0.0,0.0,0.0,0.4521263191499276,125.3673077868223,euro/tCO2,MtCO2
Carbone,2019,3.731656184486373,3.731656184486373,0.0,0.0,0.0,0.0,0.0,0.6922849276981196,126.0595927145204,euro/tCO2,MtCO2
Carbone,2019,4.08,4.08,0.0,0.0,0.0,0.0,0.0,8.52042985997791,134.5800225744983,euro/tCO2,MtCO2
Carbone,2019,7.568062775089124,7.568062775089124,0.0,0.0,0.0,0.0,0.0,1.028541353739679,135.608563928238,euro/tCO2,MtCO2
Carbone,2019,7.966381868514868,7.966381868514868,7.0,0.0,0.0,0.0,0.0,1.132787240839507,136.7413511690775,euro/tCO2,MtCO2
Carbone,2019,14.38664935624113,14.38664935624113,0.0,0.0,0.0,0.0,0.0,8.73265783059338,145.4740089996709,euro/tCO2,MtCO2
Carbone,2019,16.5,0.0,0.0,0.0,16.5,0.0,0.0,11.327044113,156.8010531126709,euro/tCO2,MtCO2
Carbone,2019,24.64612497422322,0.0,0.0,0.0,24.64612497422322,0.0,0.0,48.16323002615697,204.9642831388279,euro/tCO2,MtCO2
Carbone,2019,24.64612497422322,0.0,0.0,0.0,24.64612497422322,13.33726238518056,11.30886258904266,3.189936213917423,208.1542193527453,euro/tCO2,MtCO2
Carbone,2019,24.64612497422322,0.0,0.0,0.0,24.64612497422322,24.64612497422322,0.0,11.79407463236047,219.9482939851057,euro/tCO2,MtCO2
Carbone,2019,26.89922011787652,26.89922011787652,14.27802993722839,0.0,0.0,0.0,0.0,1.828753711858543,221.7770476969643,euro/tCO2,MtCO2
Carbone,2019,27.19601677148847,27.19601677148847,14.27802993722839,0.0,0.0,0.0,0.0,1.099111073540242,222.8761587705045,euro/tCO2,MtCO2
Carbone,2019,27.73542923175178,3.089304257528557,0.0,0.0,24.64612497422322,0.0,0.0,0.1444924294937762,223.0206511999983,euro/tCO2,MtCO2
Carbone,2019,27.73542923175178,3.089304257528557,0.0,0.0,24.64612497422322,24.64612497422322,0.0,0.03153459068370846,223.052185790682,euro/tCO2,MtCO2
Carbone,2019,27.9189522569515,3.272827282728273,0.0,0.0,24.64612497422322,0.0,0.0,0.02508469714782209,223.0772704878298,euro/tCO2,MtCO2
Carbone,2019,27.9189522569515,3.272827282728273,0.0,0.0,24.64612497422322,24.64612497422322,0.0,0.009413362673126308,223.086683850503,euro/tCO2,MtCO2
Carbone,2019,28.14036974753776,3.494244773314541,0.0,0.0,24.64612497422322,0.0,0.0,0.4103873049672403,223.4970711554702,euro/tCO2,MtCO2
Carbone,2019,28.14036974753776,3.494244773314541,0.0,0.0,24.64612497422322,24.64612497422322,0.0,0.106264596232826,223.603335751703,euro/tCO2,MtCO2
Carbone,2019,29.05,29.05,0.0,0.0,0.0,0.0,0.0,11.71971234983276,235.3230481015358,euro/tCO2,MtCO2
Carbone,2019,29.82414212025254,29.82414212025254,30.5,0.0,0.0,0.0,0.0,0.8985051524908741,236.2215532540267,euro/tCO2,MtCO2
Carbone,2019,32.21418774931234,7.568062775089124,0.0,0.0,24.64612497422322,0.0,0.0,12.5361570601113,248.757710314138,euro/tCO2,MtCO2
Carbone,2019,32.21418774931234,7.568062775089124,0.0,0.0,24.64612497422322,13.33726238518056,11.30886258904266,5.829538485406403,254.5872487995444,euro/tCO2,MtCO2
Carbone,2019,32.21418774931234,7.568062775089124,0.0,0.0,24.64612497422322,24.64612497422322,0.0,12.96385280068436,267.5511016002287,euro/tCO2,MtCO2
Carbone,2019,41.61330745944885,41.61330745944885,44.6,0.0,0.0,0.0,0.0,26.83463185065679,294.3857334508855,euro/tCO2,MtCO2
Carbone,2019,42.07245424309414,42.07245424309414,44.6,0.0,0.0,0.0,0.0,15.70485435371064,310.0905878045962,euro/tCO2,MtCO2
Carbone,2019,44.71153846153846,44.71153846153846,44.6,0.0,0.0,0.0,0.0,0.1094750746580007,310.2000628792542,euro/tCO2,MtCO2
Carbone,2019,51.84214174571169,27.19601677148847,14.27802993722839,0.0,24.64612497422322,0.0,0.0,0.3807592913273017,310.5808221705814,euro/tCO2,MtCO2
Carbone,2019,51.84214174571169,27.19601677148847,14.27802993722839,0.0,24.64612497422322,24.64612497422322,0.0,0.07570701818338751,310.6565291887649,euro/tCO2,MtCO2
Carbone,2019,57.58907077056574,57.58907077056574,44.6,0.0,0.0,0.0,0.0,10.61147321082708,321.2680023995919,euro/tCO2,MtCO2
Carbone,2019,58.2244885787559,58.2244885787559,44.6,0.0,0.0,0.0,0.0,6.715215157434865,327.9832175570268,euro/tCO2,MtCO2
Carbone,2019,61.78133862114272,61.78133862114272,44.6,0.0,0.0,0.0,0.0,2.946240421724097,330.9294579787509,euro/tCO2,MtCO2
Carbone,2019,66.71857921731737,42.07245424309414,44.6,0.0,24.64612497422322,0.0,0.0,0.8106472730116058,331.7401052517625,euro/tCO2,MtCO2
Carbone,2019,66.71857921731737,42.07245424309414,44.6,0.0,24.64612497422322,24.64612497422322,0.0,0.07816563097973554,331.8182708827422,euro/tCO2,MtCO2
Carbone,2019,68.57830512631837,68.57830512631837,0.0,0.0,0.0,0.0,0.0,0.2540322870588434,332.072303169801,euro/tCO2,MtCO2
Carbone,2019,69.35766343576168,44.71153846153846,44.6,0.0,24.64612497422322,0.0,0.0,0.217974709655796,332.2902778794569,euro/tCO2,MtCO2
Carbone,2019,69.35766343576168,44.71153846153846,44.6,0.0,24.64612497422322,24.64612497422322,0.0,0.03220472682420356,332.3224826062811,euro/tCO2,MtCO2
Carbone,2019,70.1526808612155,70.1526808612155,44.6,0.0,0.0,0.0,0.0,1.997221325399754,334.3197039316808,euro/tCO2,MtCO2
Carbone,2019,82.87061355297912,58.2244885787559,44.6,0.0,24.64612497422322,0.0,0.0,0.2201852264685244,334.5398891581493,euro/tCO2,MtCO2
Carbone,2019,82.87061355297912,58.2244885787559,44.6,0.0,24.64612497422322,24.64612497422322,0.0,0.05787994553405672,334.5977691036834,euro/tCO2,MtCO2
Carbone,2019,84.94758909853249,84.94758909853249,44.6,0.0,0.0,0.0,0.0,0.1505528499599004,334.7483219536433,euro/tCO2,MtCO2
Carbone,2019,86.42746359536594,61.78133862114272,44.6,0.0,24.64612497422322,0.0,0.0,0.07678391123429455,334.8251058648776,euro/tCO2,MtCO2
Carbone,2019,86.42746359536594,61.78133862114272,44.6,0.0,24.64612497422322,24.64612497422322,0.0,0.02346068059670036,334.8485665454743,euro/tCO2,MtCO2
Carbone,2019,94.79880583543873,70.1526808612155,44.6,0.0,24.64612497422322,0.0,0.0,0.1331802331080847,334.9817467785824,euro/tCO2,MtCO2
Carbone,2019,94.79880583543873,70.1526808612155,44.6,0.0,24.64612497422322,24.64612497422322,0.0,0.01830276211292792,335.0000495406953,euro/tCO2,MtCO2
Carbone,2019,112.5723146657124,112.5723146657124,0.0,0.0,0.0,0.0,0.0,0.3945237781576319,335.394573318853,euro/tCO2,MtCO2
Carbone,2019,146.0830798592473,146.0830798592473,0.0,0.0,0.0,0.0,0.0,2.16296494822656,337.5575382670795,euro/tCO2,MtCO2
Carbone,2019,150.7882370774595,150.7882370774595,44.6,0.0,0.0,0.0,0.0,0.952538671315,338.5100769383945,euro/tCO2,MtCO2
Carbone,2019,154.7859946038754,154.7859946038754,0.0,0.0,0.0,0.0,0.0,0.04190441621657601,338.5519813546111,euro/tCO2,MtCO2
Carbone,2019,160.9933202123218,160.9933202123218,0.0,0.0,0.0,0.0,0.0,20.71817084915495,359.270152203766,euro/tCO2,MtCO2
Carbone,2019,180.5369076745275,180.5369076745275,44.6,0.0,0.0,0.0,0.0,0.5446638000820995,359.8148160038481,euro/tCO2,MtCO2
Carbone,2019,221.4170692431562,221.4170692431562,44.6,0.0,0.0,0.0,0.0,2.046806401415776,361.8616224052639,euro/tCO2,MtCO2
Carbone,2019,225.4428341384863,225.4428341384863,44.6,0.0,0.0,0.0,0.0,9.685681850854381,371.5473042561183,euro/tCO2,MtCO2
Carbone,2019,226.4492753623189,226.4492753623189,44.6,0.0,0.0,0.0,0.0,52.69523627751578,424.2425405336341,euro/tCO2,MtCO2
Carbone,2019,233.4943639291466,233.4943639291466,44.6,0.0,0.0,0.0,0.0,7.168738764665783,431.4112792982999,euro/tCO2,MtCO2
Carbone,2019,252.9896421845575,252.9896421845575,44.6,0.0,0.0,0.0,0.0,0.068080647537154,431.479359945837,euro/tCO2,MtCO2
Carbone,2019,253.5546139359699,253.5546139359699,44.6,0.0,0.0,0.0,0.0,0.361711184063786,431.8410711299008,euro/tCO2,MtCO2
Carbone,2019,254.576943771859,254.576943771859,44.6,0.0,0.0,0.0,0.0,0.006354880127557196,431.8474260100284,euro/tCO2,MtCO2
Carbone,2019,257.4152542372882,257.4152542372882,44.6,0.0,0.0,0.0,0.0,0.08594390180001497,431.9333699118284,euro/tCO2,MtCO2
Carbone,2019,258.3602367500673,258.3602367500673,44.6,0.0,0.0,0.0,0.0,0.0282040687087234,431.9615739805371,euro/tCO2,MtCO2
Carbone,2019,260.5562281409739,260.5562281409739,44.6,0.0,0.0,0.0,0.0,0.0509337666027314,432.0125077471398,euro/tCO2,MtCO2
Carbone,2019,261.1211998923864,261.1211998923864,44.6,0.0,0.0,0.0,0.0,0.2615035219802913,432.2740112691201,euro/tCO2,MtCO2
Carbone,2019,264.9818401937047,264.9818401937047,44.6,0.0,0.0,0.0,0.0,0.04611025375965642,432.3201215228798,euro/tCO2,MtCO2
Carbone,2019,288.3132511650724,288.3132511650724,44.6,0.0,0.0,0.0,0.0,1.487832922087545,433.8079544449673,euro/tCO2,MtCO2
Carbone,2019,288.9571069413785,288.9571069413785,44.6,0.0,0.0,0.0,0.0,7.904827985716095,441.7127824306834,euro/tCO2,MtCO2
Carbone,2019,290.1221792985038,290.1221792985038,44.6,0.0,0.0,0.0,0.0,0.2150058947519253,441.9277883254354,euro/tCO2,MtCO2
Carbone,2019,293.3567880794702,293.3567880794702,44.6,0.0,0.0,0.0,0.0,1.87821607426601,443.8060043997014,euro/tCO2,MtCO2
Carbone,2019,294.4337135148393,294.4337135148393,44.6,0.0,0.0,0.0,0.0,0.9542337395268631,444.7602381392282,euro/tCO2,MtCO2
Carbone,2019,296.9363195977434,296.9363195977434,44.6,0.0,0.0,0.0,0.0,1.723252027055239,446.4834901662834,euro/tCO2,MtCO2
Carbone,2019,297.5801753740496,297.5801753740496,44.6,0.0,0.0,0.0,0.0,8.847499495756026,455.3309896620395,euro/tCO2,MtCO2
Carbone,2019,301.9798565121413,301.9798565121413,44.6,0.0,0.0,0.0,0.0,1.560057179338829,456.8910468413783,euro/tCO2,MtCO2
Carbone,2020,0.0,0.0,0.0,0.0,0.0,0.0,0.0,107.1847420208408,107.1847420208408,euro/tCO2,MtCO2
Carbone,2020,0.5924996514707932,0.5924996514707932,0.0,0.0,0.0,0.0,0.0,0.4411489253219998,107.6258909461628,euro/tCO2,MtCO2
Carbone,2020,0.5947293447293448,0.5947293447293448,0.0,0.0,0.0,0.0,0.0,0.06240156000000004,107.6882925061628,euro/tCO2,MtCO2
Carbone,2020,3.089304257528557,3.089304257528557,0.0,0.0,0.0,0.0,0.0,0.1644968756301877,107.852789381793,euro/tCO2,MtCO2
Carbone,2020,3.272827282728273,3.272827282728273,0.0,0.0,0.0,0.0,0.0,0.02928272543770565,107.8820721072307,euro/tCO2,MtCO2
Carbone,2020,3.494244773314541,3.494244773314541,0.0,0.0,0.0,0.0,0.0,0.4530963560517542,108.3351684632824,euro/tCO2,MtCO2
Carbone,2020,3.731656184486373,3.731656184486373,0.0,0.0,0.0,0.0,0.0,0.7062166291270148,109.0413850924094,euro/tCO2,MtCO2
Carbone,2020,4.08,4.08,0.0,0.0,0.0,0.0,0.0,8.52042985997791,117.5618149523874,euro/tCO2,MtCO2
Carbone,2020,7.568062775089124,7.568062775089124,0.0,0.0,0.0,0.0,0.0,0.9532000654600853,118.5150150178474,euro/tCO2,MtCO2
Carbone,2020,7.966381868514868,7.966381868514868,7.0,0.0,0.0,0.0,0.0,2.942375304687992,121.4573903225354,euro/tCO2,MtCO2
Carbone,2020,14.3866765472155,14.3866765472155,0.0,0.0,0.0,0.0,0.0,8.815910180288931,130.2733005028244,euro/tCO2,MtCO2
Carbone,2020,16.5,0.0,0.0,0.0,16.5,0.0,0.0,10.080836181,140.3541366838244,euro/tCO2,MtCO2
Carbone,2020,24.95250088370974,0.0,0.0,0.0,24.95250088370974,0.0,0.0,42.69204305166904,183.0461797354934,euro/tCO2,MtCO2
Carbone,2020,24.95250088370974,0.0,0.0,0.0,24.95250088370974,6.467907153042322,18.48459373066742,5.059977152250742,188.1061568877441,euro/tCO2,MtCO2
Carbone,2020,24.95250088370974,0.0,0.0,0.0,24.95250088370974,24.95250088370974,0.0,3.873810288793518,191.9799671765377,euro/tCO2,MtCO2
Carbone,2020,26.88370693358569,26.88370693358569,14.27802993722839,0.0,0.0,0.0,0.0,1.753552767576738,193.7335199441144,euro/tCO2,MtCO2
Carbone,2020,27.19601677148847,27.19601677148847,14.27802993722839,0.0,0.0,0.0,0.0,0.9452141905076311,194.678734134622,euro/tCO2,MtCO2
Carbone,2020,28.0418051412383,3.089304257528557,0.0,0.0,24.95250088370974,0.0,0.0,0.1455402227602293,194.8242743573823,euro/tCO2,MtCO2
Carbone,2020,28.0418051412383,3.089304257528557,0.0,0.0,24.95250088370974,24.95250088370974,0.0,0.01327002171528628,194.8375443790975,euro/tCO2,MtCO2
Carbone,2020,28.22532816643801,3.272827282728273,0.0,0.0,24.95250088370974,0.0,0.0,0.03114645751242406,194.86869083661,euro/tCO2,MtCO2
Carbone,2020,28.22532816643801,3.272827282728273,0.0,0.0,24.95250088370974,24.95250088370974,0.0,0.007607886826226187,194.8762987234362,euro/tCO2,MtCO2
Carbone,2020,28.44674565702428,3.494244773314541,0.0,0.0,24.95250088370974,0.0,0.0,0.4984212838443305,195.3747200072805,euro/tCO2,MtCO2
Carbone,2020,28.44674565702428,3.494244773314541,0.0,0.0,24.95250088370974,24.95250088370974,0.0,0.08422496490048648,195.458944972181,euro/tCO2,MtCO2
Carbone,2020,29.05,29.05,0.0,0.0,0.0,0.0,0.0,11.7320948473617,207.1910398195427,euro/tCO2,MtCO2
Carbone,2020,29.82414212025254,29.82414212025254,30.5,0.0,0.0,0.0,0.0,0.8845391431476308,208.0755789626903,euro/tCO2,MtCO2
Carbone,2020,32.52056365879886,7.568062775089124,0.0,0.0,24.95250088370974,0.0,0.0,12.58859888262269,220.664177845313,euro/tCO2,MtCO2
Carbone,2020,32.52056365879886,7.568062775089124,0.0,0.0,24.95250088370974,6.467907153042322,18.48459373066742,9.330385107033583,229.9945629523466,euro/tCO2,MtCO2
Carbone,2020,32.52056365879886,7.568062775089124,0.0,0.0,24.95250088370974,24.95250088370974,0.0,7.427761307119388,237.422324259466,euro/tCO2,MtCO2
Carbone,2020,41.5893084399702,41.5893084399702,44.6,0.0,0.0,0.0,0.0,25.40930477451472,262.8316290339807,euro/tCO2,MtCO2
Carbone,2020,42.07245424309414,42.07245424309414,44.6,0.0,0.0,0.0,0.0,13.92177831426827,276.753407348249,euro/tCO2,MtCO2
Carbone,2020,44.71153846153846,44.71153846153846,44.6,0.0,0.0,0.0,0.0,0.1211700476812415,276.8745773959303,euro/tCO2,MtCO2
Carbone,2020,52.14851765519821,27.19601677148847,14.27802993722839,0.0,24.95250088370974,0.0,0.0,0.3667073318764991,277.2412847278067,euro/tCO2,MtCO2
Carbone,2020,52.14851765519821,27.19601677148847,14.27802993722839,0.0,24.95250088370974,24.95250088370974,0.0,0.04511044763856239,277.2863951754453,euro/tCO2,MtCO2
Carbone,2020,57.5558582884162,57.5558582884162,44.6,0.0,0.0,0.0,0.0,10.17856434834388,287.4649595237892,euro/tCO2,MtCO2
Carbone,2020,58.2244885787559,58.2244885787559,44.6,0.0,0.0,0.0,0.0,6.936859748286339,294.4018192720755,euro/tCO2,MtCO2
Carbone,2020,62.29980693848265,62.29980693848265,44.6,0.0,0.0,0.0,0.0,2.970465273425149,297.3722845455007,euro/tCO2,MtCO2
Carbone,2020,67.02495512680389,42.07245424309414,44.6,0.0,24.95250088370974,0.0,0.0,0.9284788071500545,298.3007633526507,euro/tCO2,MtCO2
Carbone,2020,67.02495512680389,42.07245424309414,44.6,0.0,24.95250088370974,24.95250088370974,0.0,0.02740687597065802,298.3281702286214,euro/tCO2,MtCO2
Carbone,2020,68.57830512631837,68.57830512631837,0.0,0.0,0.0,0.0,0.0,0.2645913738776952,298.5927616024991,euro/tCO2,MtCO2
Carbone,2020,69.6640393452482,44.71153846153846,44.6,0.0,24.95250088370974,0.0,0.0,0.1393260236049982,298.7320876261041,euro/tCO2,MtCO2
Carbone,2020,69.6640393452482,44.71153846153846,44.6,0.0,24.95250088370974,24.95250088370974,0.0,0.01499206162791214,298.747079687732,euro/tCO2,MtCO2
Carbone,2020,70.1526808612155,70.1526808612155,44.6,0.0,0.0,0.0,0.0,2.03994402923804,300.78702371697,euro/tCO2,MtCO2
Carbone,2020,83.17698946246563,58.2244885787559,44.6,0.0,24.95250088370974,0.0,0.0,0.217398225526184,301.0044219424962,euro/tCO2,MtCO2
Carbone,2020,83.17698946246563,58.2244885787559,44.6,0.0,24.95250088370974,24.95250088370974,0.0,0.03304848872072966,301.0374704312169,euro/tCO2,MtCO2
Carbone,2020,84.94758909853249,84.94758909853249,44.6,0.0,0.0,0.0,0.0,0.1063955956880764,301.143866026905,euro/tCO2,MtCO2
Carbone,2020,87.25230782219239,62.29980693848265,44.6,0.0,24.95250088370974,0.0,0.0,0.07028825569164524,301.2141542825967,euro/tCO2,MtCO2
Carbone,2020,87.25230782219239,62.29980693848265,44.6,0.0,24.95250088370974,24.95250088370974,0.0,0.01372761450165036,301.2278818970983,euro/tCO2,MtCO2
Carbone,2020,95.10518174492523,70.1526808612155,44.6,0.0,24.95250088370974,0.0,0.0,0.1264167084209108,301.3542986055192,euro/tCO2,MtCO2
Carbone,2020,95.10518174492523,70.1526808612155,44.6,0.0,24.95250088370974,24.95250088370974,0.0,0.00519248417450689,301.3594910896937,euro/tCO2,MtCO2
Carbone,2020,112.5723146657124,112.5723146657124,0.0,0.0,0.0,0.0,0.0,0.4065951968876159,301.7660862865814,euro/tCO2,MtCO2
Carbone,2020,146.0830798592473,146.0830798592473,0.0,0.0,0.0,0.0,0.0,1.990790748624384,303.7568770352057,euro/tCO2,MtCO2
Carbone,2020,150.7882370774595,150.7882370774595,44.6,0.0,0.0,0.0,0.0,0.8607848263342001,304.6176618615399,euro/tCO2,MtCO2
Carbone,2020,154.7859946038754,154.7859946038754,0.0,0.0,0.0,0.0,0.0,0.04500995630080001,304.6626718178407,euro/tCO2,MtCO2
Carbone,2020,168.4484403888591,168.4484403888591,0.0,0.0,0.0,0.0,0.0,21.11078370029938,325.7734555181401,euro/tCO2,MtCO2
Carbone,2020,180.4327893280557,180.4327893280557,44.6,0.0,0.0,0.0,0.0,0.500168779842464,326.2736242979826,euro/tCO2,MtCO2
Carbone,2020,221.4170692431562,221.4170692431562,44.6,0.0,0.0,0.0,0.0,1.695674999972749,327.9692992979553,euro/tCO2,MtCO2
Carbone,2020,225.4428341384863,225.4428341384863,44.6,0.0,0.0,0.0,0.0,7.857307284273704,335.826606582229,euro/tCO2,MtCO2
Carbone,2020,226.4492753623189,226.4492753623189,44.6,0.0,0.0,0.0,0.0,42.76537596607028,378.5919825482993,euro/tCO2,MtCO2
Carbone,2020,233.4943639291466,233.4943639291466,44.6,0.0,0.0,0.0,0.0,5.825860055176566,384.4178426034759,euro/tCO2,MtCO2
Carbone,2020,252.9896421845575,252.9896421845575,44.6,0.0,0.0,0.0,0.0,0.08406078139840474,384.5019033848743,euro/tCO2,MtCO2
Carbone,2020,253.5546139359699,253.5546139359699,44.6,0.0,0.0,0.0,0.0,0.4462504216975556,384.9481538065718,euro/tCO2,MtCO2
Carbone,2020,254.576943771859,254.576943771859,44.6,0.0,0.0,0.0,0.0,0.007353481338895706,384.9555072879107,euro/tCO2,MtCO2
Carbone,2020,257.4152542372882,257.4152542372882,44.6,0.0,0.0,0.0,0.0,0.1069719455674006,385.0624792334781,euro/tCO2,MtCO2
Carbone,2020,258.3602367500673,258.3602367500673,44.6,0.0,0.0,0.0,0.0,0.03529304753210605,385.0977722810102,euro/tCO2,MtCO2
Carbone,2020,260.5562281409739,260.5562281409739,44.6,0.0,0.0,0.0,0.0,0.05933846207361857,385.1571107430838,euro/tCO2,MtCO2
Carbone,2020,261.1211998923864,261.1211998923864,44.6,0.0,0.0,0.0,0.0,0.3051807710823124,385.4622915141662,euro/tCO2,MtCO2
Carbone,2020,264.9818401937047,264.9818401937047,44.6,0.0,0.0,0.0,0.0,0.05361843116423835,385.5159099453304,euro/tCO2,MtCO2
Carbone,2020,288.3132511650724,288.3132511650724,44.6,0.0,0.0,0.0,0.0,1.307284293341925,386.8231942386723,euro/tCO2,MtCO2
Carbone,2020,288.9571069413785,288.9571069413785,44.6,0.0,0.0,0.0,0.0,6.939932718654172,393.7631269573265,euro/tCO2,MtCO2
Carbone,2020,290.1221792985038,290.1221792985038,44.6,0.0,0.0,0.0,0.0,0.1770443749041529,393.9401713322306,euro/tCO2,MtCO2
Carbone,2020,293.3567880794702,293.3567880794702,44.6,0.0,0.0,0.0,0.0,1.663590820143674,395.6037621523743,euro/tCO2,MtCO2
Carbone,2020,294.4337135148393,294.4337135148393,44.6,0.0,0.0,0.0,0.0,0.8497248107142974,396.4534869630886,euro/tCO2,MtCO2
Carbone,2020,296.9363195977434,296.9363195977434,44.6,0.0,0.0,0.0,0.0,1.428648614368447,397.8821355774571,euro/tCO2,MtCO2
Carbone,2020,297.5801753740496,297.5801753740496,44.6,0.0,0.0,0.0,0.0,7.347613512425029,405.2297490898821,euro/tCO2,MtCO2
Carbone,2020,301.9798565121413,301.9798565121413,44.6,0.0,0.0,0.0,0.0,1.290931626983566,406.5206807168657,euro/tCO2,MtCO2
Carbone,2021,0.0,0.0,0.0,0.0,0.0,0.0,0.0,109.2866863675631,109.2866863675631,euro/tCO2,MtCO2
Carbone,2021,0.5924996514707932,0.5924996514707932,0.0,0.0,0.0,0.0,0.0,0.5250612974670003,109.8117476650302,euro/tCO2,MtCO2
Carbone,2021,0.5947293447293448,0.5947293447293448,0.0,0.0,0.0,0.0,0.0,0.06240156000000004,109.8741492250302,euro/tCO2,MtCO2
Carbone,2021,3.089304257528557,3.089304257528557,0.0,0.0,0.0,0.0,0.0,0.1198421567932351,109.9939913818234,euro/tCO2,MtCO2
Carbone,2021,3.272827282728273,3.272827282728273,0.0,0.0,0.0,0.0,0.0,0.02515499203020039,110.0191463738536,euro/tCO2,MtCO2
Carbone,2021,3.494244773314541,3.494244773314541,0.0,0.0,0.0,0.0,0.0,0.5716322852981913,110.5907786591518,euro/tCO2,MtCO2
Carbone,2021,3.731656184486373,3.731656184486373,0.0,0.0,0.0,0.0,0.0,0.7064863497562452,111.297265008908,euro/tCO2,MtCO2
Carbone,2021,4.08,4.08,0.0,0.0,0.0,0.0,0.0,8.52042985997791,119.8176948688859,euro/tCO2,MtCO2
Carbone,2021,7.568062775089124,7.568062775089124,0.0,0.0,0.0,0.0,0.0,0.9012629297817872,120.7189577986677,euro/tCO2,MtCO2
Carbone,2021,7.966381868514868,7.966381868514868,7.0,0.0,0.0,0.0,0.0,1.844872847102772,122.5638306457705,euro/tCO2,MtCO2
Carbone,2021,14.38669464094628,14.38669464094628,0.0,0.0,0.0,0.0,0.0,8.911731272459756,131.4755619182303,euro/tCO2,MtCO2
Carbone,2021,16.5,0.0,0.0,0.0,16.5,0.0,0.0,8.910962271,140.3865241892302,euro/tCO2,MtCO2
Carbone,2021,26.04011073270798,26.04011073270798,30.5,0.0,0.0,0.0,0.0,1.188378336756294,141.5749025259865,euro/tCO2,MtCO2
Carbone,2021,26.90204090081549,26.90204090081549,14.27802993722839,0.0,0.0,0.0,0.0,2.000448529168481,143.575351055155,euro/tCO2,MtCO2
Carbone,2021,27.19601677148847,27.19601677148847,14.27802993722839,0.0,0.0,0.0,0.0,0.974936910084326,144.5502879652393,euro/tCO2,MtCO2
Carbone,2021,29.05,29.05,0.0,0.0,0.0,0.0,0.0,11.03487812835728,155.5851660935966,euro/tCO2,MtCO2
Carbone,2021,29.20506501867794,41.51916786922461,44.6,-12.31410285054668,0.0,0.0,0.0,27.91233778330401,183.4975038769007,euro/tCO2,MtCO2
Carbone,2021,41.9728744697377,41.9728744697377,44.6,0.0,0.0,0.0,0.0,16.53362824470774,200.0311321216084,euro/tCO2,MtCO2
Carbone,2021,44.71153846153846,44.71153846153846,44.6,0.0,0.0,0.0,0.0,0.1454223637574961,200.1765544853659,euro/tCO2,MtCO2
Carbone,2021,52.93458882840382,0.0,0.0,0.0,52.93458882840382,0.0,0.0,40.8738781023274,241.0504325876933,euro/tCO2,MtCO2
Carbone,2021,52.93458882840382,0.0,0.0,0.0,52.93458882840382,34.22021316562152,18.7143756627823,8.628527505846563,249.6789600935398,euro/tCO2,MtCO2
Carbone,2021,52.93458882840382,0.0,0.0,0.0,52.93458882840382,52.93458882840382,0.0,7.763599143877744,257.4425592374176,euro/tCO2,MtCO2
Carbone,2021,56.02389308593237,3.089304257528557,0.0,0.0,52.93458882840382,0.0,0.0,0.1112938033823269,257.5538530407999,euro/tCO2,MtCO2
Carbone,2021,56.02389308593237,3.089304257528557,0.0,0.0,52.93458882840382,52.93458882840382,0.0,0.03228509920997513,257.5861381400099,euro/tCO2,MtCO2
Carbone,2021,56.20741611113209,3.272827282728273,0.0,0.0,52.93458882840382,0.0,0.0,0.01976576587523684,257.6059039058851,euro/tCO2,MtCO2
Carbone,2021,56.20741611113209,3.272827282728273,0.0,0.0,52.93458882840382,52.93458882840382,0.0,0.01036503048802677,257.6162689363732,euro/tCO2,MtCO2
Carbone,2021,56.42883360171836,3.494244773314541,0.0,0.0,52.93458882840382,0.0,0.0,0.462654978343179,258.0789239147163,euro/tCO2,MtCO2
Carbone,2021,56.42883360171836,3.494244773314541,0.0,0.0,52.93458882840382,52.93458882840382,0.0,0.1964951431090046,258.2754190578253,euro/tCO2,MtCO2
Carbone,2021,57.59510984038221,57.59510984038221,44.6,0.0,0.0,0.0,0.0,9.742702260233797,268.0181213180591,euro/tCO2,MtCO2
Carbone,2021,58.2244885787559,58.2244885787559,44.6,0.0,0.0,0.0,0.0,7.080848658075829,275.098969976135,euro/tCO2,MtCO2
Carbone,2021,60.50265160349294,7.568062775089124,0.0,0.0,52.93458882840382,0.0,0.0,11.61686053132593,286.7158305074609,euro/tCO2,MtCO2
Carbone,2021,60.50265160349294,7.568062775089124,0.0,0.0,52.93458882840382,34.22021316562152,18.7143756627823,12.2645018447179,298.9803323521788,euro/tCO2,MtCO2
Carbone,2021,60.50265160349294,7.568062775089124,0.0,0.0,52.93458882840382,52.93458882840382,0.0,5.505652346756011,304.4859846989348,euro/tCO2,MtCO2
Carbone,2021,62.01783539670892,62.01783539670892,44.6,0.0,0.0,0.0,0.0,3.019461413112138,307.5054461120469,euro/tCO2,MtCO2
Carbone,2021,68.57830512631837,68.57830512631837,0.0,0.0,0.0,0.0,0.0,0.3419222719813017,307.8473683840282,euro/tCO2,MtCO2
Carbone,2021,70.1526808612155,70.1526808612155,44.6,0.0,0.0,0.0,0.0,2.091814123361734,309.93918250739,euro/tCO2,MtCO2
Carbone,2021,80.13060559989229,27.19601677148847,14.27802993722839,0.0,52.93458882840382,0.0,0.0,0.2507891476326755,310.1899716550226,euro/tCO2,MtCO2
Carbone,2021,80.13060559989229,27.19601677148847,14.27802993722839,0.0,52.93458882840382,52.93458882840382,0.0,0.07943391744064092,310.2694055724633,euro/tCO2,MtCO2
Carbone,2021,84.94758909853249,84.94758909853249,44.6,0.0,0.0,0.0,0.0,0.1452795238237757,310.4146850962871,euro/tCO2,MtCO2
Carbone,2021,94.90746329814152,41.9728744697377,44.6,0.0,52.93458882840382,0.0,0.0,0.5687225080072664,310.9834076042943,euro/tCO2,MtCO2
Carbone,2021,94.90746329814152,41.9728744697377,44.6,0.0,52.93458882840382,52.93458882840382,0.0,0.06242380936375885,311.0458314136581,euro/tCO2,MtCO2
Carbone,2021,97.64612728994229,44.71153846153846,44.6,0.0,52.93458882840382,0.0,0.0,0.145449178813372,311.1912805924715,euro/tCO2,MtCO2
Carbone,2021,97.64612728994229,44.71153846153846,44.6,0.0,52.93458882840382,52.93458882840382,0.0,0.03913550832103483,311.2304161007925,euro/tCO2,MtCO2
Carbone,2021,111.1590774071597,58.2244885787559,44.6,0.0,52.93458882840382,0.0,0.0,0.1777840205040275,311.4082001212965,euro/tCO2,MtCO2
Carbone,2021,111.1590774071597,58.2244885787559,44.6,0.0,52.93458882840382,52.93458882840382,0.0,0.06101861721156414,311.4692187385081,euro/tCO2,MtCO2
Carbone,2021,112.5723146657124,112.5723146657124,0.0,0.0,0.0,0.0,0.0,0.4065951968876159,311.8758139353957,euro/tCO2,MtCO2
Carbone,2021,114.9524242251127,62.01783539670892,44.6,0.0,52.93458882840382,0.0,0.0,0.06067651614862003,311.9364904515443,euro/tCO2,MtCO2
Carbone,2021,114.9524242251127,62.01783539670892,44.6,0.0,52.93458882840382,52.93458882840382,0.0,0.02403475505534191,311.9605252065996,euro/tCO2,MtCO2
Carbone,2021,123.0872696896193,70.1526808612155,44.6,0.0,52.93458882840382,0.0,0.0,0.08041795335482091,312.0409431599545,euro/tCO2,MtCO2
Carbone,2021,123.0872696896193,70.1526808612155,44.6,0.0,52.93458882840382,52.93458882840382,0.0,0.02561958206326112,312.0665627420178,euro/tCO2,MtCO2
Carbone,2021,146.0830798592473,146.0830798592473,0.0,0.0,0.0,0.0,0.0,1.990790748624384,314.0573534906421,euro/tCO2,MtCO2
Carbone,2021,150.7882370774595,150.7882370774595,44.6,0.0,0.0,0.0,0.0,1.3329206374076,315.3902741280497,euro/tCO2,MtCO2
Carbone,2021,154.7859946038754,154.7859946038754,0.0,0.0,0.0,0.0,0.0,0.04500995630080001,315.4352840843505,euro/tCO2,MtCO2
Carbone,2021,168.4484403888591,168.4484403888591,0.0,0.0,0.0,0.0,0.0,21.11078370029938,336.5460677846499,euro/tCO2,MtCO2
Carbone,2021,221.4170692431562,221.4170692431562,44.6,0.0,0.0,0.0,0.0,1.806477681625293,338.3525454662752,euro/tCO2,MtCO2
Carbone,2021,223.8193844356055,223.8193844356055,44.6,0.0,0.0,0.0,0.0,0.5461137600393111,338.8986592263145,euro/tCO2,MtCO2
Carbone,2021,225.4428341384863,225.4428341384863,44.6,0.0,0.0,0.0,0.0,8.816160336763222,347.7148195630778,euro/tCO2,MtCO2
Carbone,2021,226.4492753623189,226.4492753623189,44.6,0.0,0.0,0.0,0.0,47.96515585557891,395.6799754186566,euro/tCO2,MtCO2
Carbone,2021,233.4943639291466,233.4943639291466,44.6,0.0,0.0,0.0,0.0,6.525256827859816,402.2052322465165,euro/tCO2,MtCO2
Carbone,2021,252.9896421845575,252.9896421845575,44.6,0.0,0.0,0.0,0.0,0.08680834876935804,402.2920405952858,euro/tCO2,MtCO2
Carbone,2021,253.5546139359699,253.5546139359699,44.6,0.0,0.0,0.0,0.0,0.4612001772086151,402.7532407724945,euro/tCO2,MtCO2
Carbone,2021,254.576943771859,254.576943771859,44.6,0.0,0.0,0.0,0.0,0.006773068383872024,402.7600138408783,euro/tCO2,MtCO2
Carbone,2021,257.4152542372882,257.4152542372882,44.6,0.0,0.0,0.0,0.0,0.1095806623381067,402.8695945032164,euro/tCO2,MtCO2
Carbone,2021,258.3602367500673,258.3602367500673,44.6,0.0,0.0,0.0,0.0,0.03170277987291981,402.9012972830893,euro/tCO2,MtCO2
Carbone,2021,260.5562281409739,260.5562281409739,44.6,0.0,0.0,0.0,0.0,0.05427008531901396,402.9555673684084,euro/tCO2,MtCO2
Carbone,2021,261.1211998923864,261.1211998923864,44.6,0.0,0.0,0.0,0.0,0.2786367240380288,403.2342040924464,euro/tCO2,MtCO2
Carbone,2021,264.9818401937047,264.9818401937047,44.6,0.0,0.0,0.0,0.0,0.04913001848880021,403.2833341109352,euro/tCO2,MtCO2
Carbone,2021,288.3132511650724,288.3132511650724,44.6,0.0,0.0,0.0,0.0,1.634182709602659,404.9175168205379,euro/tCO2,MtCO2
Carbone,2021,288.9571069413785,288.9571069413785,44.6,0.0,0.0,0.0,0.0,8.68217591907519,413.599692739613,euro/tCO2,MtCO2
Carbone,2021,290.1221792985038,290.1221792985038,44.6,0.0,0.0,0.0,0.0,0.1973954300023114,413.7970881696153,euro/tCO2,MtCO2
Carbone,2021,293.3567880794702,293.3567880794702,44.6,0.0,0.0,0.0,0.0,2.062875590175397,415.8599637597907,euro/tCO2,MtCO2
Carbone,2021,294.4337135148393,294.4337135148393,44.6,0.0,0.0,0.0,0.0,0.9239510825234084,416.7839148423141,euro/tCO2,MtCO2
Carbone,2021,296.9363195977434,296.9363195977434,44.6,0.0,0.0,0.0,0.0,1.58165638092741,418.3655712232415,euro/tCO2,MtCO2
Carbone,2021,297.5801753740496,297.5801753740496,44.6,0.0,0.0,0.0,0.0,8.12063496758596,426.4862061908275,euro/tCO2,MtCO2
Carbone,2021,301.9798565121413,301.9798565121413,44.6,0.0,0.0,0.0,0.0,1.431853419450352,427.9180596102779,euro/tCO2,MtCO2
Carbone,2022,-167.0542216850322,41.32019286076056,42.2162270183853,-208.3744145457927,0.0,0.0,0.0,22.50245493258537,22.50245493258537,euro/tCO2,MtCO2
Carbone,2022,-36.19724761506443,26.04011073270798,26.0401107,-62.2373583477724,0.0,0.0,0.0,1.216652673028486,23.71910760561385,euro/tCO2,MtCO2
Carbone,2022,-32.20776459019553,14.38673651316226,0.0,-46.59450110335779,0.0,0.0,0.0,9.11300089640218,32.83210850201603,euro/tCO2,MtCO2
Carbone,2022,-14.63312368972747,84.94758909853249,44.6,-99.58071278825996,0.0,0.0,0.0,0.1861029980823356,33.01821150009837,euro/tCO2,MtCO2
Carbone,2022,0.0,0.0,0.0,0.0,0.0,0.0,0.0,116.3928393106452,149.4110508107435,euro/tCO2,MtCO2
Carbone,2022,0.5947293447293448,0.5947293447293448,0.0,0.0,0.0,0.0,0.0,0.06240156000000004,149.4734523707435,euro/tCO2,MtCO2
Carbone,2022,2.688653880623768,2.688653880623768,0.0,0.0,0.0,0.0,0.0,0.3922408003500001,149.8656931710935,euro/tCO2,MtCO2
Carbone,2022,3.089304257528557,3.089304257528557,0.0,0.0,0.0,0.0,0.0,0.117577327151952,149.9832704982455,euro/tCO2,MtCO2
Carbone,2022,3.272827282728273,3.272827282728273,0.0,0.0,0.0,0.0,0.0,0.01058178133301994,149.9938522795785,euro/tCO2,MtCO2
Carbone,2022,3.494244773314541,3.494244773314541,0.0,0.0,0.0,0.0,0.0,0.2817428352577459,150.2755951148362,euro/tCO2,MtCO2
Carbone,2022,3.731656184486373,3.731656184486373,0.0,0.0,0.0,0.0,0.0,0.8427512033498058,151.1183463181861,euro/tCO2,MtCO2
Carbone,2022,4.08,4.08,0.0,0.0,0.0,0.0,0.0,8.52042985997791,159.638776178164,euro/tCO2,MtCO2
Carbone,2022,5.457867523626826,7.568062775089124,0.0,-2.110195251462299,0.0,0.0,0.0,0.06149211359278083,159.7002682917567,euro/tCO2,MtCO2
Carbone,2022,5.85618661705257,7.966381868514868,7.0,-2.110195251462299,0.0,0.0,0.0,1.66231873363169,161.3625870253885,euro/tCO2,MtCO2
Carbone,2022,16.37071601957447,62.96521712293226,44.6,-46.59450110335779,0.0,0.0,0.0,3.04829820472969,164.4108852301181,euro/tCO2,MtCO2
Carbone,2022,16.5,0.0,0.0,0.0,16.5,0.0,0.0,7.66923867,172.0801239001181,euro/tCO2,MtCO2
Carbone,2022,23.55817975785771,70.1526808612155,44.6,-46.59450110335779,0.0,0.0,0.0,2.100141232492254,174.1802651326104,euro/tCO2,MtCO2
Carbone,2022,26.83678621877101,26.83678621877101,14.27802993722839,0.0,0.0,0.0,0.0,1.631616881426386,175.8118820140368,euro/tCO2,MtCO2
Carbone,2022,27.19601677148847,27.19601677148847,14.27802993722839,0.0,0.0,0.0,0.0,0.749008814573487,176.5608908286103,euro/tCO2,MtCO2
Carbone,2022,29.05,29.05,0.0,0.0,0.0,0.0,0.0,11.38387898201776,187.944769810628,euro/tCO2,MtCO2
Carbone,2022,41.87329469638127,41.87329469638127,42.2162270183853,0.0,0.0,0.0,0.0,14.09350662652633,202.0382764371544,euro/tCO2,MtCO2
Carbone,2022,44.71153846153846,44.71153846153846,44.6,0.0,0.0,0.0,0.0,0.07282340819323313,202.1110998453476,euro/tCO2,MtCO2
Carbone,2022,57.45540480484951,57.45540480484951,44.6,0.0,0.0,0.0,0.0,8.214523487311526,210.3256233326591,euro/tCO2,MtCO2
Carbone,2022,58.2244885787559,58.2244885787559,44.6,0.0,0.0,0.0,0.0,5.477200390093692,215.8028237227528,euro/tCO2,MtCO2
Carbone,2022,65.97781356235464,112.5723146657124,0.0,-46.59450110335779,0.0,0.0,0.0,0.4065951968876159,216.2094189196404,euro/tCO2,MtCO2
Carbone,2022,68.57830512631837,68.57830512631837,0.0,0.0,0.0,0.0,0.0,0.6464901677371958,216.8559090873776,euro/tCO2,MtCO2
Carbone,2022,81.0,0.0,0.0,0.0,81.0,0.0,0.0,41.80990056011076,258.6658096474884,euro/tCO2,MtCO2
Carbone,2022,81.0,0.0,0.0,0.0,81.0,41.29905837869714,39.70094162130286,2.919453718878927,261.5852633663673,euro/tCO2,MtCO2
Carbone,2022,81.0,0.0,0.0,0.0,81.0,81.0,0.0,9.960169313113862,271.5454326794812,euro/tCO2,MtCO2
Carbone,2022,84.08930425752855,3.089304257528557,0.0,0.0,81.0,0.0,0.0,0.0884231727311969,271.6338558522124,euro/tCO2,MtCO2
Carbone,2022,84.08930425752855,3.089304257528557,0.0,0.0,81.0,81.0,0.0,0.04139599109860498,271.6752518433109,euro/tCO2,MtCO2
Carbone,2022,84.27282728272827,3.272827282728273,0.0,0.0,81.0,0.0,0.0,0.006746770811586741,271.6819986141226,euro/tCO2,MtCO2
Carbone,2022,84.27282728272827,3.272827282728273,0.0,0.0,81.0,81.0,0.0,0.004333035939817597,271.6863316500624,euro/tCO2,MtCO2
Carbone,2022,84.49424477331453,3.494244773314541,0.0,0.0,81.0,0.0,0.0,0.2154303354731202,271.9017619855355,euro/tCO2,MtCO2
Carbone,2022,84.49424477331453,3.494244773314541,0.0,0.0,81.0,81.0,0.0,0.09606144271655807,271.997823428252,euro/tCO2,MtCO2
Carbone,2022,86.45786752362682,7.568062775089124,0.0,-2.110195251462299,81.0,0.0,0.0,15.51644779562598,287.514271223878,euro/tCO2,MtCO2
Carbone,2022,86.45786752362682,7.568062775089124,0.0,-2.110195251462299,81.0,41.29905837869714,39.70094162130286,5.090431866035424,292.6047030899135,euro/tCO2,MtCO2
Carbone,2022,86.45786752362682,7.568062775089124,0.0,-2.110195251462299,81.0,81.0,0.0,10.75273637599813,303.3574394659116,euro/tCO2,MtCO2
Carbone,2022,97.37071601957444,62.96521712293226,44.6,-46.59450110335779,81.0,0.0,0.0,0.06054249791098396,303.4179819638226,euro/tCO2,MtCO2
Carbone,2022,97.37071601957444,62.96521712293226,44.6,-46.59450110335779,81.0,81.0,0.0,0.02782202168750311,303.4458039855101,euro/tCO2,MtCO2
Carbone,2022,99.48857875588953,146.0830798592473,0.0,-46.59450110335779,0.0,0.0,0.0,1.990790748624384,305.4365947341345,euro/tCO2,MtCO2
Carbone,2022,101.1313465783664,154.7859946038754,0.0,-53.65464802550895,0.0,0.0,0.0,0.04500995630080001,305.4816046904352,euro/tCO2,MtCO2
Carbone,2022,104.5581797578577,70.1526808612155,44.6,-46.59450110335779,81.0,0.0,0.0,0.08970885889003581,305.5713135493253,euro/tCO2,MtCO2
Carbone,2022,104.5581797578577,70.1526808612155,44.6,-46.59450110335779,81.0,81.0,0.0,0.063240726068635,305.634554275394,euro/tCO2,MtCO2
Carbone,2022,108.1960167714885,27.19601677148847,14.27802993722839,0.0,81.0,0.0,0.0,0.263296142631618,305.8978504180255,euro/tCO2,MtCO2
Carbone,2022,108.1960167714885,27.19601677148847,14.27802993722839,0.0,81.0,81.0,0.0,0.0800534892036499,305.9779039072292,euro/tCO2,MtCO2
Carbone,2022,121.8539392855013,168.4484403888591,0.0,-46.59450110335779,0.0,0.0,0.0,21.11078370029938,327.0886876075286,euro/tCO2,MtCO2
Carbone,2022,122.8732946963813,41.87329469638127,42.2162270183853,0.0,81.0,0.0,0.0,0.7651986807049209,327.8538862882335,euro/tCO2,MtCO2
Carbone,2022,122.8732946963813,41.87329469638127,42.2162270183853,0.0,81.0,81.0,0.0,0.04470831844028913,327.8985946066738,euro/tCO2,MtCO2
Carbone,2022,125.7115384615385,44.71153846153846,44.6,0.0,81.0,0.0,0.0,0.1255163706080155,328.0241109772818,euro/tCO2,MtCO2
Carbone,2022,125.7115384615385,44.71153846153846,44.6,0.0,81.0,81.0,0.0,0.0248889624341345,328.0489999397159,euro/tCO2,MtCO2
Carbone,2022,139.2244885787559,58.2244885787559,44.6,0.0,81.0,0.0,0.0,0.1387633557440637,328.18776329546,euro/tCO2,MtCO2
Carbone,2022,139.2244885787559,58.2244885787559,44.6,0.0,81.0,81.0,0.0,0.05962299147376816,328.2473862869338,euro/tCO2,MtCO2
Carbone,2022,150.7882370774595,150.7882370774595,44.6,0.0,0.0,0.0,0.0,1.3304402074818,329.5778264944155,euro/tCO2,MtCO2
Carbone,2022,174.8225681397984,221.4170692431562,44.6,-46.59450110335779,0.0,0.0,0.0,1.827416539440127,331.4052430338557,euro/tCO2,MtCO2
Carbone,2022,178.8483330351285,225.4428341384863,44.6,-46.59450110335779,0.0,0.0,0.0,8.85640105138413,340.2616440852398,euro/tCO2,MtCO2
Carbone,2022,179.8547742589611,226.4492753623189,44.6,-46.59450110335779,0.0,0.0,0.0,48.18408927725042,388.4457333624902,euro/tCO2,MtCO2
Carbone,2022,186.8998628257888,233.4943639291466,44.6,-46.59450110335779,0.0,0.0,0.0,6.555040882120174,395.0007742446104,euro/tCO2,MtCO2
Carbone,2022,205.9086629001883,252.9896421845575,44.6,-47.08097928436912,0.0,0.0,0.0,0.0921419637343805,395.0929162083448,euro/tCO2,MtCO2
Carbone,2022,206.4736346516008,253.5546139359699,44.6,-47.08097928436912,0.0,0.0,0.0,0.489536900728034,395.5824531090728,euro/tCO2,MtCO2
Carbone,2022,207.4959644874899,254.576943771859,44.6,-47.08097928436912,0.0,0.0,0.0,0.005514013602624801,395.5879671226755,euro/tCO2,MtCO2
Carbone,2022,210.3342749529191,257.4152542372882,44.6,-47.08097928436912,0.0,0.0,0.0,0.1163134371388316,395.7042805598143,euro/tCO2,MtCO2
Carbone,2022,211.2792574656982,258.3602367500673,44.6,-47.08097928436912,0.0,0.0,0.0,0.03037780412587164,395.7346583639402,euro/tCO2,MtCO2
Carbone,2022,213.3806633532167,266.4350820283721,44.6,-53.05441867515538,0.0,0.0,0.0,0.5503353681771583,396.2849937321173,euro/tCO2,MtCO2
Carbone,2022,213.4752488566048,260.5562281409739,44.6,-47.08097928436912,0.0,0.0,0.0,0.04418174619141043,396.3291754783087,euro/tCO2,MtCO2
Carbone,2022,214.0402206080173,261.1211998923864,44.6,-47.08097928436912,0.0,0.0,0.0,0.2268405687821491,396.5560160470908,euro/tCO2,MtCO2
Carbone,2022,217.9008609093356,264.9818401937047,44.6,-47.08097928436912,0.0,0.0,0.0,0.03999717329665155,396.5960132203875,euro/tCO2,MtCO2
Carbone,2022,234.6586031395634,288.3132511650724,44.6,-53.65464802550895,0.0,0.0,0.0,2.040535538351429,398.636548758739,euro/tCO2,MtCO2
Carbone,2022,235.3024589158695,288.9571069413785,44.6,-53.65464802550895,0.0,0.0,0.0,10.84106961459567,409.4776183733346,euro/tCO2,MtCO2
Carbone,2022,236.4675312729948,290.1221792985038,44.6,-53.65464802550895,0.0,0.0,0.0,0.1890458073166739,409.6666641806513,euro/tCO2,MtCO2
Carbone,2022,239.7021400539613,293.3567880794702,44.6,-53.65464802550895,0.0,0.0,0.0,2.575826392779958,412.2424905734313,euro/tCO2,MtCO2
Carbone,2022,240.7790654893304,294.4337135148393,44.6,-53.65464802550895,0.0,0.0,0.0,1.041491174912859,413.2839817483441,euro/tCO2,MtCO2
Carbone,2022,243.2816715722345,296.9363195977434,44.6,-53.65464802550895,0.0,0.0,0.0,1.514753948637276,414.7987356969814,euro/tCO2,MtCO2
Carbone,2022,243.9255273485406,297.5801753740496,44.6,-53.65464802550895,0.0,0.0,0.0,7.777140491126359,422.5758761881078,euro/tCO2,MtCO2
Carbone,2022,248.3252084866323,301.9798565121413,44.6,-53.65464802550895,0.0,0.0,0.0,1.371287497849306,423.947163685957,euro/tCO2,MtCO2
Carbone,2023,-55.05914799345933,41.06561841126557,42.2162270183853,-96.1247664047249,0.0,0.0,0.0,21.11460332068522,21.11460332068522,euro/tCO2,MtCO2
Carbone,2023,0.0,0.0,0.0,0.0,0.0,0.0,0.0,115.4520858289685,136.5666891496537,euro/tCO2,MtCO2
Carbone,2023,0.5947293447293448,0.5947293447293448,0.0,0.0,0.0,0.0,0.0,0.05963611712383306,136.6263252667775,euro/tCO2,MtCO2
Carbone,2023,2.6080414388952,7.568062775089124,0.0,-4.960021336193924,0.0,0.0,0.0,0.0370225002520028,136.6633477670295,euro/tCO2,MtCO2
Carbone,2023,2.688653880623768,2.688653880623768,0.0,0.0,0.0,0.0,0.0,0.3922408003500001,137.0555885673795,euro/tCO2,MtCO2
Carbone,2023,3.006360532320945,7.966381868514868,7.0,-4.960021336193924,0.0,0.0,0.0,1.712459786166824,138.7680483535464,euro/tCO2,MtCO2
Carbone,2023,3.089304257528557,3.089304257528557,0.0,0.0,0.0,0.0,0.0,0.1029100434673235,138.8709583970137,euro/tCO2,MtCO2
Carbone,2023,3.272827282728273,3.272827282728273,0.0,0.0,0.0,0.0,0.0,0.0101571764652754,138.881115573479,euro/tCO2,MtCO2
Carbone,2023,3.494244773314541,3.494244773314541,0.0,0.0,0.0,0.0,0.0,0.2549227915545031,139.1360383650334,euro/tCO2,MtCO2
Carbone,2023,3.731656184486373,3.731656184486373,0.0,0.0,0.0,0.0,0.0,0.8054030935960613,139.9414414586295,euro/tCO2,MtCO2
Carbone,2023,4.08,4.08,0.0,0.0,0.0,0.0,0.0,8.52042985997791,148.4618713186074,euro/tCO2,MtCO2
Carbone,2023,14.38662165269982,14.38662165269982,0.0,0.0,0.0,0.0,0.0,8.57727039511912,157.0391417137265,euro/tCO2,MtCO2
Carbone,2023,16.5,0.0,0.0,0.0,16.5,0.0,0.0,7.225001642513517,164.2641433562401,euro/tCO2,MtCO2
Carbone,2023,26.04011073270798,26.04011073270798,26.0401107,0.0,0.0,0.0,0.0,1.216652673028486,165.4807960292686,euro/tCO2,MtCO2
Carbone,2023,26.79890639681842,26.79890639681842,14.27802993722839,0.0,0.0,0.0,0.0,1.420029053446415,166.900825082715,euro/tCO2,MtCO2
Carbone,2023,27.19601677148847,27.19601677148847,14.27802993722839,0.0,0.0,0.0,0.0,0.7535427008808275,167.6543677835958,euro/tCO2,MtCO2
Carbone,2023,29.05,29.05,0.0,0.0,0.0,0.0,0.0,11.38387898201776,179.0382467656135,euro/tCO2,MtCO2
Carbone,2023,41.67413514966839,41.67413514966839,42.2162270183853,0.0,0.0,0.0,0.0,13.54741498904292,192.5856617546565,euro/tCO2,MtCO2
Carbone,2023,44.71153846153846,44.71153846153846,44.6,0.0,0.0,0.0,0.0,0.0755885382333047,192.6612502928898,euro/tCO2,MtCO2
Carbone,2023,57.37430714708677,57.37430714708677,44.6,0.0,0.0,0.0,0.0,6.704474028324135,199.3657243212139,euro/tCO2,MtCO2
Carbone,2023,58.2244885787559,58.2244885787559,44.6,0.0,0.0,0.0,0.0,5.039768053211076,204.405492374425,euro/tCO2,MtCO2
Carbone,2023,63.04935338841463,63.04935338841463,44.6,0.0,0.0,0.0,0.0,2.879869228188856,207.2853616026138,euro/tCO2,MtCO2
Carbone,2023,68.57830512631837,68.57830512631837,0.0,0.0,0.0,0.0,0.0,0.6794837234168026,207.9648453260307,euro/tCO2,MtCO2
Carbone,2023,70.1526808612155,70.1526808612155,44.6,0.0,0.0,0.0,0.0,2.063815390717638,210.0286607167483,euro/tCO2,MtCO2
Carbone,2023,84.94758909853249,84.94758909853249,44.6,0.0,0.0,0.0,0.0,0.1796075591655717,210.2082682759139,euro/tCO2,MtCO2
Carbone,2023,87.77,0.0,0.0,0.0,87.77,0.0,0.0,38.39064145740734,248.5989097333212,euro/tCO2,MtCO2
Carbone,2023,87.77,0.0,0.0,0.0,87.77,27.02,60.75,4.848290910808893,253.4472006441301,euro/tCO2,MtCO2
Carbone,2023,87.77,0.0,0.0,0.0,87.77,87.77,0.0,3.222936801437648,256.6701374455677,euro/tCO2,MtCO2
Carbone,2023,90.3780414388952,7.568062775089124,0.0,-4.960021336193924,87.77,0.0,0.0,14.35278728381083,271.0229247293786,euro/tCO2,MtCO2
Carbone,2023,90.3780414388952,7.568062775089124,0.0,-4.960021336193924,87.77,27.02,60.75,7.40674414597646,278.429668875355,euro/tCO2,MtCO2
Carbone,2023,90.3780414388952,7.568062775089124,0.0,-4.960021336193924,87.77,87.77,0.0,3.467244616602214,281.8969134919573,euro/tCO2,MtCO2
Carbone,2023,90.85930425752855,3.089304257528557,0.0,0.0,87.77,0.0,0.0,0.08110410181798984,281.9780175937752,euro/tCO2,MtCO2
Carbone,2023,90.85930425752855,3.089304257528557,0.0,0.0,87.77,87.77,0.0,0.03277204476353564,282.0107896385388,euro/tCO2,MtCO2
Carbone,2023,91.04282728272827,3.272827282728273,0.0,0.0,87.77,0.0,0.0,0.007126197035389685,282.0179158355742,euro/tCO2,MtCO2
Carbone,2023,91.04282728272827,3.272827282728273,0.0,0.0,87.77,87.77,0.0,0.002540063668607631,282.0204558992427,euro/tCO2,MtCO2
Carbone,2023,91.26424477331453,3.494244773314541,0.0,0.0,87.77,0.0,0.0,0.2029203285297508,282.2233762277725,euro/tCO2,MtCO2
Carbone,2023,91.26424477331453,3.494244773314541,0.0,0.0,87.77,87.77,0.0,0.06999151287904973,282.2933677406515,euro/tCO2,MtCO2
Carbone,2023,112.5723146657124,112.5723146657124,0.0,0.0,0.0,0.0,0.0,0.4065951968876159,282.6999629375392,euro/tCO2,MtCO2
Carbone,2023,114.9660167714885,27.19601677148847,14.27802993722839,0.0,87.77,0.0,0.0,0.2668321180682301,282.9667950556074,euro/tCO2,MtCO2
Carbone,2023,114.9660167714885,27.19601677148847,14.27802993722839,0.0,87.77,87.77,0.0,0.0506109806650992,283.0174060362725,euro/tCO2,MtCO2
Carbone,2023,129.4441351496684,41.67413514966839,42.2162270183853,0.0,87.77,0.0,0.0,0.6645366820485994,283.6819427183211,euro/tCO2,MtCO2
Carbone,2023,129.4441351496684,41.67413514966839,42.2162270183853,0.0,87.77,87.77,0.0,0.03271891987171088,283.7146616381928,euro/tCO2,MtCO2
Carbone,2023,132.4815384615385,44.71153846153846,44.6,0.0,87.77,0.0,0.0,0.1201501995637483,283.8348118377565,euro/tCO2,MtCO2
Carbone,2023,132.4815384615385,44.71153846153846,44.6,0.0,87.77,87.77,0.0,0.0282737253176801,283.8630855630743,euro/tCO2,MtCO2
Carbone,2023,145.9944885787559,58.2244885787559,44.6,0.0,87.77,0.0,0.0,0.1357919926286134,283.9988775557028,euro/tCO2,MtCO2
Carbone,2023,145.9944885787559,58.2244885787559,44.6,0.0,87.77,87.77,0.0,0.03819847702057799,284.0370760327235,euro/tCO2,MtCO2
Carbone,2023,146.0830798592473,146.0830798592473,0.0,0.0,0.0,0.0,0.0,1.990790748624384,286.0278667813478,euro/tCO2,MtCO2
Carbone,2023,150.7882370774595,150.7882370774595,44.6,0.0,0.0,0.0,0.0,1.433962955325596,287.4618297366734,euro/tCO2,MtCO2
Carbone,2023,150.8193533884146,63.04935338841463,44.6,0.0,87.77,0.0,0.0,0.0626974008592327,287.5245271375326,euro/tCO2,MtCO2
Carbone,2023,150.8193533884146,63.04935338841463,44.6,0.0,87.77,87.77,0.0,0.01676913568417916,287.5412962732168,euro/tCO2,MtCO2
Carbone,2023,154.7859946038754,154.7859946038754,0.0,0.0,0.0,0.0,0.0,0.04500995630080001,287.5863062295176,euro/tCO2,MtCO2
Carbone,2023,157.9226808612155,70.1526808612155,44.6,0.0,87.77,0.0,0.0,0.08995264709324109,287.6762588766109,euro/tCO2,MtCO2
Carbone,2023,157.9226808612155,70.1526808612155,44.6,0.0,87.77,87.77,0.0,0.07325465783108127,287.749513534442,euro/tCO2,MtCO2
Carbone,2023,168.4484403888591,168.4484403888591,0.0,0.0,0.0,0.0,0.0,21.11078370029938,308.8602972347413,euro/tCO2,MtCO2
Carbone,2023,221.4170692431562,221.4170692431562,44.6,0.0,0.0,0.0,0.0,1.739753531845595,310.6000507665869,euro/tCO2,MtCO2
Carbone,2023,225.4428341384863,225.4428341384863,44.6,0.0,0.0,0.0,0.0,8.246557748253787,318.8466085148407,euro/tCO2,MtCO2
Carbone,2023,226.4492753623189,226.4492753623189,44.6,0.0,0.0,0.0,0.0,44.8661789892364,363.7127875040771,euro/tCO2,MtCO2
Carbone,2023,233.4943639291466,233.4943639291466,44.6,0.0,0.0,0.0,0.0,6.103667038443363,369.8164545425205,euro/tCO2,MtCO2
Carbone,2023,252.9896421845575,252.9896421845575,44.6,0.0,0.0,0.0,0.0,0.09383994185203753,369.9102944843725,euro/tCO2,MtCO2
Carbone,2023,253.5546139359699,253.5546139359699,44.6,0.0,0.0,0.0,0.0,0.4985580124307283,370.4088524968032,euro/tCO2,MtCO2
Carbone,2023,254.576943771859,254.576943771859,44.6,0.0,0.0,0.0,0.0,0.005095736415062355,370.4139482332183,euro/tCO2,MtCO2
Carbone,2023,257.4152542372882,257.4152542372882,44.6,0.0,0.0,0.0,0.0,0.1184568435117011,370.53240507673,euro/tCO2,MtCO2
Carbone,2023,258.3602367500673,258.3602367500673,44.6,0.0,0.0,0.0,0.0,0.0303857599666582,370.5627908366966,euro/tCO2,MtCO2
Carbone,2023,260.5562281409739,260.5562281409739,44.6,0.0,0.0,0.0,0.0,0.04083024607068658,370.6036210827673,euro/tCO2,MtCO2
Carbone,2023,261.1211998923864,261.1211998923864,44.6,0.0,0.0,0.0,0.0,0.2096330960759028,370.8132541788432,euro/tCO2,MtCO2
Carbone,2023,264.9818401937047,264.9818401937047,44.6,0.0,0.0,0.0,0.0,0.03696310283206607,370.8502172816753,euro/tCO2,MtCO2
Carbone,2023,282.68770015045,282.68770015045,44.6,0.0,0.0,0.0,0.0,0.5216397327661139,371.3718570144414,euro/tCO2,MtCO2
Carbone,2023,288.3132511650724,288.3132511650724,44.6,0.0,0.0,0.0,0.0,2.23561572114952,373.6074727355909,euro/tCO2,MtCO2
Carbone,2023,288.9571069413785,288.9571069413785,44.6,0.0,0.0,0.0,0.0,11.87750235664701,385.484975092238,euro/tCO2,MtCO2
Carbone,2023,290.1221792985038,290.1221792985038,44.6,0.0,0.0,0.0,0.0,0.1879441870630691,385.672919279301,euro/tCO2,MtCO2
Carbone,2023,293.3567880794702,293.3567880794702,44.6,0.0,0.0,0.0,0.0,2.822081689373483,388.4950009686745,euro/tCO2,MtCO2
Carbone,2023,294.4337135148393,294.4337135148393,44.6,0.0,0.0,0.0,0.0,1.120706898878568,389.6157078675531,euro/tCO2,MtCO2
Carbone,2023,296.9363195977434,296.9363195977434,44.6,0.0,0.0,0.0,0.0,1.505927069276474,391.1216349368295,euro/tCO2,MtCO2
Carbone,2023,297.5801753740496,297.5801753740496,44.6,0.0,0.0,0.0,0.0,7.731820999814742,398.8534559366443,euro/tCO2,MtCO2
Carbone,2023,301.9798565121413,301.9798565121413,44.6,0.0,0.0,0.0,0.0,1.36329663609892,400.2167525727432,euro/tCO2,MtCO2
Carbone,2024*,0.0,0.0,0.0,0.0,0.0,0.0,0.0,114.6493078686892,114.6493078686892,euro/tCO2,MtCO2
Carbone,2024*,0.5947293447293448,0.5947293447293448,0.0,0.0,0.0,0.0,0.0,0.05963611712383306,114.708943985813,euro/tCO2,MtCO2
Carbone,2024*,2.688653880623768,2.688653880623768,0.0,0.0,0.0,0.0,0.0,0.3922408003500001,115.101184786163,euro/tCO2,MtCO2
Carbone,2024*,3.731656184486373,3.731656184486373,0.0,0.0,0.0,0.0,0.0,0.8054030935960613,115.9065878797591,euro/tCO2,MtCO2
Carbone,2024*,4.08,4.08,0.0,0.0,0.0,0.0,0.0,1.449681970842228,117.3562698506013,euro/tCO2,MtCO2
Carbone,2024*,7.242990654205608,7.242990654205608,40.4766540452977,0.0,0.0,0.0,0.0,0.1029100434673235,117.4591798940687,euro/tCO2,MtCO2
Carbone,2024*,7.568062775089124,7.568062775089124,0.0,0.0,0.0,0.0,0.0,0.0370225002520028,117.4962023943207,euro/tCO2,MtCO2
Carbone,2024*,7.673267326732674,7.673267326732674,40.4766540452977,0.0,0.0,0.0,0.0,0.0101571764652754,117.5063595707859,euro/tCO2,MtCO2
Carbone,2024*,7.966381868514868,7.966381868514868,7.0,0.0,0.0,0.0,0.0,1.712459786166824,119.2188193569527,euro/tCO2,MtCO2
Carbone,2024*,8.192389006342495,8.192389006342495,40.4766540452977,0.0,0.0,0.0,0.0,0.2549227915545031,119.4737421485073,euro/tCO2,MtCO2
Carbone,2024*,14.38662165269982,14.38662165269982,0.0,0.0,0.0,0.0,0.0,8.57727039511912,128.0510125436264,euro/tCO2,MtCO2
Carbone,2024*,16.5,0.0,0.0,0.0,16.5,0.0,0.0,8.027779602792796,136.0787921464192,euro/tCO2,MtCO2
Carbone,2024*,26.04011073270798,26.04011073270798,26.0401107,0.0,0.0,0.0,0.0,1.216652673028486,137.2954448194477,euro/tCO2,MtCO2
Carbone,2024*,26.79890639681842,26.79890639681842,14.27802993722839,0.0,0.0,0.0,0.0,1.420029053446415,138.7154738728941,euro/tCO2,MtCO2
Carbone,2024*,27.19601677148847,27.19601677148847,14.27802993722839,0.0,0.0,0.0,0.0,0.7535427008808275,139.4690165737749,euro/tCO2,MtCO2
Carbone,2024*,29.05,29.05,0.0,0.0,0.0,0.0,0.0,11.38387898201776,150.8528955557927,euro/tCO2,MtCO2
Carbone,2024*,44.71153846153846,44.71153846153846,44.6,0.0,0.0,0.0,0.0,0.0755885382333047,150.928484094026,euro/tCO2,MtCO2
Carbone,2024*,57.37430714708677,57.37430714708677,44.6,0.0,0.0,0.0,0.0,6.704474028324135,157.6329581223501,euro/tCO2,MtCO2
Carbone,2024*,58.2244885787559,58.2244885787559,44.6,0.0,0.0,0.0,0.0,5.039768053211076,162.6727261755612,euro/tCO2,MtCO2
Carbone,2024*,65.97,0.0,0.0,0.0,65.97,0.0,0.0,38.39064145740734,201.0633676329685,euro/tCO2,MtCO2
Carbone,2024*,65.97,0.0,0.0,0.0,65.97,0.1424999999999983,65.8275,4.736410751097988,205.7997783840665,euro/tCO2,MtCO2
Carbone,2024*,65.97,0.0,0.0,0.0,65.97,65.97,0.0,3.334816961148551,209.134595345215,euro/tCO2,MtCO2
Carbone,2024*,67.0987554189223,80.31591079957197,44.6,-13.21715538064967,0.0,0.0,0.0,21.11460332068522,230.2491986659003,euro/tCO2,MtCO2
Carbone,2024*,68.57830512631837,68.57830512631837,0.0,0.0,0.0,0.0,0.0,0.6794837234168026,230.9286823893171,euro/tCO2,MtCO2
Carbone,2024*,70.05,4.08,0.0,0.0,65.97,0.0,0.0,2.625023054328866,233.553705443646,euro/tCO2,MtCO2
Carbone,2024*,70.05,4.08,0.0,0.0,65.97,0.1424999999999983,65.8275,4.343134372786471,237.8968398164324,euro/tCO2,MtCO2
Carbone,2024*,70.05,4.08,0.0,0.0,65.97,65.97,0.0,0.1025904620203437,237.9994302784528,euro/tCO2,MtCO2
Carbone,2024*,73.21299065420561,7.242990654205608,40.4766540452977,0.0,65.97,0.0,0.0,0.08110410181798984,238.0805343802707,euro/tCO2,MtCO2
Carbone,2024*,73.21299065420561,7.242990654205608,40.4766540452977,0.0,65.97,65.97,0.0,0.03277204476353564,238.1133064250343,euro/tCO2,MtCO2
Carbone,2024*,73.53806277508912,7.568062775089124,0.0,0.0,65.97,0.0,0.0,14.35278728381083,252.4660937088451,euro/tCO2,MtCO2
Carbone,2024*,73.53806277508912,7.568062775089124,0.0,0.0,65.97,0.1424999999999983,65.8275,7.235824592419515,259.7019183012646,euro/tCO2,MtCO2
Carbone,2024*,73.53806277508912,7.568062775089124,0.0,0.0,65.97,65.97,0.0,3.638164170159158,263.3400824714238,euro/tCO2,MtCO2
Carbone,2024*,73.64326732673267,7.673267326732674,40.4766540452977,0.0,65.97,0.0,0.0,0.007126197035389685,263.3472086684592,euro/tCO2,MtCO2
Carbone,2024*,73.64326732673267,7.673267326732674,40.4766540452977,0.0,65.97,65.97,0.0,0.002540063668607631,263.3497487321278,euro/tCO2,MtCO2
Carbone,2024*,73.93638186851487,7.966381868514868,7.0,0.0,65.97,0.0,0.0,0.0,263.3497487321278,euro/tCO2,MtCO2
Carbone,2024*,73.93638186851487,7.966381868514868,7.0,0.0,65.97,65.97,0.0,0.0,263.3497487321278,euro/tCO2,MtCO2
Carbone,2024*,74.1623890063425,8.192389006342495,40.4766540452977,0.0,65.97,0.0,0.0,0.2029203285297508,263.5526690606575,euro/tCO2,MtCO2
Carbone,2024*,74.1623890063425,8.192389006342495,40.4766540452977,0.0,65.97,65.97,0.0,0.06999151287904973,263.6226605735366,euro/tCO2,MtCO2
Carbone,2024*,81.50604449224274,81.50604449224274,44.6,0.0,0.0,0.0,0.0,13.54741498904292,277.1700755625795,euro/tCO2,MtCO2
Carbone,2024*,83.11660242117782,83.11660242117782,44.6,0.0,0.0,0.0,0.0,2.879869228188856,280.0499447907683,euro/tCO2,MtCO2
Carbone,2024*,84.94758909853249,84.94758909853249,44.6,0.0,0.0,0.0,0.0,0.1796075591655717,280.229552349934,euro/tCO2,MtCO2
Carbone,2024*,92.48076578994454,92.48076578994454,44.6,0.0,0.0,0.0,0.0,2.063815390717638,282.2933677406515,euro/tCO2,MtCO2
Carbone,2024*,93.16601677148847,27.19601677148847,14.27802993722839,0.0,65.97,0.0,0.0,0.2668321180682301,282.5601998587198,euro/tCO2,MtCO2
Carbone,2024*,93.16601677148847,27.19601677148847,14.27802993722839,0.0,65.97,65.97,0.0,0.0506109806650992,282.6108108393849,euro/tCO2,MtCO2
Carbone,2024*,110.6815384615385,44.71153846153846,44.6,0.0,65.97,0.0,0.0,0.1201501995637483,282.7309610389486,euro/tCO2,MtCO2
Carbone,2024*,110.6815384615385,44.71153846153846,44.6,0.0,65.97,65.97,0.0,0.0282737253176801,282.7592347642664,euro/tCO2,MtCO2
Carbone,2024*,112.5723146657124,112.5723146657124,0.0,0.0,0.0,0.0,0.0,0.4065951968876159,283.1658299611539,euro/tCO2,MtCO2
Carbone,2024*,124.1944885787559,58.2244885787559,44.6,0.0,65.97,0.0,0.0,0.1357919926286134,283.3016219537826,euro/tCO2,MtCO2
Carbone,2024*,124.1944885787559,58.2244885787559,44.6,0.0,65.97,65.97,0.0,0.03819847702057799,283.3398204308031,euro/tCO2,MtCO2
Carbone,2024*,146.0830798592473,146.0830798592473,0.0,0.0,0.0,0.0,0.0,1.990790748624384,285.3306111794275,euro/tCO2,MtCO2
Carbone,2024*,147.4760444922427,81.50604449224274,44.6,0.0,65.97,0.0,0.0,0.6645366820485994,285.9951478614761,euro/tCO2,MtCO2
Carbone,2024*,147.4760444922427,81.50604449224274,44.6,0.0,65.97,65.97,0.0,0.03271891987171088,286.0278667813478,euro/tCO2,MtCO2
Carbone,2024*,149.0866024211778,83.11660242117782,44.6,0.0,65.97,0.0,0.0,0.0626974008592327,286.0905641822071,euro/tCO2,MtCO2
Carbone,2024*,149.0866024211778,83.11660242117782,44.6,0.0,65.97,65.97,0.0,0.01676913568417916,286.1073333178912,euro/tCO2,MtCO2
Carbone,2024*,150.7882370774595,150.7882370774595,44.6,0.0,0.0,0.0,0.0,1.433962955325596,287.5412962732169,euro/tCO2,MtCO2
Carbone,2024*,154.7859946038754,154.7859946038754,0.0,0.0,0.0,0.0,0.0,0.04500995630080001,287.5863062295176,euro/tCO2,MtCO2
Carbone,2024*,158.4507657899445,92.48076578994454,44.6,0.0,65.97,0.0,0.0,0.08995264709324109,287.6762588766109,euro/tCO2,MtCO2
Carbone,2024*,158.4507657899445,92.48076578994454,44.6,0.0,65.97,65.97,0.0,0.07325465783108127,287.749513534442,euro/tCO2,MtCO2
Carbone,2024*,168.4484403888591,168.4484403888591,0.0,0.0,0.0,0.0,0.0,21.11078370029938,308.8602972347413,euro/tCO2,MtCO2
Carbone,2024*,221.4170692431562,221.4170692431562,44.6,0.0,0.0,0.0,0.0,1.739753531845595,310.6000507665869,euro/tCO2,MtCO2
Carbone,2024*,225.4428341384863,225.4428341384863,44.6,0.0,0.0,0.0,0.0,8.246557748253787,318.8466085148407,euro/tCO2,MtCO2
Carbone,2024*,226.4492753623189,226.4492753623189,44.6,0.0,0.0,0.0,0.0,44.8661789892364,363.7127875040771,euro/tCO2,MtCO2
Carbone,2024*,233.4943639291466,233.4943639291466,44.6,0.0,0.0,0.0,0.0,6.103667038443363,369.8164545425205,euro/tCO2,MtCO2
Carbone,2024*,252.9896421845575,252.9896421845575,44.6,0.0,0.0,0.0,0.0,0.09383994185203753,369.9102944843725,euro/tCO2,MtCO2
Carbone,2024*,253.5546139359699,253.5546139359699,44.6,0.0,0.0,0.0,0.0,0.4985580124307283,370.4088524968033,euro/tCO2,MtCO2
Carbone,2024*,254.576943771859,254.576943771859,44.6,0.0,0.0,0.0,0.0,0.005095736415062355,370.4139482332183,euro/tCO2,MtCO2
Carbone,2024*,257.4152542372882,257.4152542372882,44.6,0.0,0.0,0.0,0.0,0.1184568435117011,370.53240507673,euro/tCO2,MtCO2
Carbone,2024*,258.3602367500673,258.3602367500673,44.6,0.0,0.0,0.0,0.0,0.0303857599666582,370.5627908366966,euro/tCO2,MtCO2
Carbone,2024*,260.5562281409739,260.5562281409739,44.6,0.0,0.0,0.0,0.0,0.04083024607068658,370.6036210827673,euro/tCO2,MtCO2
Carbone,2024*,261.1211998923864,261.1211998923864,44.6,0.0,0.0,0.0,0.0,0.2096330960759028,370.8132541788432,euro/tCO2,MtCO2
Carbone,2024*,264.9818401937047,264.9818401937047,44.6,0.0,0.0,0.0,0.0,0.03696310283206607,370.8502172816753,euro/tCO2,MtCO2
Carbone,2024*,286.8887498415936,286.8887498415936,44.6,0.0,0.0,0.0,0.0,0.5216397327661139,371.3718570144414,euro/tCO2,MtCO2
Carbone,2024*,288.3132511650724,288.3132511650724,44.6,0.0,0.0,0.0,0.0,2.23561572114952,373.6074727355909,euro/tCO2,MtCO2
Carbone,2024*,288.9571069413785,288.9571069413785,44.6,0.0,0.0,0.0,0.0,11.87750235664701,385.484975092238,euro/tCO2,MtCO2
Carbone,2024*,290.1221792985038,290.1221792985038,44.6,0.0,0.0,0.0,0.0,0.1879441870630691,385.672919279301,euro/tCO2,MtCO2
Carbone,2024*,293.3567880794702,293.3567880794702,44.6,0.0,0.0,0.0,0.0,2.822081689373483,388.4950009686745,euro/tCO2,MtCO2
Carbone,2024*,294.4337135148393,294.4337135148393,44.6,0.0,0.0,0.0,0.0,1.120706898878568,389.6157078675531,euro/tCO2,MtCO2
Carbone,2024*,296.9363195977434,296.9363195977434,44.6,0.0,0.0,0.0,0.0,1.505927069276474,391.1216349368295,euro/tCO2,MtCO2
Carbone,2024*,297.5801753740496,297.5801753740496,44.6,0.0,0.0,0.0,0.0,7.731820999814742,398.8534559366443,euro/tCO2,MtCO2
Carbone,2024*,301.9798565121413,301.9798565121413,44.6,0.0,0.0,0.0,0.0,1.36329663609892,400.2167525727432,euro/tCO2,MtCO2
Energie,2017,0.0,0.0,0.0,0.0,0.0,0.0,,395.0254920938875,395.0254920938875,euro/MWh,TWh
Energie,2017,0.0,0.0,2.724248112023177,0.0,0.0,0.0,,16.42554283835393,411.4510349322414,euro/MWh,TWh
Energie,2017,0.119,0.119,0.0,0.0,0.0,0.0,,2.215780500000001,413.6668154322414,euro/MWh,TWh
Energie,2017,0.167,0.167,0.0,0.0,0.0,0.0,,0.2222277777777779,413.8890432100192,euro/MWh,TWh
Energie,2017,0.5,0.5,0.0,0.0,0.0,0.0,,12.87845349918715,426.7674967092063,euro/MWh,TWh
Energie,2017,1.0,1.0,0.0,0.0,0.0,0.0,,5.539173809548043,432.3066705187543,euro/MWh,TWh
Energie,2017,1.101574658995131,0.0,0.0,0.0,1.101574658995131,0.0,,33.93038900669881,466.2370595254532,euro/MWh,TWh
Energie,2017,1.101574658995131,0.0,0.0,0.0,1.101574658995131,1.101574658995131,,3.550211629528318,469.7872711549815,euro/MWh,TWh
Energie,2017,1.101574658995131,0.0,2.724248112023177,0.0,1.101574658995131,0.0,,1.728180975871504,471.515452130853,euro/MWh,TWh
Energie,2017,1.101574658995131,0.0,2.724248112023177,0.0,1.101574658995131,1.101574658995131,,0.2454674048940943,471.7609195357471,euro/MWh,TWh
Energie,2017,1.159563211798837,0.0,0.0,0.0,1.159563211798837,0.0,,34.15920643091893,505.920125966666,euro/MWh,TWh
Energie,2017,1.159563211798837,0.0,0.0,0.0,1.159563211798837,1.159563211798837,,1.22431620544231,507.1444421721083,euro/MWh,TWh
Energie,2017,1.19,1.19,0.0,0.0,0.0,0.0,,2.350425501888012,509.4948676739963,euro/MWh,TWh
Energie,2017,1.52,1.52,0.0,0.0,0.0,0.0,,0.1725963773607593,509.6674640513571,euro/MWh,TWh
Energie,2017,1.523498537817795,0.0,0.0,0.0,1.523498537817795,0.0,,7.758128694861301,517.4255927462184,euro/MWh,TWh
Energie,2017,1.523498537817795,0.0,0.0,0.0,1.523498537817795,1.523498537817795,,8.075049264817338,525.5006420110358,euro/MWh,TWh
Energie,2017,1.548855539402211,0.0,0.0,0.0,1.548855539402211,0.0,,12.65635347189993,538.1569954829357,euro/MWh,TWh
Energie,2017,1.548855539402211,0.0,0.0,0.0,1.548855539402211,1.548855539402211,,0.7017571624535981,538.8587526453892,euro/MWh,TWh
Energie,2017,1.6,1.6,1.405908,0.0,0.0,0.0,,2.274904287616862,541.1336569330061,euro/MWh,TWh
Energie,2017,1.621185347200382,0.0,0.0,0.0,1.621185347200382,0.0,,1.827531814656669,542.9611887476628,euro/MWh,TWh
Energie,2017,1.621185347200382,0.0,0.0,0.0,1.621185347200382,1.621185347200382,,0.03611633561111693,542.9973050832739,euro/MWh,TWh
Energie,2017,1.716793713830147,0.0,0.0,0.0,1.716793713830147,0.0,,26.30947994143743,569.3067850247113,euro/MWh,TWh
Energie,2017,1.716793713830147,0.0,0.0,0.0,1.716793713830147,1.716793713830147,,2.255694858483795,571.5624798831951,euro/MWh,TWh
Energie,2017,1.966206844168668,0.0,0.0,0.0,1.966206844168668,0.0,,5.629303484225963,577.1917833674211,euro/MWh,TWh
Energie,2017,1.966206844168668,0.0,0.0,0.0,1.966206844168668,1.966206844168668,,0.2061915360553721,577.3979749034764,euro/MWh,TWh
Energie,2017,2.0,2.0,0.0,0.0,0.0,0.0,,11.37546898554271,588.7734438890192,euro/MWh,TWh
Energie,2017,2.099227180349212,0.0,0.0,0.0,2.099227180349212,0.0,,0.0712663402762713,588.8447102292954,euro/MWh,TWh
Energie,2017,2.099227180349212,0.0,0.0,0.0,2.099227180349212,2.099227180349212,,0.001848097825981222,588.8465583271214,euro/MWh,TWh
Energie,2017,2.223933745518472,0.0,0.0,0.0,2.223933745518472,0.0,,2.127372957356513,590.973931284478,euro/MWh,TWh
Energie,2017,2.223933745518472,0.0,0.0,0.0,2.223933745518472,2.223933745518472,,0.09564905142889797,591.0695803359068,euro/MWh,TWh
Energie,2017,2.5,2.5,0.0,0.0,0.0,0.0,,3.645078976536649,594.7146593124435,euro/MWh,TWh
Energie,2017,2.679563211798837,1.52,0.0,0.0,1.159563211798837,0.0,,46.99465166769884,641.7093109801423,euro/MWh,TWh
Energie,2017,2.679563211798837,1.52,0.0,0.0,1.159563211798837,1.159563211798837,,9.677378648411782,651.3866896285541,euro/MWh,TWh
Energie,2017,2.759563211798837,1.6,1.405908,0.0,1.159563211798837,0.0,,0.0,651.3866896285541,euro/MWh,TWh
Energie,2017,2.759563211798837,1.6,1.405908,0.0,1.159563211798837,1.159563211798837,,0.0,651.3866896285541,euro/MWh,TWh
Energie,2017,3.156206844168668,1.19,0.0,0.0,1.966206844168668,0.0,,2.250316256204473,653.6370058847585,euro/MWh,TWh
Energie,2017,3.156206844168668,1.19,0.0,0.0,1.966206844168668,1.966206844168668,,1.703611901782029,655.3406177865406,euro/MWh,TWh
Energie,2017,3.289227180349212,1.19,0.0,0.0,2.099227180349212,0.0,,0.0684048391614396,655.409022625702,euro/MWh,TWh
Energie,2017,3.289227180349212,1.19,0.0,0.0,2.099227180349212,2.099227180349212,,0.01782649454734982,655.4268491202494,euro/MWh,TWh
Energie,2017,3.413933745518472,1.19,0.0,0.0,2.223933745518472,0.0,,0.3622993600812981,655.7891484803307,euro/MWh,TWh
Energie,2017,3.413933745518472,1.19,0.0,0.0,2.223933745518472,2.223933745518472,,0.149658112536843,655.9388065928675,euro/MWh,TWh
Energie,2017,3.86,3.86,0.0,0.0,0.0,0.0,,25.43914274754932,681.3779493404169,euro/MWh,TWh
Energie,2017,5.0,5.0,0.0,0.0,0.0,0.0,,14.90263242260034,696.2805817630172,euro/MWh,TWh
Energie,2017,5.5,5.5,0.0,0.0,0.0,0.0,,1.673678566965238,697.9542603299824,euro/MWh,TWh
Energie,2017,5.88,5.88,6.125742,0.0,0.0,0.0,,237.69488246263,935.6491427926125,euro/MWh,TWh
Energie,2017,5.99,5.99,6.125742,0.0,0.0,0.0,,4.453986347463533,940.103129140076,euro/MWh,TWh
Energie,2017,7.039563211798837,5.88,6.125742,0.0,1.159563211798837,0.0,,26.77214378610566,966.8752729261817,euro/MWh,TWh
Energie,2017,7.039563211798837,5.88,6.125742,0.0,1.159563211798837,1.159563211798837,,2.704192524008083,969.5794654501898,euro/MWh,TWh
Energie,2017,7.5,7.5,0.0,0.0,0.0,0.0,,32.23163031145294,1001.811095761643,euro/MWh,TWh
Energie,2017,8.586,8.586,8.5644,0.0,0.0,0.0,,0.5582574515918157,1002.369353213234,euro/MWh,TWh
Energie,2017,10.20718534720038,8.586,8.5644,0.0,1.621185347200382,0.0,,1.428396650115702,1003.79774986335,euro/MWh,TWh
Energie,2017,10.20718534720038,8.586,8.5644,0.0,1.621185347200382,1.621185347200382,,0.2585215265990899,1004.056271389949,euro/MWh,TWh
Energie,2017,11.89,11.89,8.182296,0.0,0.0,0.0,,93.11192150321753,1097.168192893167,euro/MWh,TWh
Energie,2017,12.0,12.0,0.0,0.0,0.0,0.0,,1.90846273,1099.076655623167,euro/MWh,TWh
Energie,2017,12.9132,12.9132,5.8194,0.0,0.0,0.0,,0.9598273256558015,1100.036482948823,euro/MWh,TWh
Energie,2017,13.43885553940221,11.89,8.182296,0.0,1.548855539402211,0.0,,0.9889992741758862,1101.025482222999,euro/MWh,TWh
Energie,2017,13.43885553940221,11.89,8.182296,0.0,1.548855539402211,1.548855539402211,,0.2059629427602641,1101.231445165759,euro/MWh,TWh
Energie,2017,14.2335,14.2335,7.958304,0.0,0.0,0.0,,0.8792819141772841,1102.110727079936,euro/MWh,TWh
Energie,2017,15.09,15.09,8.182296,0.0,0.0,0.0,,3.872474715351907,1105.983201795288,euro/MWh,TWh
Energie,2017,16.63885553940221,15.09,8.182296,0.0,1.548855539402211,0.0,,0.0971309574984636,1106.080332752786,euro/MWh,TWh
Energie,2017,16.63885553940221,15.09,8.182296,0.0,1.548855539402211,1.548855539402211,,0.008055576672610748,1106.088388329459,euro/MWh,TWh
Energie,2017,25.573,25.573,0.0,0.0,0.0,0.0,,168.3645858536787,1274.452974183138,euro/MWh,TWh
Energie,2017,30.2,30.2,0.0,0.0,0.0,0.0,,1.664669766998341,1276.117643950136,euro/MWh,TWh
Energie,2017,31.717,31.717,0.0,0.0,0.0,0.0,,161.31533,1437.432973950136,euro/MWh,TWh
Energie,2017,39.19,39.19,0.0,0.0,0.0,0.0,,9.715842371250757,1447.148816321387,euro/MWh,TWh
Energie,2017,39.79,39.79,8.04834,0.0,0.0,0.0,,3.463727777777778,1450.612544099165,euro/MWh,TWh
Energie,2017,40.388,40.388,0.0,0.0,0.0,0.0,,0.1593563015103149,1450.771900400675,euro/MWh,TWh
Energie,2017,43.19,43.19,0.0,0.0,0.0,0.0,,81.48411270791428,1532.256013108589,euro/MWh,TWh
Energie,2017,44.354,44.354,8.04834,0.0,0.0,0.0,,2.102124444444445,1534.358137553034,euro/MWh,TWh
Energie,2017,53.07,53.07,8.182296,0.0,0.0,0.0,,8.514003630423193,1542.872141183457,euro/MWh,TWh
Energie,2017,54.42,54.42,8.182296,0.0,0.0,0.0,,275.4813769186824,1818.353518102139,euro/MWh,TWh
Energie,2017,56.31,56.31,8.182296,0.0,0.0,0.0,,31.79777349568247,1850.151291597822,euro/MWh,TWh
Energie,2017,71.71701312415145,71.71701312415145,7.958304,0.0,0.0,0.0,,27.65389982155493,1877.805191419377,euro/MWh,TWh
Energie,2017,71.71701312415145,71.71701312415145,9.069479999999999,0.0,0.0,0.0,,1.109929333218448,1878.915120752595,euro/MWh,TWh
Energie,2017,72.0785154488212,72.0785154488212,7.958304,0.0,0.0,0.0,,0.7625040529062646,1879.677624805501,euro/MWh,TWh
Energie,2017,72.0785154488212,72.0785154488212,9.069479999999999,0.0,0.0,0.0,,0.02058602356196913,1879.698210829063,euro/MWh,TWh
Energie,2017,72.86358606124604,72.86358606124604,7.958304,0.0,0.0,0.0,,6.334331201027268,1886.032542030091,euro/MWh,TWh
Energie,2017,72.86358606124604,72.86358606124604,9.069479999999999,0.0,0.0,0.0,,0.2542375596826649,1886.286779589773,euro/MWh,TWh
Energie,2017,73.2038,73.2038,7.958304,0.0,0.0,0.0,,3.496162170531521,1889.782941760305,euro/MWh,TWh
Energie,2017,73.2038,73.2038,9.069479999999999,0.0,0.0,0.0,,0.09438910723780064,1889.877330867543,euro/MWh,TWh
Energie,2017,74.02475911553667,74.02475911553667,7.958304,0.0,0.0,0.0,,45.89318775297548,1935.770518620518,euro/MWh,TWh
Energie,2017,74.02475911553667,74.02475911553667,9.069479999999999,0.0,0.0,0.0,,1.239020620042221,1937.00953924056,euro/MWh,TWh
Energie,2017,75.1722553814614,75.1722553814614,7.958304,0.0,0.0,0.0,,6.40508879393532,1943.414628034496,euro/MWh,TWh
Energie,2017,75.1722553814614,75.1722553814614,9.069479999999999,0.0,0.0,0.0,,0.1729240760437848,1943.587552110539,euro/MWh,TWh
Energie,2018,0.0,0.0,0.0,0.0,0.0,0.0,,392.2905457196435,392.2905457196435,euro/MWh,TWh
Energie,2018,0.119,0.119,0.0,0.0,0.0,0.0,,2.550482694444443,394.8410284140879,euro/MWh,TWh
Energie,2018,0.167,0.167,0.0,0.0,0.0,0.0,,0.2222277777777779,395.0632561918657,euro/MWh,TWh
Energie,2018,0.5,0.5,0.0,0.0,0.0,0.0,,12.86032341712474,407.9235796089905,euro/MWh,TWh
Energie,2018,0.712,0.712,0.0,0.0,0.0,0.0,,3.312495385002747,411.2360749939932,euro/MWh,TWh
Energie,2018,1.0,1.0,0.0,0.0,0.0,0.0,,5.512055567715396,416.7481305617086,euro/MWh,TWh
Energie,2018,1.19,1.19,0.0,0.0,0.0,0.0,,2.51393376357693,419.2620643252855,euro/MWh,TWh
Energie,2018,1.52,1.52,0.0,0.0,0.0,0.0,,0.3008371939659279,419.5629015192515,euro/MWh,TWh
Energie,2018,1.6,1.6,1.405908,0.0,0.0,0.0,,2.968220570694977,422.5311220899465,euro/MWh,TWh
Energie,2018,2.0,2.0,0.0,0.0,0.0,0.0,,11.320441299669,433.8515633896154,euro/MWh,TWh
Energie,2018,2.5,2.5,0.0,0.0,0.0,0.0,,3.627173068763164,437.4787364583786,euro/MWh,TWh
Energie,2018,2.876974642652453,0.0,0.0,0.0,2.876974642652453,0.0,,30.39473145691113,467.8734679152897,euro/MWh,TWh
Energie,2018,2.876974642652453,0.0,0.0,0.0,2.876974642652453,2.876974642652453,,6.012856118013922,473.8863240333037,euro/MWh,TWh
Energie,2018,3.028422930444912,0.0,0.0,0.0,3.028422930444912,0.0,,30.518208060838,504.4045320941416,euro/MWh,TWh
Energie,2018,3.028422930444912,0.0,0.0,0.0,3.028422930444912,3.028422930444912,,3.126898590319956,507.5314306844616,euro/MWh,TWh
Energie,2018,3.86,3.86,0.0,0.0,0.0,0.0,,31.08550310151778,538.6169337859794,euro/MWh,TWh
Energie,2018,3.978910213328769,0.0,0.0,0.0,3.978910213328769,0.0,,7.758189328482644,546.375123114462,euro/MWh,TWh
Energie,2018,3.978910213328769,0.0,0.0,0.0,3.978910213328769,3.978910213328769,,8.300060633621342,554.6751837480833,euro/MWh,TWh
Energie,2018,4.045134912650203,0.0,0.0,0.0,4.045134912650203,0.0,,9.771078609974902,564.4462623580582,euro/MWh,TWh
Energie,2018,4.045134912650203,0.0,0.0,0.0,4.045134912650203,4.045134912650203,,1.97534492377589,566.4216072818341,euro/MWh,TWh
Energie,2018,4.234038153337572,0.0,0.0,0.0,4.234038153337572,0.0,,1.249267232260461,567.6708745140946,euro/MWh,TWh
Energie,2018,4.234038153337572,0.0,0.0,0.0,4.234038153337572,4.234038153337572,,0.1327564256844274,567.803630939779,euro/MWh,TWh
Energie,2018,4.483737839303633,0.0,0.0,0.0,4.483737839303633,0.0,,23.27454507677534,591.0781760165544,euro/MWh,TWh
Energie,2018,4.483737839303633,0.0,0.0,0.0,4.483737839303633,4.483737839303633,,3.685334327267197,594.7635103438216,euro/MWh,TWh
Energie,2018,4.548422930444912,1.52,0.0,0.0,3.028422930444912,0.0,,45.19697049735832,639.9604808411799,euro/MWh,TWh
Energie,2018,4.548422930444912,1.52,0.0,0.0,3.028422930444912,3.028422930444912,,12.20283293815345,652.1633137793334,euro/MWh,TWh
Energie,2018,4.628422930444912,1.6,1.405908,0.0,3.028422930444912,0.0,,0.0,652.1633137793334,euro/MWh,TWh
Energie,2018,4.628422930444912,1.6,1.405908,0.0,3.028422930444912,3.028422930444912,,0.0,652.1633137793334,euro/MWh,TWh
Energie,2018,5.0,5.0,0.0,0.0,0.0,0.0,,14.77991674485439,666.9432305241877,euro/MWh,TWh
Energie,2018,5.135128324432491,0.0,0.0,0.0,5.135128324432491,0.0,,4.899057441159822,671.8422879653475,euro/MWh,TWh
Energie,2018,5.135128324432491,0.0,0.0,0.0,5.135128324432491,5.135128324432491,,0.6030036196682526,672.4452915850159,euro/MWh,TWh
Energie,2018,5.189,5.189,2.724248112023177,0.0,0.0,0.0,,15.38705442002327,687.8323460050391,euro/MWh,TWh
Energie,2018,5.482536583167881,0.0,0.0,0.0,5.482536583167881,0.0,,0.08038994962688058,687.912735954666,euro/MWh,TWh
Energie,2018,5.482536583167881,0.0,0.0,0.0,5.482536583167881,5.482536583167881,,0.007544217481514823,687.9202801721475,euro/MWh,TWh
Energie,2018,5.5,5.5,0.0,0.0,0.0,0.0,,1.66551387500003,689.5857940471475,euro/MWh,TWh
Energie,2018,5.808231825732309,0.0,0.0,0.0,5.808231825732309,0.0,,2.389961316045988,691.9757553631935,euro/MWh,TWh
Energie,2018,5.808231825732309,0.0,0.0,0.0,5.808231825732309,5.808231825732309,,0.1300319861296436,692.1057873493231,euro/MWh,TWh
Energie,2018,5.99,5.99,6.125742,0.0,0.0,0.0,,4.709191957828771,696.8149793071519,euro/MWh,TWh
Energie,2018,6.325128324432491,1.19,0.0,0.0,5.135128324432491,0.0,,2.573056287540913,699.3880355946928,euro/MWh,TWh
Energie,2018,6.325128324432491,1.19,0.0,0.0,5.135128324432491,5.135128324432491,,1.882392828563944,701.2704284232568,euro/MWh,TWh
Energie,2018,6.672536583167881,1.19,0.0,0.0,5.482536583167881,0.0,,0.1207904210181512,701.3912188442749,euro/MWh,TWh
Energie,2018,6.672536583167881,1.19,0.0,0.0,5.482536583167881,5.482536583167881,,0.0420298084157201,701.4332486526906,euro/MWh,TWh
Energie,2018,6.99823182573231,1.19,0.0,0.0,5.808231825732309,0.0,,0.4419914652926307,701.8752401179833,euro/MWh,TWh
Energie,2018,6.99823182573231,1.19,0.0,0.0,5.808231825732309,5.808231825732309,,0.1983315508812284,702.0735716688645,euro/MWh,TWh
Energie,2018,7.5,7.5,0.0,0.0,0.0,0.0,,32.07691650525119,734.1504881741157,euro/MWh,TWh
Energie,2018,8.065974642652453,5.189,2.724248112023177,0.0,2.876974642652453,0.0,,1.875311234042062,736.0257994081577,euro/MWh,TWh
Energie,2018,8.065974642652453,5.189,2.724248112023177,0.0,2.876974642652453,2.876974642652453,,0.4121326050940194,736.4379320132517,euro/MWh,TWh
Energie,2018,8.45,8.45,8.478875899280576,0.0,0.0,0.0,,227.3037370988892,963.7416691121409,euro/MWh,TWh
Energie,2018,11.47842293044491,8.45,8.478875899280576,0.0,3.028422930444912,0.0,,32.28530831977312,996.026977431914,euro/MWh,TWh
Energie,2018,11.47842293044491,8.45,8.478875899280576,0.0,3.028422930444912,3.028422930444912,,5.193342711585454,1001.2203201435,euro/MWh,TWh
Energie,2018,12.0,12.0,0.0,0.0,0.0,0.0,,1.90846273,1003.1287828735,euro/MWh,TWh
Energie,2018,12.555,12.555,12.52368,0.0,0.0,0.0,,0.3787030293621386,1003.507485902862,euro/MWh,TWh
Energie,2018,15.62,15.62,11.9649312,0.0,0.0,0.0,,68.13642208677192,1071.643907989634,euro/MWh,TWh
Energie,2018,16.208,16.208,8.50968,0.0,0.0,0.0,,0.825755369694964,1072.469663359328,euro/MWh,TWh
Energie,2018,16.78903815333757,12.555,12.52368,0.0,4.234038153337572,0.0,,1.364114463588514,1073.833777822917,euro/MWh,TWh
Energie,2018,16.78903815333757,12.555,12.52368,0.0,4.234038153337572,4.234038153337572,,0.2286984603826808,1074.0624762833,euro/MWh,TWh
Energie,2018,17.894,17.894,11.6373888,0.0,0.0,0.0,,1.350562981035042,1075.413039264335,euro/MWh,TWh
Energie,2018,18.82,18.82,11.9649312,0.0,0.0,0.0,,17.06817615947035,1092.481215423805,euro/MWh,TWh
Energie,2018,19.6651349126502,15.62,11.9649312,0.0,4.045134912650203,0.0,,0.9901756552684498,1093.471391079074,euro/MWh,TWh
Energie,2018,19.6651349126502,15.62,11.9649312,0.0,4.045134912650203,4.045134912650203,,0.2518942323780737,1093.723285311452,euro/MWh,TWh
Energie,2018,22.8651349126502,18.82,11.9649312,0.0,4.045134912650203,0.0,,0.734559004886566,1094.457844316338,euro/MWh,TWh
Energie,2018,22.8651349126502,18.82,11.9649312,0.0,4.045134912650203,4.045134912650203,,0.1557717196331047,1094.613616035971,euro/MWh,TWh
Energie,2018,25.573,25.573,0.0,0.0,0.0,0.0,,167.4887477611097,1262.102363797081,euro/MWh,TWh
Energie,2018,30.2,30.2,0.0,0.0,0.0,0.0,,1.713289560173913,1263.815653357255,euro/MWh,TWh
Energie,2018,31.717,31.717,0.0,0.0,0.0,0.0,,160.47729,1424.292943357255,euro/MWh,TWh
Energie,2018,39.19,39.19,0.0,0.0,0.0,0.0,,9.728901558666667,1434.021844915922,euro/MWh,TWh
Energie,2018,39.79,39.79,11.769048,0.0,0.0,0.0,,3.695952809444444,1437.717797725366,euro/MWh,TWh
Energie,2018,40.388,40.388,0.0,0.0,0.0,0.0,,0.1797748203091788,1437.897572545675,euro/MWh,TWh
Energie,2018,43.19,43.19,0.0,0.0,0.0,0.0,,86.24108373630564,1524.138656281981,euro/MWh,TWh
Energie,2018,48.16572328726409,48.16572328726409,11.769048,0.0,0.0,0.0,,1.959836896111111,1526.098493178092,euro/MWh,TWh
Energie,2018,59.4,59.4,11.9649312,0.0,0.0,0.0,,8.109484964489816,1534.207978142582,euro/MWh,TWh
Energie,2018,60.48,60.48,11.9649312,0.0,0.0,0.0,,39.86899856827549,1574.076976710857,euro/MWh,TWh
Energie,2018,60.75,60.75,11.9649312,0.0,0.0,0.0,,217.834274580025,1791.911251290882,euro/MWh,TWh
Energie,2018,62.64,62.64,11.9649312,0.0,0.0,0.0,,30.06452353148356,1821.975774822366,euro/MWh,TWh
Energie,2018,75.229,75.229,11.6373888,0.0,0.0,0.0,,5.090483827156509,1827.066258649522,euro/MWh,TWh
Energie,2018,75.229,75.229,13.262256,0.0,0.0,0.0,,0.2085357660323271,1827.274794415555,euro/MWh,TWh
Energie,2018,75.397,75.397,11.6373888,0.0,0.0,0.0,,26.82338592047866,1854.098180336033,euro/MWh,TWh
Energie,2018,75.397,75.397,13.262256,0.0,0.0,0.0,,1.098841587643802,1855.197021923677,euro/MWh,TWh
Energie,2018,75.701,75.701,11.6373888,0.0,0.0,0.0,,0.8101960602900407,1856.007217983967,euro/MWh,TWh
Energie,2018,75.701,75.701,13.262256,0.0,0.0,0.0,,0.02231251701600708,1856.029530500983,euro/MWh,TWh
Energie,2018,76.545,76.545,11.6373888,0.0,0.0,0.0,,6.964865667080783,1862.994396168064,euro/MWh,TWh
Energie,2018,76.545,76.545,13.262256,0.0,0.0,0.0,,0.2853213263243495,1863.279717494388,euro/MWh,TWh
Energie,2018,76.826,76.826,11.6373888,0.0,0.0,0.0,,3.55702179326841,1866.836739287657,euro/MWh,TWh
Energie,2018,76.826,76.826,13.262256,0.0,0.0,0.0,,0.09795913998914939,1866.934698427646,euro/MWh,TWh
Energie,2018,77.479,77.479,11.6373888,0.0,0.0,0.0,,7.039983326052941,1873.974681753699,euro/MWh,TWh
Energie,2018,77.479,77.479,13.262256,0.0,0.0,0.0,,0.1938786862265532,1874.168560439925,euro/MWh,TWh
Energie,2018,77.647,77.647,11.6373888,0.0,0.0,0.0,,36.83328489054184,1911.001845330467,euro/MWh,TWh
Energie,2018,77.647,77.647,13.262256,0.0,0.0,0.0,,1.014375823527753,1912.016221153995,euro/MWh,TWh
Energie,2018,78.795,78.795,11.6373888,0.0,0.0,0.0,,6.240941752285059,1918.25716290628,euro/MWh,TWh
Energie,2018,78.795,78.795,13.262256,0.0,0.0,0.0,,0.1718733598802235,1918.42903626616,euro/MWh,TWh
Energie,2019,0.0,0.0,0.0,0.0,0.0,0.0,,416.641602639518,416.641602639518,euro/MWh,TWh
Energie,2019,0.119,0.119,0.0,0.0,0.0,0.0,,2.632950722222221,419.2745533617402,euro/MWh,TWh
Energie,2019,0.167,0.167,0.0,0.0,0.0,0.0,,0.2222277777777779,419.496781139518,euro/MWh,TWh
Energie,2019,0.5,0.5,0.0,0.0,0.0,0.0,,12.81410789096872,432.3108890304867,euro/MWh,TWh
Energie,2019,0.712,0.712,0.0,0.0,0.0,0.0,,3.628327713302514,435.9392167437892,euro/MWh,TWh
Energie,2019,1.0,1.0,0.0,0.0,0.0,0.0,,5.44400335853031,441.3832201023196,euro/MWh,TWh
Energie,2019,1.19,1.19,0.0,0.0,0.0,0.0,,1.874327840443083,443.2575479427626,euro/MWh,TWh
Energie,2019,1.52,1.52,0.0,0.0,0.0,0.0,,0.2972314430803851,443.554779385843,euro/MWh,TWh
Energie,2019,1.6,1.6,1.405908,0.0,0.0,0.0,,4.270119404715826,447.8248987905588,euro/MWh,TWh
Energie,2019,2.0,2.0,0.0,0.0,0.0,0.0,,11.17931035740356,459.0042091479624,euro/MWh,TWh
Energie,2019,2.5,2.5,0.0,0.0,0.0,0.0,,3.582401115413979,462.5866102633764,euro/MWh,TWh
Energie,2019,3.86,3.86,0.0,0.0,0.0,0.0,,31.41258132498726,493.9991915883637,euro/MWh,TWh
Energie,2019,4.702480645081791,0.0,0.0,0.0,4.702480645081791,0.0,,32.63041316820804,526.6296047565717,euro/MWh,TWh
Energie,2019,4.702480645081791,0.0,0.0,0.0,4.702480645081791,4.702480645081791,,4.432018375505426,531.0616231320771,euro/MWh,TWh
Energie,2019,4.950026324322889,0.0,0.0,0.0,4.950026324322889,0.0,,32.82312316316932,563.8847462952464,euro/MWh,TWh
Energie,2019,4.950026324322889,0.0,0.0,0.0,4.950026324322889,4.950026324322889,,2.710821003325179,566.5955672985716,euro/MWh,TWh
Energie,2019,5.0,5.0,0.0,0.0,0.0,0.0,,14.48688915640761,581.0824564549793,euro/MWh,TWh
Energie,2019,5.189,5.189,2.724248112023177,0.0,0.0,0.0,,15.24063458438717,596.3230910393663,euro/MWh,TWh
Energie,2019,5.5,5.5,0.0,0.0,0.0,0.0,,1.644878022767396,597.9679690621338,euro/MWh,TWh
Energie,2019,5.99,5.99,6.125742,0.0,0.0,0.0,,4.563034141629339,602.5310032037631,euro/MWh,TWh
Energie,2019,6.470026324322889,1.52,0.0,0.0,4.950026324322889,0.0,,46.17054064550909,648.7015438492722,euro/MWh,TWh
Energie,2019,6.470026324322889,1.52,0.0,0.0,4.950026324322889,4.950026324322889,,11.47108976765213,660.1726336169244,euro/MWh,TWh
Energie,2019,6.503619458198024,0.0,0.0,0.0,6.503619458198024,0.0,,7.569300439593755,667.7419340565181,euro/MWh,TWh
Energie,2019,6.503619458198024,0.0,0.0,0.0,6.503619458198024,6.503619458198024,,8.428099893891169,676.1700339504092,euro/MWh,TWh
Energie,2019,6.550026324322889,1.6,1.405908,0.0,4.950026324322889,0.0,,0.0,676.1700339504092,euro/MWh,TWh
Energie,2019,6.550026324322889,1.6,1.405908,0.0,4.950026324322889,4.950026324322889,,0.0,676.1700339504092,euro/MWh,TWh
Energie,2019,6.611865239084811,0.0,0.0,0.0,6.611865239084811,0.0,,8.024025934596924,684.1940598850061,euro/MWh,TWh
Energie,2019,6.611865239084811,0.0,0.0,0.0,6.611865239084811,6.611865239084811,,1.02658252085541,685.2206424058616,euro/MWh,TWh
Energie,2019,6.920631892761881,0.0,0.0,0.0,6.920631892761881,0.0,,0.9178197301146347,686.1384621359762,euro/MWh,TWh
Energie,2019,6.920631892761881,0.0,0.0,0.0,6.920631892761881,6.920631892761881,,0.07734382743160005,686.2158059634078,euro/MWh,TWh
Energie,2019,7.328771722335016,0.0,0.0,0.0,7.328771722335016,0.0,,16.49132205140292,702.7071280148107,euro/MWh,TWh
Energie,2019,7.328771722335016,0.0,0.0,0.0,7.328771722335016,7.328771722335016,,1.844918929198296,704.552046944009,euro/MWh,TWh
Energie,2019,7.5,7.5,0.0,0.0,0.0,0.0,,31.68020971279914,736.2322566568082,euro/MWh,TWh
Energie,2019,8.393484321221461,0.0,0.0,0.0,8.393484321221461,0.0,,4.472538960510425,740.7047956173186,euro/MWh,TWh
Energie,2019,8.393484321221461,0.0,0.0,0.0,8.393484321221461,8.393484321221461,,0.4134636491283409,741.1182592664469,euro/MWh,TWh
Energie,2019,8.45,8.45,8.478875899280576,0.0,0.0,0.0,,225.0705278609659,966.1887871274129,euro/MWh,TWh
Energie,2019,8.961331040627563,0.0,0.0,0.0,8.961331040627563,0.0,,0.07441847607015928,966.263205603483,euro/MWh,TWh
Energie,2019,8.961331040627563,0.0,0.0,0.0,8.961331040627563,8.961331040627563,,0.006351929237735877,966.2695575327208,euro/MWh,TWh
Energie,2019,9.493687340070785,0.0,0.0,0.0,9.493687340070785,0.0,,2.259069670676952,968.5286272033977,euro/MWh,TWh
Energie,2019,9.493687340070785,0.0,0.0,0.0,9.493687340070785,9.493687340070785,,0.09749538356289779,968.6261225869606,euro/MWh,TWh
Energie,2019,9.58348432122146,1.19,0.0,0.0,8.393484321221461,0.0,,1.274572568530372,969.900695155491,euro/MWh,TWh
Energie,2019,9.58348432122146,1.19,0.0,0.0,8.393484321221461,8.393484321221461,,1.073149587655712,970.9738447431467,euro/MWh,TWh
Energie,2019,9.891480645081792,5.189,2.724248112023177,0.0,4.702480645081791,0.0,,1.995637298955867,972.9694820421025,euro/MWh,TWh
Energie,2019,9.891480645081792,5.189,2.724248112023177,0.0,4.702480645081791,4.702480645081791,,0.3972637625602737,973.3667458046629,euro/MWh,TWh
Energie,2019,10.15133104062756,1.19,0.0,0.0,8.961331040627563,0.0,,0.06912741249640304,973.4358732171593,euro/MWh,TWh
Energie,2019,10.15133104062756,1.19,0.0,0.0,8.961331040627563,8.961331040627563,,0.02739542877568408,973.4632686459349,euro/MWh,TWh
Energie,2019,10.68368734007078,1.19,0.0,0.0,9.493687340070785,0.0,,0.3843391720040166,973.847607817939,euro/MWh,TWh
Energie,2019,10.68368734007078,1.19,0.0,0.0,9.493687340070785,9.493687340070785,,0.1828838849489235,974.0304917028878,euro/MWh,TWh
Energie,2019,12.0,12.0,0.0,0.0,0.0,0.0,,1.90846273,975.9389544328878,euro/MWh,TWh
Energie,2019,12.555,12.555,12.52368,0.0,0.0,0.0,,0.3898684994943045,976.3288229323822,euro/MWh,TWh
Energie,2019,13.40002632432289,8.45,8.478875899280576,0.0,4.950026324322889,0.0,,17.56010442287268,993.8889273552549,euro/MWh,TWh
Energie,2019,13.40002632432289,8.45,8.478875899280576,0.0,4.950026324322889,4.950026324322889,,2.537558918222327,996.4264862734772,euro/MWh,TWh
Energie,2019,15.62,15.62,11.9649312,0.0,0.0,0.0,,64.15459986915737,1060.581086142635,euro/MWh,TWh
Energie,2019,16.208,16.208,8.50968,0.0,0.0,0.0,,0.7890610584900439,1061.370147201125,euro/MWh,TWh
Energie,2019,17.894,17.894,11.6373888,0.0,0.0,0.0,,2.471071265053907,1063.841218466179,euro/MWh,TWh
Energie,2019,18.82,18.82,11.9649312,0.0,0.0,0.0,,17.18720425903297,1081.028422725211,euro/MWh,TWh
Energie,2019,19.47563189276188,12.555,12.52368,0.0,6.920631892761881,0.0,,0.7762632110249146,1081.804685936236,euro/MWh,TWh
Energie,2019,19.47563189276188,12.555,12.52368,0.0,6.920631892761881,6.920631892761881,,0.114689198091893,1081.919375134328,euro/MWh,TWh
Energie,2019,22.23186523908481,15.62,11.9649312,0.0,6.611865239084811,0.0,,0.8207536622104595,1082.740128796539,euro/MWh,TWh
Energie,2019,22.23186523908481,15.62,11.9649312,0.0,6.611865239084811,6.611865239084811,,0.2157509748839116,1082.955879771423,euro/MWh,TWh
Energie,2019,25.43186523908481,18.82,11.9649312,0.0,6.611865239084811,0.0,,0.8441927171397456,1083.800072488562,euro/MWh,TWh
Energie,2019,25.43186523908481,18.82,11.9649312,0.0,6.611865239084811,6.611865239084811,,0.167916261553021,1083.967988750115,euro/MWh,TWh
Energie,2019,25.573,25.573,0.0,0.0,0.0,0.0,,163.588705101528,1247.556693851643,euro/MWh,TWh
Energie,2019,30.2,30.2,0.0,0.0,0.0,0.0,,1.587833712396135,1249.144527564039,euro/MWh,TWh
Energie,2019,31.84,31.84,0.0,0.0,0.0,0.0,,160.049593,1409.19412056404,euro/MWh,TWh
Energie,2019,39.19,39.19,0.0,0.0,0.0,0.0,,8.70525137816425,1417.899371942204,euro/MWh,TWh
Energie,2019,39.79,39.79,11.769048,0.0,0.0,0.0,,3.609741819444444,1421.509113761648,euro/MWh,TWh
Energie,2019,40.388,40.388,0.0,0.0,0.0,0.0,,0.1697621598204509,1421.678875921469,euro/MWh,TWh
Energie,2019,43.19,43.19,0.0,0.0,0.0,0.0,,83.31204085170508,1504.990916773174,euro/MWh,TWh
Energie,2019,48.16572328726409,48.16572328726409,11.769048,0.0,0.0,0.0,,2.041533096111111,1507.032449869285,euro/MWh,TWh
Energie,2019,59.4,59.4,11.9649312,0.0,0.0,0.0,,8.333898886470024,1515.366348755755,euro/MWh,TWh
Energie,2019,60.48,60.48,11.9649312,0.0,0.0,0.0,,39.43679926724118,1554.803148022996,euro/MWh,TWh
Energie,2019,60.75,60.75,11.9649312,0.0,0.0,0.0,,214.5570634485503,1769.360211471546,euro/MWh,TWh
Energie,2019,62.64,62.64,11.9649312,0.0,0.0,0.0,,29.1886638457443,1798.548875317291,euro/MWh,TWh
Energie,2019,75.229,75.229,11.6373888,0.0,0.0,0.0,,6.146730826611314,1804.695606143902,euro/MWh,TWh
Energie,2019,75.229,75.229,13.262256,0.0,0.0,0.0,,0.2137047105362477,1804.909310854438,euro/MWh,TWh
Energie,2019,75.397,75.397,11.6373888,0.0,0.0,0.0,,32.65746384391537,1837.566774698354,euro/MWh,TWh
Energie,2019,75.397,75.397,13.262256,0.0,0.0,0.0,,1.135409057998307,1838.702183756352,euro/MWh,TWh
Energie,2019,75.701,75.701,11.6373888,0.0,0.0,0.0,,0.8544416970593333,1839.556625453411,euro/MWh,TWh
Energie,2019,75.701,75.701,13.262256,0.0,0.0,0.0,,0.01994792745487648,1839.576573380866,euro/MWh,TWh
Energie,2019,76.545,76.545,11.6373888,0.0,0.0,0.0,,7.759532990121899,1847.336106370988,euro/MWh,TWh
Energie,2019,76.545,76.545,13.262256,0.0,0.0,0.0,,0.2697773496720134,1847.60588372066,euro/MWh,TWh
Energie,2019,76.826,76.826,11.6373888,0.0,0.0,0.0,,3.792161590422189,1851.398045311082,euro/MWh,TWh
Energie,2019,76.826,76.826,13.262256,0.0,0.0,0.0,,0.08853238853306798,1851.486577699615,euro/MWh,TWh
Energie,2019,77.479,77.479,11.6373888,0.0,0.0,0.0,,6.848269849330864,1858.334847548946,euro/MWh,TWh
Energie,2019,77.479,77.479,13.262256,0.0,0.0,0.0,,0.1598807626266672,1858.494728311573,euro/MWh,TWh
Energie,2019,77.647,77.647,11.6373888,0.0,0.0,0.0,,35.16030336102067,1893.655031672593,euro/MWh,TWh
Energie,2019,77.647,77.647,13.262256,0.0,0.0,0.0,,0.8208578574184284,1894.475889530012,euro/MWh,TWh
Energie,2019,78.795,78.795,11.6373888,0.0,0.0,0.0,,6.199727246370902,1900.675616776383,euro/MWh,TWh
Energie,2019,78.795,78.795,13.262256,0.0,0.0,0.0,,0.1447397871338201,1900.820356563517,euro/MWh,TWh
Energie,2020,0.0,0.0,0.0,0.0,0.0,0.0,,350.4811432489667,350.4811432489667,euro/MWh,TWh
Energie,2020,0.119,0.119,0.0,0.0,0.0,0.0,,2.688527444444444,353.1696706934111,euro/MWh,TWh
Energie,2020,0.167,0.167,0.0,0.0,0.0,0.0,,0.2222277777777779,353.3918984711889,euro/MWh,TWh
Energie,2020,0.5,0.5,0.0,0.0,0.0,0.0,,12.6709428919137,366.0628413631026,euro/MWh,TWh
Energie,2020,0.712,0.712,0.0,0.0,0.0,0.0,,3.701345016388967,369.7641863794916,euro/MWh,TWh
Energie,2020,1.0,1.0,0.0,0.0,0.0,0.0,,5.231228444151228,374.9954148236428,euro/MWh,TWh
Energie,2020,1.19,1.19,0.0,0.0,0.0,0.0,,1.897243886227666,376.8926587098705,euro/MWh,TWh
Energie,2020,1.52,1.52,0.0,0.0,0.0,0.0,,0.3656861168703189,377.2583448267408,euro/MWh,TWh
Energie,2020,1.6,1.6,1.405908,0.0,0.0,0.0,,10.69292901660001,387.9512738433408,euro/MWh,TWh
Energie,2020,2.0,2.0,0.0,0.0,0.0,0.0,,10.74350200159312,398.6947758449339,euro/MWh,TWh
Energie,2020,2.5,2.5,0.0,0.0,0.0,0.0,,3.441934940853737,402.1367107857877,euro/MWh,TWh
Energie,2020,3.86,3.86,0.0,0.0,0.0,0.0,,31.84443095129956,433.9811417370872,euro/MWh,TWh
Energie,2020,4.760937168611818,0.0,0.0,0.0,4.760937168611818,0.0,,27.56513031686881,461.546272053956,euro/MWh,TWh
Energie,2020,4.760937168611818,0.0,0.0,0.0,4.760937168611818,4.760937168611818,,1.025146270164724,462.5714183241208,euro/MWh,TWh
Energie,2020,5.0,5.0,0.0,0.0,0.0,0.0,,13.82655553635531,476.3979738604761,euro/MWh,TWh
Energie,2020,5.011560087487799,0.0,0.0,0.0,5.011560087487799,0.0,,26.09900720609599,502.4969810665721,euro/MWh,TWh
Energie,2020,5.011560087487799,0.0,0.0,0.0,5.011560087487799,5.011560087487799,,0.4711315560402363,502.9681126226123,euro/MWh,TWh
Energie,2020,5.189,5.189,2.724248112023177,0.0,0.0,0.0,,14.03896437021102,517.0070769928233,euro/MWh,TWh
Energie,2020,5.5,5.5,0.0,0.0,0.0,0.0,,1.58042015198747,518.5874971448108,euro/MWh,TWh
Energie,2020,5.99,5.99,5.2299999934308,0.0,0.0,0.0,,4.500778123742144,523.0882752685529,euro/MWh,TWh
Energie,2020,6.531560087487799,1.52,0.0,0.0,5.011560087487799,0.0,,46.46050237403811,569.5487776425911,euro/MWh,TWh
Energie,2020,6.531560087487799,1.52,0.0,0.0,5.011560087487799,5.011560087487799,,6.574179567207331,576.1229572097984,euro/MWh,TWh
Energie,2020,6.584465933193326,0.0,0.0,0.0,6.584465933193326,0.0,,7.04600954979536,583.1689667595938,euro/MWh,TWh
Energie,2020,6.584465933193326,0.0,0.0,0.0,6.584465933193326,6.584465933193326,,0.0,583.1689667595938,euro/MWh,TWh
Energie,2020,6.611560087487799,1.6,1.405908,0.0,5.011560087487799,0.0,,0.0,583.1689667595938,euro/MWh,TWh
Energie,2020,6.611560087487799,1.6,1.405908,0.0,5.011560087487799,5.011560087487799,,0.0,583.1689667595938,euro/MWh,TWh
Energie,2020,6.694057317074578,0.0,0.0,0.0,6.694057317074578,0.0,,7.667612932542637,590.8365796921364,euro/MWh,TWh
Energie,2020,6.694057317074578,0.0,0.0,0.0,6.694057317074578,6.694057317074578,,0.2479592850294894,591.0845389771658,euro/MWh,TWh
Energie,2020,7.006662248145695,0.0,0.0,0.0,7.006662248145695,0.0,,0.6383885738445407,591.7229275510105,euro/MWh,TWh
Energie,2020,7.006662248145695,0.0,0.0,0.0,7.006662248145695,7.006662248145695,,0.0107971146448588,591.7337246656552,euro/MWh,TWh
Energie,2020,7.419875662779927,0.0,0.0,0.0,7.419875662779927,0.0,,22.00884045682833,613.7425651224836,euro/MWh,TWh
Energie,2020,7.419875662779927,0.0,0.0,0.0,7.419875662779927,7.419875662779927,,0.6698889459574536,614.4124540684411,euro/MWh,TWh
Energie,2020,7.5,7.5,0.0,0.0,0.0,0.0,,30.45487775579408,644.8673318242352,euro/MWh,TWh
Energie,2020,8.45,8.45,8.478875899280576,0.0,0.0,0.0,,208.5991459026008,853.4664777268359,euro/MWh,TWh
Energie,2020,8.497823700956188,0.0,0.0,0.0,8.497823700956188,0.0,,4.130254027827357,857.5967317546633,euro/MWh,TWh
Energie,2020,8.497823700956188,0.0,0.0,0.0,8.497823700956188,8.497823700956188,,0.05786303346463226,857.654594788128,euro/MWh,TWh
Energie,2020,9.07272932131686,0.0,0.0,0.0,9.07272932131686,0.0,,0.05953706622035863,857.7141318543484,euro/MWh,TWh
Energie,2020,9.07272932131686,0.0,0.0,0.0,9.07272932131686,9.07272932131686,,0.001170834515665212,857.715302688864,euro/MWh,TWh
Energie,2020,9.611703340404992,0.0,0.0,0.0,9.611703340404992,0.0,,1.591123200689647,859.3064258895537,euro/MWh,TWh
Energie,2020,9.611703340404992,0.0,0.0,0.0,9.611703340404992,9.611703340404992,,0.000567498444119687,859.3069933879977,euro/MWh,TWh
Energie,2020,9.687823700956187,1.19,0.0,0.0,8.497823700956188,0.0,,1.536976784814177,860.843970172812,euro/MWh,TWh
Energie,2020,9.687823700956187,1.19,0.0,0.0,8.497823700956188,8.497823700956188,,1.09188834361881,861.9358585164307,euro/MWh,TWh
Energie,2020,9.949937168611818,5.189,2.724248112023177,0.0,4.760937168611818,0.0,,1.921979235149911,863.8578377515806,euro/MWh,TWh
Energie,2020,9.949937168611818,5.189,2.724248112023177,0.0,4.760937168611818,4.760937168611818,,0.2368080073360407,864.0946457589167,euro/MWh,TWh
Energie,2020,10.26272932131686,1.19,0.0,0.0,9.07272932131686,0.0,,0.0857159821201594,864.1803617410369,euro/MWh,TWh
Energie,2020,10.26272932131686,1.19,0.0,0.0,9.07272932131686,9.07272932131686,,0.02155233729435335,864.2019140783312,euro/MWh,TWh
Energie,2020,10.80170334040499,1.19,0.0,0.0,9.611703340404992,0.0,,0.3846579798025194,864.5865720581337,euro/MWh,TWh
Energie,2020,10.80170334040499,1.19,0.0,0.0,9.611703340404992,9.611703340404992,,0.1129671635586271,864.6995392216924,euro/MWh,TWh
Energie,2020,12.0,12.0,0.0,0.0,0.0,0.0,,1.90846273,866.6080019516924,euro/MWh,TWh
Energie,2020,12.555,12.555,12.52368,0.0,0.0,0.0,,0.431517263822085,867.0395192155145,euro/MWh,TWh
Energie,2020,13.4615600874878,8.45,8.478875899280576,0.0,5.011560087487799,0.0,,23.02122799039974,890.0607472059141,euro/MWh,TWh
Energie,2020,13.4615600874878,8.45,8.478875899280576,0.0,5.011560087487799,5.011560087487799,,1.650183493039481,891.7109306989537,euro/MWh,TWh
Energie,2020,15.62,15.62,11.9649312,0.0,0.0,0.0,,63.36306775924039,955.0739984581941,euro/MWh,TWh
Energie,2020,16.208,16.208,8.50968,0.0,0.0,0.0,,0.5576289082184298,955.6316273664124,euro/MWh,TWh
Energie,2020,17.894,17.894,11.6373888,0.0,0.0,0.0,,2.51083371879106,958.1424610852035,euro/MWh,TWh
Energie,2020,18.82,18.82,11.9649312,0.0,0.0,0.0,,17.52304220917939,975.6655032943829,euro/MWh,TWh
Energie,2020,19.56166224814569,12.555,12.52368,0.0,7.006662248145695,0.0,,0.4961752977385976,976.1616785921216,euro/MWh,TWh
Energie,2020,19.56166224814569,12.555,12.52368,0.0,7.006662248145695,7.006662248145695,,0.05339053286293496,976.2150691249844,euro/MWh,TWh
Energie,2020,22.31405731707458,15.62,11.9649312,0.0,6.694057317074578,0.0,,0.8103649487318245,977.0254340737163,euro/MWh,TWh
Energie,2020,22.31405731707458,15.62,11.9649312,0.0,6.694057317074578,6.694057317074578,,0.1231902275329877,977.1486243012492,euro/MWh,TWh
Energie,2020,25.51405731707458,18.82,11.9649312,0.0,6.694057317074578,0.0,,0.7916754089503699,977.9402997101996,euro/MWh,TWh
Energie,2020,25.51405731707458,18.82,11.9649312,0.0,6.694057317074578,6.694057317074578,,0.07614742680442624,978.0164471370041,euro/MWh,TWh
Energie,2020,25.695,25.695,0.0,0.0,0.0,0.0,,145.278009942181,1123.294457079185,euro/MWh,TWh
Energie,2020,30.2,30.2,0.0,0.0,0.0,0.0,,1.643011759611354,1124.937468838796,euro/MWh,TWh
Energie,2020,31.963,31.963,0.0,0.0,0.0,0.0,,161.922813,1286.860281838796,euro/MWh,TWh
Energie,2020,39.19,39.19,0.0,0.0,0.0,0.0,,8.044592351196506,1294.904874189993,euro/MWh,TWh
Energie,2020,39.79,39.79,11.769048,0.0,0.0,0.0,,3.262031326111111,1298.166905516104,euro/MWh,TWh
Energie,2020,40.388,40.388,0.0,0.0,0.0,0.0,,0.1828805699943394,1298.349786086098,euro/MWh,TWh
Energie,2020,45.19,45.19,0.0,0.0,0.0,0.0,,85.23524000497055,1383.585026091069,euro/MWh,TWh
Energie,2020,48.16572328726409,48.16572328726409,11.769048,0.0,0.0,0.0,,1.873673681666667,1385.458699772736,euro/MWh,TWh
Energie,2020,59.4,59.4,11.9649312,0.0,0.0,0.0,,6.86619617064893,1392.324895943384,euro/MWh,TWh
Energie,2020,60.48,60.48,11.9649312,0.0,0.0,0.0,,31.81612820131162,1424.141024144696,euro/MWh,TWh
Energie,2020,60.75,60.75,11.9649312,0.0,0.0,0.0,,173.1672995705619,1597.308323715258,euro/MWh,TWh
Energie,2020,62.64,62.64,11.9649312,0.0,0.0,0.0,,23.5903094650996,1620.898633180358,euro/MWh,TWh
Energie,2020,75.229,75.229,11.6373888,0.0,0.0,0.0,,5.38546108804724,1626.284094268405,euro/MWh,TWh
Energie,2020,75.229,75.229,13.262256,0.0,0.0,0.0,,0.2137574585769437,1626.497851726982,euro/MWh,TWh
Energie,2020,75.397,75.397,11.6373888,0.0,0.0,0.0,,28.58960197130008,1655.087453698282,euro/MWh,TWh
Energie,2020,75.397,75.397,13.262256,0.0,0.0,0.0,,1.134766468311335,1656.222220166593,euro/MWh,TWh
Energie,2020,75.701,75.701,11.6373888,0.0,0.0,0.0,,0.7025955768555898,1656.924815743449,euro/MWh,TWh
Energie,2020,75.701,75.701,13.262256,0.0,0.0,0.0,,0.01869910624843605,1656.943514849697,euro/MWh,TWh
Energie,2020,76.545,76.545,11.6373888,0.0,0.0,0.0,,6.853294018711992,1663.796808868409,euro/MWh,TWh
Energie,2020,76.545,76.545,13.262256,0.0,0.0,0.0,,0.2720180664886449,1664.068826934898,euro/MWh,TWh
Energie,2020,76.826,76.826,11.6373888,0.0,0.0,0.0,,3.372108794055306,1667.440935728953,euro/MWh,TWh
Energie,2020,76.826,76.826,13.262256,0.0,0.0,0.0,,0.08974639564844009,1667.530682124602,euro/MWh,TWh
Energie,2020,77.479,77.479,11.6373888,0.0,0.0,0.0,,5.669551477586045,1673.200233602188,euro/MWh,TWh
Energie,2020,77.479,77.479,13.262256,0.0,0.0,0.0,,0.1508912793542242,1673.351124881542,euro/MWh,TWh
Energie,2020,77.647,77.647,11.6373888,0.0,0.0,0.0,,29.15879568085105,1702.509920562393,euro/MWh,TWh
Energie,2020,77.647,77.647,13.262256,0.0,0.0,0.0,,0.7760416325887867,1703.285962194982,euro/MWh,TWh
Energie,2020,78.795,78.795,11.6373888,0.0,0.0,0.0,,5.123025521893429,1708.408987716875,euro/MWh,TWh
Energie,2020,78.795,78.795,13.262256,0.0,0.0,0.0,,0.1363458605533245,1708.545333577428,euro/MWh,TWh
Energie,2021,0.0,0.0,0.0,0.0,0.0,0.0,,390.54505153399,390.54505153399,euro/MWh,TWh
Energie,2021,0.119,0.119,0.0,0.0,0.0,0.0,,3.257795916666667,393.8028474506567,euro/MWh,TWh
Energie,2021,0.167,0.167,0.0,0.0,0.0,0.0,,0.2222277777777779,394.0250752284345,euro/MWh,TWh
Energie,2021,0.5,0.5,0.0,0.0,0.0,0.0,,12.80396900649158,406.8290442349261,euro/MWh,TWh
Energie,2021,0.712,0.712,0.0,0.0,0.0,0.0,,3.702758646521201,410.5318028814473,euro/MWh,TWh
Energie,2021,1.0,1.0,0.0,0.0,0.0,0.0,,5.428827419695081,415.9606303011423,euro/MWh,TWh
Energie,2021,1.19,1.19,0.0,0.0,0.0,0.0,,2.121812710120525,418.0824430112629,euro/MWh,TWh
Energie,2021,1.52,1.52,0.0,0.0,0.0,0.0,,0.2861614357978744,418.3686044470608,euro/MWh,TWh
Energie,2021,1.6,1.6,1.405908,0.0,0.0,0.0,,6.574138400200096,424.9427428472608,euro/MWh,TWh
Energie,2021,2.0,2.0,0.0,0.0,0.0,0.0,,11.14832342191473,436.0910662691755,euro/MWh,TWh
Energie,2021,2.5,2.5,0.0,0.0,0.0,0.0,,3.572057670541019,439.6631239397166,euro/MWh,TWh
Energie,2021,3.86,3.86,0.0,0.0,0.0,0.0,,32.23008061028327,471.8932045499998,euro/MWh,TWh
Energie,2021,5.0,5.0,0.0,0.0,0.0,0.0,,13.95312292631069,485.8463274763105,euro/MWh,TWh
Energie,2021,5.189,5.189,2.724248112023177,0.0,0.0,0.0,,15.48094614894892,501.3272736252595,euro/MWh,TWh
Energie,2021,5.23,5.23,5.2299999934308,0.0,0.0,0.0,,6.015698613365659,507.3429722386251,euro/MWh,TWh
Energie,2021,5.5,5.5,0.0,0.0,0.0,0.0,,1.640160146864013,508.9831323854891,euro/MWh,TWh
Energie,2021,5.956786327084803,8.43,8.478875899280576,-2.473213672915197,0.0,0.0,,137.47295825,646.4560906354891,euro/MWh,TWh
Energie,2021,7.5,7.5,0.0,0.0,0.0,0.0,,31.59304211573556,678.0491327512246,euro/MWh,TWh
Energie,2021,8.43,8.43,8.478875899280576,0.0,0.0,0.0,,98.321196232694,776.3703289839187,euro/MWh,TWh
Energie,2021,10.09991954845945,0.0,0.0,0.0,10.09991954845945,0.0,,18.84857439233195,795.2189033762506,euro/MWh,TWh
Energie,2021,10.09991954845945,0.0,0.0,0.0,10.09991954845945,10.09991954845945,,5.031141819751886,800.2500451960026,euro/MWh,TWh
Energie,2021,10.63159455865194,0.0,0.0,0.0,10.63159455865194,0.0,,27.76998520768072,828.0200304036832,euro/MWh,TWh
Energie,2021,10.63159455865194,0.0,0.0,0.0,10.63159455865194,10.63159455865194,,4.928565230809796,832.948595634493,euro/MWh,TWh
Energie,2021,12.0,12.0,0.0,0.0,0.0,0.0,,1.90846273,834.857058364493,euro/MWh,TWh
Energie,2021,12.15159455865194,1.52,0.0,0.0,10.63159455865194,0.0,,41.32549803168992,876.182556396183,euro/MWh,TWh
Energie,2021,12.15159455865194,1.52,0.0,0.0,10.63159455865194,10.63159455865194,,12.58183253072314,888.7643889269061,euro/MWh,TWh
Energie,2021,12.23159455865194,1.6,1.405908,0.0,10.63159455865194,0.0,,0.0,888.7643889269061,euro/MWh,TWh
Energie,2021,12.23159455865194,1.6,1.405908,0.0,10.63159455865194,10.63159455865194,,0.0,888.7643889269061,euro/MWh,TWh
Energie,2021,12.555,12.555,12.52368,0.0,0.0,0.0,,0.5178859108172937,889.2822748377234,euro/MWh,TWh
Energie,2021,13.9683793000392,0.0,0.0,0.0,13.9683793000392,0.0,,6.869417917235107,896.1516927549585,euro/MWh,TWh
Energie,2021,13.9683793000392,0.0,0.0,0.0,13.9683793000392,13.9683793000392,,1.702940730635138,897.8546334855937,euro/MWh,TWh
Energie,2021,14.20086801417355,0.0,0.0,0.0,14.20086801417355,0.0,,4.79346215914543,902.6480956447391,euro/MWh,TWh
Energie,2021,14.20086801417355,0.0,0.0,0.0,14.20086801417355,14.20086801417355,,1.162827554397504,903.8109231991366,euro/MWh,TWh
Energie,2021,14.86403254301579,0.0,0.0,0.0,14.86403254301579,0.0,,2.063762363153731,905.8746855622903,euro/MWh,TWh
Energie,2021,14.86403254301579,0.0,0.0,0.0,14.86403254301579,14.86403254301579,,0.5810401107660018,906.4557256730563,euro/MWh,TWh
Energie,2021,15.28891954845945,5.189,2.724248112023177,0.0,10.09991954845945,0.0,,1.314423053702078,907.7701487267584,euro/MWh,TWh
Energie,2021,15.28891954845945,5.189,2.724248112023177,0.0,10.09991954845945,10.09991954845945,,0.4165722965792168,908.1867210233377,euro/MWh,TWh
Energie,2021,15.62,15.62,11.9649312,0.0,0.0,0.0,,62.318232947525,970.5049539708626,euro/MWh,TWh
Energie,2021,15.74062933401416,0.0,0.0,0.0,15.74062933401416,0.0,,13.87043576178314,984.3753897326458,euro/MWh,TWh
Energie,2021,15.74062933401416,0.0,0.0,0.0,15.74062933401416,15.74062933401416,,3.505439633840894,987.8808293664866,euro/MWh,TWh
Energie,2021,16.208,16.208,8.50968,0.0,0.0,0.0,,0.761423080837399,988.642252447324,euro/MWh,TWh
Energie,2021,17.894,17.894,11.6373888,0.0,0.0,0.0,,3.195355886927283,991.8376083342513,euro/MWh,TWh
Energie,2021,18.0274035714012,0.0,0.0,0.0,18.0274035714012,0.0,,3.723536527504734,995.561144861756,euro/MWh,TWh
Energie,2021,18.0274035714012,0.0,0.0,0.0,18.0274035714012,18.0274035714012,,0.8408209549713137,996.4019658167274,euro/MWh,TWh
Energie,2021,18.82,18.82,11.9649312,0.0,0.0,0.0,,17.84943370901288,1014.25139952574,euro/MWh,TWh
Energie,2021,19.06159455865194,8.43,8.478875899280576,0.0,10.63159455865194,0.0,,15.88911508854951,1030.14051461429,euro/MWh,TWh
Energie,2021,19.06159455865194,8.43,8.478875899280576,0.0,10.63159455865194,10.63159455865194,,3.392603155362941,1033.533117769653,euro/MWh,TWh
Energie,2021,19.2174035714012,1.19,0.0,0.0,18.0274035714012,0.0,,1.411554408054284,1034.944672177707,euro/MWh,TWh
Energie,2021,19.2174035714012,1.19,0.0,0.0,18.0274035714012,18.0274035714012,,1.497249129799738,1036.441921307507,euro/MWh,TWh
Energie,2021,19.24701649800763,0.0,0.0,0.0,19.24701649800763,0.0,,0.03623252668484501,1036.478153834192,euro/MWh,TWh
Energie,2021,19.24701649800763,0.0,0.0,0.0,19.24701649800763,19.24701649800763,,0.009459617426218779,1036.487613451618,euro/MWh,TWh
Energie,2021,20.39040361670115,0.0,0.0,0.0,20.39040361670115,0.0,,2.259744114907777,1038.747357566526,euro/MWh,TWh
Energie,2021,20.39040361670115,0.0,0.0,0.0,20.39040361670115,20.39040361670115,,0.09447932662397567,1038.84183689315,euro/MWh,TWh
Energie,2021,20.43701649800763,1.19,0.0,0.0,19.24701649800763,0.0,,0.05440015245836257,1038.896237045608,euro/MWh,TWh
Energie,2021,20.43701649800763,1.19,0.0,0.0,19.24701649800763,19.24701649800763,,0.02918090372093851,1038.925417949329,euro/MWh,TWh
Energie,2021,21.58040361670115,1.19,0.0,0.0,20.39040361670115,0.0,,0.2945665538157542,1039.219984503145,euro/MWh,TWh
Energie,2021,21.58040361670115,1.19,0.0,0.0,20.39040361670115,20.39040361670115,,0.1816989281466861,1039.401683431291,euro/MWh,TWh
Energie,2021,25.695,25.695,0.0,0.0,0.0,0.0,,154.8672868787687,1194.26897031006,euro/MWh,TWh
Energie,2021,27.41903254301579,12.555,12.52368,0.0,14.86403254301579,0.0,,0.5179814060305273,1194.78695171609,euro/MWh,TWh
Energie,2021,27.41903254301579,12.555,12.52368,0.0,14.86403254301579,14.86403254301579,,0.1393714683797537,1194.92632318447,euro/MWh,TWh
Energie,2021,29.82086801417355,15.62,11.9649312,0.0,14.20086801417355,0.0,,0.6627006191627435,1195.589023803633,euro/MWh,TWh
Energie,2021,29.82086801417355,15.62,11.9649312,0.0,14.20086801417355,14.20086801417355,,0.2274505621591674,1195.816474365792,euro/MWh,TWh
Energie,2021,30.2,30.2,0.0,0.0,0.0,0.0,,1.643011759611354,1197.459486125404,euro/MWh,TWh
Energie,2021,31.963,31.963,0.0,0.0,0.0,0.0,,170.5772674752,1368.036753600604,euro/MWh,TWh
Energie,2021,33.02086801417354,18.82,11.9649312,0.0,14.20086801417355,0.0,,0.5678607164222657,1368.604614317026,euro/MWh,TWh
Energie,2021,33.02086801417354,18.82,11.9649312,0.0,14.20086801417355,14.20086801417355,,0.1998430381352047,1368.804457355161,euro/MWh,TWh
Energie,2021,39.19,39.19,0.0,0.0,0.0,0.0,,8.044592351196506,1376.849049706358,euro/MWh,TWh
Energie,2021,39.79,39.79,11.769048,0.0,0.0,0.0,,5.051237825555555,1381.900287531913,euro/MWh,TWh
Energie,2021,40.388,40.388,0.0,0.0,0.0,0.0,,0.1828805699943394,1382.083168101907,euro/MWh,TWh
Energie,2021,45.19,45.19,0.0,0.0,0.0,0.0,,85.25925940478199,1467.342427506689,euro/MWh,TWh
Energie,2021,59.4,59.4,11.9649312,0.0,0.0,0.0,,7.294735307677331,1474.637162814367,euro/MWh,TWh
Energie,2021,59.70686164363204,59.70686164363204,11.769048,0.0,0.0,0.0,,2.047182555555556,1476.684345369922,euro/MWh,TWh
Energie,2021,60.48,60.48,11.9649312,0.0,0.0,0.0,,35.60052622895946,1512.284871598882,euro/MWh,TWh
Energie,2021,60.75,60.75,11.9649312,0.0,0.0,0.0,,193.6880369555065,1705.972908554388,euro/MWh,TWh
Energie,2021,62.64,62.64,11.9649312,0.0,0.0,0.0,,26.34963158306262,1732.322540137451,euro/MWh,TWh
Energie,2021,75.229,75.229,11.6373888,0.0,0.0,0.0,,6.71950799415653,1739.042048131607,euro/MWh,TWh
Energie,2021,75.229,75.229,13.262256,0.0,0.0,0.0,,0.2405715199788191,1739.282619651586,euro/MWh,TWh
Energie,2021,75.397,75.397,11.6373888,0.0,0.0,0.0,,35.69977221768798,1774.982391869274,euro/MWh,TWh
Energie,2021,75.397,75.397,13.262256,0.0,0.0,0.0,,1.278121623305677,1776.26051349258,euro/MWh,TWh
Energie,2021,75.701,75.701,11.6373888,0.0,0.0,0.0,,0.782635110447532,1777.043148603027,euro/MWh,TWh
Energie,2021,75.701,75.701,13.262256,0.0,0.0,0.0,,0.01877016875828114,1777.061918771786,euro/MWh,TWh
Energie,2021,76.545,76.545,11.6373888,0.0,0.0,0.0,,8.482227193863952,1785.54414596565,euro/MWh,TWh
Energie,2021,76.545,76.545,13.262256,0.0,0.0,0.0,,0.3036803126967141,1785.847826278346,euro/MWh,TWh
Energie,2021,76.826,76.826,11.6373888,0.0,0.0,0.0,,3.663289254013414,1789.51111553236,euro/MWh,TWh
Energie,2021,76.826,76.826,13.262256,0.0,0.0,0.0,,0.08785774697599553,1789.598973279336,euro/MWh,TWh
Energie,2021,77.479,77.479,11.6373888,0.0,0.0,0.0,,6.270964917286447,1795.869938196622,euro/MWh,TWh
Energie,2021,77.479,77.479,13.262256,0.0,0.0,0.0,,0.1503984017627564,1796.020336598385,euro/MWh,TWh
Energie,2021,77.647,77.647,11.6373888,0.0,0.0,0.0,,32.19676384952938,1828.217100447914,euro/MWh,TWh
Energie,2021,77.647,77.647,13.262256,0.0,0.0,0.0,,0.7721844865618341,1828.989284934476,euro/MWh,TWh
Energie,2021,78.795,78.795,11.6373888,0.0,0.0,0.0,,5.677024838229948,1834.666309772706,euro/MWh,TWh
Energie,2021,78.795,78.795,13.262256,0.0,0.0,0.0,,0.1361537616138849,1834.80246353432,euro/MWh,TWh
Energie,2022,-56.29902599420363,3.0573,0.0,-59.35632599420363,0.0,0.0,,156.781941,156.781941,euro/MWh,TWh
Energie,2022,-33.4407509150352,8.41,8.478875899280576,-41.85075091503519,0.0,0.0,,110.5595455,267.3414865,euro/MWh,TWh
Energie,2022,-8.64,3.86,0.0,-12.5,0.0,0.0,,32.84764898168065,300.1891354816806,euro/MWh,TWh
Energie,2022,-7.27,5.23,5.2299999934308,-12.5,0.0,0.0,,6.153821604602149,306.3429570862828,euro/MWh,TWh
Energie,2022,-5.819391666394905,0.5,0.0,-6.319391666394905,0.0,0.0,,3.519647456802379,309.8626045430852,euro/MWh,TWh
Energie,2022,-5.777691666394905,0.5417,0.0,-6.319391666394905,0.0,0.0,,5.216281810570706,315.0788863536559,euro/MWh,TWh
Energie,2022,-5.694391666394905,0.625,0.0,-6.319391666394905,0.0,0.0,,10.7139968939509,325.7928832476068,euro/MWh,TWh
Energie,2022,-5.652691666394905,0.6667,0.0,-6.319391666394905,0.0,0.0,,3.431942598758558,329.2248258463653,euro/MWh,TWh
Energie,2022,-5.444391666394905,0.875,0.0,-6.319391666394905,0.0,0.0,,13.49253653639717,342.7173623827625,euro/MWh,TWh
Energie,2022,-5.402691666394905,0.9167,0.0,-6.319391666394905,0.0,0.0,,1.575950572596222,344.2933129553587,euro/MWh,TWh
Energie,2022,-5.236091666394906,1.0833,0.0,-6.319391666394905,0.0,0.0,,30.12384057186591,374.4171535272246,euro/MWh,TWh
Energie,2022,-4.039536474860463,2.4219,0.0,-6.461436474860463,0.0,0.0,,153.835761423541,528.2529149507657,euro/MWh,TWh
Energie,2022,-2.792000000000002,16.208,8.50968,-19.0,0.0,0.0,,0.975382589530061,529.2282975402957,euro/MWh,TWh
Energie,2022,0.0,0.0,0.0,0.0,0.0,0.0,,387.5142628748387,916.7425604151343,euro/MWh,TWh
Energie,2022,0.167,0.167,0.0,0.0,0.0,0.0,,0.2222277777777779,916.9647881929121,euro/MWh,TWh
Energie,2022,0.2277745751497948,1.52,0.0,-1.292225424850205,0.0,0.0,,0.01532681784071234,916.9801150107528,euro/MWh,TWh
Energie,2022,0.3077745751497949,1.6,1.405908,-1.292225424850205,0.0,0.0,,5.727165045469951,922.7072800562228,euro/MWh,TWh
Energie,2022,0.5,0.5,0.0,0.0,0.0,0.0,,9.141559633,931.8488396892228,euro/MWh,TWh
Energie,2022,0.54,0.54,0.0,0.0,0.0,0.0,,2.747495833333334,934.5963355225562,euro/MWh,TWh
Energie,2022,0.712,0.712,0.0,0.0,0.0,0.0,,4.416935028038814,939.0132705505949,euro/MWh,TWh
Energie,2022,1.0833,1.0833,0.0,0.0,0.0,0.0,,0.248120494,939.2613910445949,euro/MWh,TWh
Energie,2022,1.19,1.19,0.0,0.0,0.0,0.0,,1.165160010246257,940.4265510548412,euro/MWh,TWh
Energie,2022,1.4583,1.4583,0.0,0.0,0.0,0.0,,1.90846273,942.3350137848412,euro/MWh,TWh
Energie,2022,3.893999999999998,17.894,11.6373888,-14.0,0.0,0.0,,5.927895777323524,948.2629095621647,euro/MWh,TWh
Energie,2022,5.189,5.189,2.724248112023177,0.0,0.0,0.0,,12.36411984228476,960.6270294044494,euro/MWh,TWh
Energie,2022,6.32,18.82,11.9649312,-12.5,0.0,0.0,,18.20861952120892,978.8356489256583,euro/MWh,TWh
Energie,2022,8.41,8.41,8.478875899280576,0.0,0.0,0.0,,86.14314768129422,1064.978796606953,euro/MWh,TWh
Energie,2022,12.555,12.555,12.52368,0.0,0.0,0.0,,0.2593426217707732,1065.238139228723,euro/MWh,TWh
Energie,2022,15.4548,0.0,0.0,0.0,15.4548,0.0,,22.29279714083688,1087.53093636956,euro/MWh,TWh
Energie,2022,15.4548,0.0,0.0,0.0,15.4548,15.4548,,5.660320261291091,1093.191256630851,euro/MWh,TWh
Energie,2022,15.62,15.62,11.9649312,0.0,0.0,0.0,,50.63226400761813,1143.82352063847,euro/MWh,TWh
Energie,2022,16.268364,0.0,0.0,0.0,16.268364,0.0,,25.29534819057861,1169.118868829048,euro/MWh,TWh
Energie,2022,16.268364,0.0,0.0,0.0,16.268364,16.268364,,2.351361904248663,1171.470230733297,euro/MWh,TWh
Energie,2022,16.49613857514979,1.52,0.0,-1.292225424850205,16.268364,0.0,,38.50375418774708,1209.973984921044,euro/MWh,TWh
Energie,2022,16.49613857514979,1.52,0.0,-1.292225424850205,16.268364,16.268364,,9.778763031761557,1219.752747952805,euro/MWh,TWh
Energie,2022,16.57613857514979,1.6,1.405908,-1.292225424850205,16.268364,0.0,,0.0,1219.752747952805,euro/MWh,TWh
Energie,2022,16.57613857514979,1.6,1.405908,-1.292225424850205,16.268364,16.268364,,0.0,1219.752747952805,euro/MWh,TWh
Energie,2022,17.7,30.2,0.0,-12.5,0.0,0.0,,1.643011759611354,1221.395759712417,euro/MWh,TWh
Energie,2022,20.6438,5.189,2.724248112023177,0.0,15.4548,0.0,,1.380099422678413,1222.775859135095,euro/MWh,TWh
Energie,2022,20.6438,5.189,2.724248112023177,0.0,15.4548,15.4548,,0.4198990414102973,1223.195758176505,euro/MWh,TWh
Energie,2022,21.37428,0.0,0.0,0.0,21.37428,0.0,,6.723343944217069,1229.919102120723,euro/MWh,TWh
Energie,2022,21.37428,0.0,0.0,0.0,21.37428,21.37428,,5.526390783689555,1235.445492904412,euro/MWh,TWh
Energie,2022,21.730032,0.0,0.0,0.0,21.730032,0.0,,5.192880466662544,1240.638373371075,euro/MWh,TWh
Energie,2022,21.730032,0.0,0.0,0.0,21.730032,21.730032,,0.204294214293744,1240.842667585368,euro/MWh,TWh
Energie,2022,22.7448,0.0,0.0,0.0,22.7448,0.0,,0.8367723449946126,1241.679439930363,euro/MWh,TWh
Energie,2022,22.7448,0.0,0.0,0.0,22.7448,22.7448,,0.07818837630912139,1241.757628306672,euro/MWh,TWh
Energie,2022,24.08616,0.0,0.0,0.0,24.08616,0.0,,13.3724434273386,1255.130071734011,euro/MWh,TWh
Energie,2022,24.08616,0.0,0.0,0.0,24.08616,24.08616,,3.267941401092148,1258.398013135103,euro/MWh,TWh
Energie,2022,24.678364,8.41,8.478875899280576,0.0,16.268364,0.0,,18.73985258758174,1277.137865722685,euro/MWh,TWh
Energie,2022,24.678364,8.41,8.478875899280576,0.0,16.268364,16.268364,,3.077204978355649,1280.21507070104,euro/MWh,TWh
Energie,2022,26.388,40.388,0.0,-14.0,0.0,0.0,,0.1828805699943394,1280.397951271035,euro/MWh,TWh
Energie,2022,26.69,39.19,0.0,-12.5,0.0,0.0,,8.044592351196506,1288.442543622231,euro/MWh,TWh
Energie,2022,27.58536,0.0,0.0,0.0,27.58536,0.0,,3.61657246186667,1292.059116084098,euro/MWh,TWh
Energie,2022,27.58536,0.0,0.0,0.0,27.58536,27.58536,,0.2866105885354893,1292.345726672633,euro/MWh,TWh
Energie,2022,28.050032,18.82,11.9649312,-12.5,21.730032,0.0,,0.604272782325938,1292.949999454959,euro/MWh,TWh
Energie,2022,28.050032,18.82,11.9649312,-12.5,21.730032,21.730032,,0.3659466040759295,1293.315946059035,euro/MWh,TWh
Energie,2022,28.77536,1.19,0.0,0.0,27.58536,0.0,,0.9179483928968784,1294.233894451932,euro/MWh,TWh
Energie,2022,28.77536,1.19,0.0,0.0,27.58536,27.58536,,0.9548618515187726,1295.188756303451,euro/MWh,TWh
Energie,2022,29.4516,0.0,0.0,0.0,29.4516,0.0,,0.03863782837677649,1295.227394131828,euro/MWh,TWh
Energie,2022,29.4516,0.0,0.0,0.0,29.4516,29.4516,,0.005412835469355102,1295.232806967297,euro/MWh,TWh
Energie,2022,30.6416,1.19,0.0,0.0,29.4516,0.0,,0.01866286067640436,1295.251469827973,euro/MWh,TWh
Energie,2022,30.6416,1.19,0.0,0.0,29.4516,29.4516,,0.01217021256811669,1295.263640040542,euro/MWh,TWh
Energie,2022,31.2012,0.0,0.0,0.0,31.2012,0.0,,1.933792815393639,1297.197432855935,euro/MWh,TWh
Energie,2022,31.2012,0.0,0.0,0.0,31.2012,31.2012,,0.0639999051446214,1297.26143276108,euro/MWh,TWh
Energie,2022,32.3912,1.19,0.0,0.0,31.2012,0.0,,0.2602002647815566,1297.521633025861,euro/MWh,TWh
Energie,2022,32.3912,1.19,0.0,0.0,31.2012,31.2012,,0.1797242163852219,1297.701357242247,euro/MWh,TWh
Energie,2022,32.69,45.19,0.0,-12.5,0.0,0.0,,85.2219097745347,1382.923267016781,euro/MWh,TWh
Energie,2022,35.2998,12.555,12.52368,0.0,22.7448,0.0,,0.446995621823417,1383.370262638605,euro/MWh,TWh
Energie,2022,35.2998,12.555,12.52368,0.0,22.7448,22.7448,,0.08863590610446762,1383.458898544709,euro/MWh,TWh
Energie,2022,37.350032,15.62,11.9649312,0.0,21.730032,0.0,,0.5172487465857926,1383.976147291295,euro/MWh,TWh
Energie,2022,37.350032,15.62,11.9649312,0.0,21.730032,21.730032,,0.2222482833607986,1384.198395574656,euro/MWh,TWh
Energie,2022,39.79,39.79,11.769048,0.0,0.0,0.0,,5.041837985,1389.240233559656,euro/MWh,TWh
Energie,2022,46.9,59.4,11.9649312,-12.5,0.0,0.0,,7.38303034514384,1396.623263904799,euro/MWh,TWh
Energie,2022,47.98,60.48,11.9649312,-12.5,0.0,0.0,,35.7811567860526,1432.404420690852,euro/MWh,TWh
Energie,2022,48.25,60.75,11.9649312,-12.5,0.0,0.0,,194.6707746204654,1627.075195311317,euro/MWh,TWh
Energie,2022,50.14,62.64,11.9649312,-12.5,0.0,0.0,,26.48332479314158,1653.558520104459,euro/MWh,TWh
Energie,2022,57.248,71.248,11.769048,-14.0,0.0,0.0,,2.058003718888889,1655.616523823348,euro/MWh,TWh
Energie,2022,61.229,75.229,11.6373888,-14.0,0.0,0.0,,8.372473550568328,1663.988997373916,euro/MWh,TWh
Energie,2022,61.229,75.229,13.262256,-14.0,0.0,0.0,,0.2546639119066527,1664.243661285823,euro/MWh,TWh
Energie,2022,61.39700000000001,75.397,11.6373888,-14.0,0.0,0.0,,44.48173869169833,1708.725399977521,euro/MWh,TWh
Energie,2022,61.39700000000001,75.397,13.262256,-14.0,0.0,0.0,,1.352992459781311,1710.078392437302,euro/MWh,TWh
Energie,2022,61.70099999999999,75.701,11.6373888,-14.0,0.0,0.0,,0.748745149228631,1710.827137586531,euro/MWh,TWh
Energie,2022,61.70099999999999,75.701,13.262256,-14.0,0.0,0.0,,0.01523974763983652,1710.842377334171,euro/MWh,TWh
Energie,2022,62.545,76.545,11.6373888,-14.0,0.0,0.0,,10.56881291164841,1721.411190245819,euro/MWh,TWh
Energie,2022,62.545,76.545,13.262256,-14.0,0.0,0.0,,0.3214695423083448,1721.732659788128,euro/MWh,TWh
Energie,2022,62.82599999999999,76.826,11.6373888,-14.0,0.0,0.0,,4.124986828584649,1725.857646616712,euro/MWh,TWh
Energie,2022,62.82599999999999,76.826,13.262256,-14.0,0.0,0.0,,0.08395881876502685,1725.941605435477,euro/MWh,TWh
Energie,2022,63.479,77.479,11.6373888,-14.0,0.0,0.0,,5.999417217527689,1731.941022653005,euro/MWh,TWh
Energie,2022,63.479,77.479,13.262256,-14.0,0.0,0.0,,0.1221104463586901,1732.063133099364,euro/MWh,TWh
Energie,2022,63.64700000000001,77.647,11.6373888,-14.0,0.0,0.0,,30.80256737905891,1762.865700478423,euro/MWh,TWh
Energie,2022,63.64700000000001,77.647,13.262256,-14.0,0.0,0.0,,0.6269467708732746,1763.492647249296,euro/MWh,TWh
Energie,2022,64.795,78.795,11.6373888,-14.0,0.0,0.0,,5.431196157091265,1768.923843406387,euro/MWh,TWh
Energie,2022,64.795,78.795,13.262256,-14.0,0.0,0.0,,0.1105450351188142,1769.034388441506,euro/MWh,TWh
Energie,2023,-90.41288734255727,1.0,0.0,-91.41288734255727,0.0,0.0,,152.8012122367039,152.8012122367039,euro/MWh,TWh
Energie,2023,-28.46942605768653,0.5,0.0,-28.96942605768653,0.0,0.0,,148.466869569161,301.2680818058649,euro/MWh,TWh
Energie,2023,-25.94995396456408,0.5,0.0,-26.44995396456408,0.0,0.0,,66.7750569798657,368.0431387857306,euro/MWh,TWh
Energie,2023,-10.93608258379057,8.37,8.478875899280576,-19.30608258379057,0.0,0.0,,103.59429425,471.6374330357306,euro/MWh,TWh
Energie,2023,-1.017724671738437,1.52,0.0,-2.537724671738437,0.0,0.0,,0.009885614976293438,471.6473186507069,euro/MWh,TWh
Energie,2023,-0.9377246717384371,1.6,1.405908,-2.537724671738437,0.0,0.0,,5.526985376505104,477.174304027212,euro/MWh,TWh
Energie,2023,0.0,0.0,0.0,0.0,0.0,0.0,,405.6739594333447,882.8482634605567,euro/MWh,TWh
Energie,2023,0.167,0.167,0.0,0.0,0.0,0.0,,0.212379334486585,883.0606427950433,euro/MWh,TWh
Energie,2023,0.5,0.5,0.0,0.0,0.0,0.0,,11.298142857,894.3587856520434,euro/MWh,TWh
Energie,2023,0.54,0.54,0.0,0.0,0.0,0.0,,2.747495833333334,897.1062814853766,euro/MWh,TWh
Energie,2023,0.712,0.712,0.0,0.0,0.0,0.0,,4.221190218008707,901.3274717033853,euro/MWh,TWh
Energie,2023,1.19,1.19,0.0,0.0,0.0,0.0,,1.045279524059735,902.3727512274451,euro/MWh,TWh
Energie,2023,3.86,3.86,0.0,0.0,0.0,0.0,,30.70406359895199,933.076814826397,euro/MWh,TWh
Energie,2023,5.189,5.189,2.724248112023177,0.0,0.0,0.0,,11.28321309134985,944.360027917747,euro/MWh,TWh
Energie,2023,5.23,5.23,5.2299999934308,0.0,0.0,0.0,,6.153821604602149,950.5138495223491,euro/MWh,TWh
Energie,2023,8.37,8.37,8.478875899280576,0.0,0.0,0.0,,83.97396778230261,1034.487817304652,euro/MWh,TWh
Energie,2023,12.555,12.555,12.52368,0.0,0.0,0.0,,0.2691899509733073,1034.757007255625,euro/MWh,TWh
Energie,2023,15.62,15.62,11.9649312,0.0,0.0,0.0,,43.41245003934073,1078.169457294966,euro/MWh,TWh
Energie,2023,16.208,16.208,8.50968,0.0,0.0,0.0,,0.9413394086245896,1079.11079670359,euro/MWh,TWh
Energie,2023,16.61035320826156,1.52,0.0,-2.537724671738437,17.62807788,0.0,,40.0516252702512,1119.162421973841,euro/MWh,TWh
Energie,2023,16.61035320826156,1.52,0.0,-2.537724671738437,17.62807788,17.62807788,,7.137009539394537,1126.299431513236,euro/MWh,TWh
Energie,2023,16.69035320826156,1.6,1.405908,-2.537724671738437,17.62807788,0.0,,0.0,1126.299431513236,euro/MWh,TWh
Energie,2023,16.69035320826156,1.6,1.405908,-2.537724671738437,17.62807788,17.62807788,,0.0,1126.299431513236,euro/MWh,TWh
Energie,2023,16.746516,0.0,0.0,0.0,16.746516,0.0,,21.8285954096451,1148.128026922881,euro/MWh,TWh
Energie,2023,16.746516,0.0,0.0,0.0,16.746516,16.746516,,6.267069491560696,1154.395096414442,euro/MWh,TWh
Energie,2023,17.62807788,0.0,0.0,0.0,17.62807788,0.0,,20.60822970267391,1175.003326117116,euro/MWh,TWh
Energie,2023,17.62807788,0.0,0.0,0.0,17.62807788,17.62807788,,0.3239102778929786,1175.327236395009,euro/MWh,TWh
Energie,2023,17.894,17.894,11.6373888,0.0,0.0,0.0,,6.017647698049469,1181.344884093058,euro/MWh,TWh
Energie,2023,18.82,18.82,11.9649312,0.0,0.0,0.0,,17.53915465953237,1198.884038752591,euro/MWh,TWh
Energie,2023,21.935516,5.189,2.724248112023177,0.0,16.746516,0.0,,1.398654379651394,1200.282693132242,euro/MWh,TWh
Energie,2023,21.935516,5.189,2.724248112023177,0.0,16.746516,16.746516,,0.2655330979236594,1200.548226230166,euro/MWh,TWh
Energie,2023,23.1607476,0.0,0.0,0.0,23.1607476,0.0,,6.560872366227073,1207.109098596393,euro/MWh,TWh
Energie,2023,23.1607476,0.0,0.0,0.0,23.1607476,23.1607476,,2.53609216310444,1209.645190759497,euro/MWh,TWh
Energie,2023,23.54623343999999,0.0,0.0,0.0,23.54623343999999,0.0,,4.65933481882484,1214.304525578322,euro/MWh,TWh
Energie,2023,23.54623343999999,0.0,0.0,0.0,23.54623343999999,23.54623343999999,,0.009477568765312683,1214.314003147087,euro/MWh,TWh
Energie,2023,24.645816,0.0,0.0,0.0,24.645816,0.0,,0.8324036712256312,1215.146406818313,euro/MWh,TWh
Energie,2023,24.645816,0.0,0.0,0.0,24.645816,24.645816,,0.008996456044988712,1215.155403274358,euro/MWh,TWh
Energie,2023,25.99807788,8.37,8.478875899280576,0.0,17.62807788,0.0,,16.11857472669931,1231.273978001057,euro/MWh,TWh
Energie,2023,25.99807788,8.37,8.478875899280576,0.0,17.62807788,17.62807788,,1.593664360158199,1232.867642361215,euro/MWh,TWh
Energie,2023,26.0992872,0.0,0.0,0.0,26.0992872,0.0,,13.32898744176563,1246.196629802981,euro/MWh,TWh
Energie,2023,26.0992872,0.0,0.0,0.0,26.0992872,26.0992872,,3.113303224254396,1249.309933027236,euro/MWh,TWh
Energie,2023,29.8909512,0.0,0.0,0.0,29.8909512,0.0,,3.375695595539996,1252.685628622776,euro/MWh,TWh
Energie,2023,29.8909512,0.0,0.0,0.0,29.8909512,29.8909512,,0.02922964938827333,1252.714858272164,euro/MWh,TWh
Energie,2023,30.2,30.2,0.0,0.0,0.0,0.0,,1.643011759611354,1254.357870031775,euro/MWh,TWh
Energie,2023,31.0809512,1.19,0.0,0.0,29.8909512,0.0,,0.7725016669070585,1255.130371698682,euro/MWh,TWh
Energie,2023,31.0809512,1.19,0.0,0.0,29.8909512,29.8909512,,0.5047068698271333,1255.635078568509,euro/MWh,TWh
Energie,2023,31.913172,0.0,0.0,0.0,31.913172,0.0,,0.03775621678411086,1255.672834785293,euro/MWh,TWh
Energie,2023,31.913172,0.0,0.0,0.0,31.913172,31.913172,,0.0006745358671254346,1255.673509321161,euro/MWh,TWh
Energie,2023,33.10317199999999,1.19,0.0,0.0,31.913172,0.0,,0.01966547839144857,1255.693174799552,euro/MWh,TWh
Energie,2023,33.10317199999999,1.19,0.0,0.0,31.913172,31.913172,,0.007098458160378826,1255.700273257712,euro/MWh,TWh
Energie,2023,33.80900399999999,0.0,0.0,0.0,33.80900399999999,0.0,,1.733029940842917,1257.433303198555,euro/MWh,TWh
Energie,2023,33.80900399999999,0.0,0.0,0.0,33.80900399999999,33.80900399999999,,0.006878728950276556,1257.440181927506,euro/MWh,TWh
Energie,2023,34.99900399999999,1.19,0.0,0.0,33.80900399999999,0.0,,0.2295237685347936,1257.66970569604,euro/MWh,TWh
Energie,2023,34.99900399999999,1.19,0.0,0.0,33.80900399999999,33.80900399999999,,0.1172108063163472,1257.786916502357,euro/MWh,TWh
Energie,2023,37.200816,12.555,12.52368,0.0,24.645816,0.0,,0.4278853260817245,1258.214801828438,euro/MWh,TWh
Energie,2023,37.200816,12.555,12.52368,0.0,24.645816,24.645816,,0.1006899049774932,1258.315491733416,euro/MWh,TWh
Energie,2023,39.16623343999999,15.62,11.9649312,0.0,23.54623343999999,0.0,,0.5061728120288863,1258.821664545445,euro/MWh,TWh
Energie,2023,39.16623343999999,15.62,11.9649312,0.0,23.54623343999999,23.54623343999999,,0.1423871183745527,1258.964051663819,euro/MWh,TWh
Energie,2023,39.19,39.19,0.0,0.0,0.0,0.0,,8.044592351196506,1267.008644015016,euro/MWh,TWh
Energie,2023,39.79,39.79,11.769048,0.0,0.0,0.0,,5.434147928321949,1272.442791943338,euro/MWh,TWh
Energie,2023,40.388,40.388,0.0,0.0,0.0,0.0,,0.1828805699943394,1272.625672513332,euro/MWh,TWh
Energie,2023,42.36623343999999,18.82,11.9649312,0.0,23.54623343999999,0.0,,0.6139578385109915,1273.239630351843,euro/MWh,TWh
Energie,2023,42.36623343999999,18.82,11.9649312,0.0,23.54623343999999,23.54623343999999,,0.361426985862101,1273.601057337705,euro/MWh,TWh
Energie,2023,45.19,45.19,0.0,0.0,0.0,0.0,,85.2219097745347,1358.82296711224,euro/MWh,TWh
Energie,2023,59.4,59.4,11.9649312,0.0,0.0,0.0,,7.014480405268308,1365.837447517508,euro/MWh,TWh
Energie,2023,60.48,60.48,11.9649312,0.0,0.0,0.0,,33.24914516751995,1399.086592685028,euro/MWh,TWh
Energie,2023,60.75,60.75,11.9649312,0.0,0.0,0.0,,180.8951254407859,1579.981718125814,euro/MWh,TWh
Energie,2023,62.64,62.64,11.9649312,0.0,0.0,0.0,,24.60926335699072,1604.590981482805,euro/MWh,TWh
Energie,2023,75.229,75.229,11.6373888,0.0,0.0,0.0,,9.137555704505393,1613.72853718731,euro/MWh,TWh
Energie,2023,75.229,75.229,13.262256,0.0,0.0,0.0,,0.2529198198767949,1613.981457007187,euro/MWh,TWh
Energie,2023,75.397,75.397,11.6373888,0.0,0.0,0.0,,48.54650930726633,1662.527966314453,euro/MWh,TWh
Energie,2023,75.397,75.397,13.262256,0.0,0.0,0.0,,1.343726351631097,1663.871692666085,euro/MWh,TWh
Energie,2023,75.701,75.701,11.6373888,0.0,0.0,0.0,,0.7429744405370247,1664.614667106621,euro/MWh,TWh
Energie,2023,75.701,75.701,11.769048,0.0,0.0,0.0,,1.947941722866912,1666.562608829488,euro/MWh,TWh
Energie,2023,75.701,75.701,13.262256,0.0,0.0,0.0,,0.01373415957854424,1666.576342989067,euro/MWh,TWh
Energie,2023,76.545,76.545,11.6373888,0.0,0.0,0.0,,11.53459800598272,1678.11094099505,euro/MWh,TWh
Energie,2023,76.545,76.545,13.262256,0.0,0.0,0.0,,0.3192679250738752,1678.430208920124,euro/MWh,TWh
Energie,2023,76.826,76.826,11.6373888,0.0,0.0,0.0,,4.430339635462471,1682.860548555586,euro/MWh,TWh
Energie,2023,76.826,76.826,13.262256,0.0,0.0,0.0,,0.08189648017583302,1682.942445035762,euro/MWh,TWh
Energie,2023,77.479,77.479,11.6373888,0.0,0.0,0.0,,5.953178649839209,1688.895623685601,euro/MWh,TWh
Energie,2023,77.479,77.479,13.262256,0.0,0.0,0.0,,0.1100467272028583,1689.005670412804,euro/MWh,TWh
Energie,2023,77.647,77.647,11.6373888,0.0,0.0,0.0,,30.56516656054949,1719.570836973353,euro/MWh,TWh
Energie,2023,77.647,77.647,13.262256,0.0,0.0,0.0,,0.5650085012129721,1720.135845474566,euro/MWh,TWh
Energie,2023,78.795,78.795,11.6373888,0.0,0.0,0.0,,5.389336969233865,1725.5251824438,euro/MWh,TWh
Energie,2023,78.795,78.795,13.262256,0.0,0.0,0.0,,0.09962390348785805,1725.624806347288,euro/MWh,TWh
Energie,2024*,-0.9975651766220495,0.5,0.0,-1.497565176622049,0.0,0.0,,66.7750569798657,66.7750569798657,euro/MWh,TWh
Energie,2024*,0.0,0.0,0.0,0.0,0.0,0.0,,405.673829860032,472.4488868398977,euro/MWh,TWh
Energie,2024*,0.167,0.167,0.0,0.0,0.0,0.0,,0.212379334486585,472.6612661743843,euro/MWh,TWh
Energie,2024*,0.5,0.5,0.0,0.0,0.0,0.0,,11.298142857,483.9594090313842,euro/MWh,TWh
Energie,2024*,0.54,0.54,0.0,0.0,0.0,0.0,,2.747495833333334,486.7069048647176,euro/MWh,TWh
Energie,2024*,0.712,0.712,0.0,0.0,0.0,0.0,,4.221190218008707,490.9280950827263,euro/MWh,TWh
Energie,2024*,1.52,1.52,0.0,0.0,0.0,0.0,,0.009885614976293438,490.9379806977026,euro/MWh,TWh
Energie,2024*,1.6,1.6,1.405908,0.0,0.0,0.0,,5.526985376505104,496.4649660742077,euro/MWh,TWh
Energie,2024*,2.79,2.79,0.0,0.0,0.0,0.0,,1.045279524059735,497.5102455982674,euro/MWh,TWh
Energie,2024*,3.86,3.86,0.0,0.0,0.0,0.0,,30.70406359895199,528.2143091972194,euro/MWh,TWh
Energie,2024*,4.608319263978101,19.33333333333333,0.0,-14.72501406935523,0.0,0.0,,152.8012122367039,681.0155214339234,euro/MWh,TWh
Energie,2024*,5.189,5.189,2.724248112023177,0.0,0.0,0.0,,11.28321309134985,692.2987345252732,euro/MWh,TWh
Energie,2024*,5.23,5.23,5.2299999934308,0.0,0.0,0.0,,6.153821604602149,698.4525561298753,euro/MWh,TWh
Energie,2024*,11.76104843201484,18.83333333333333,0.0,-7.072284901318497,0.0,0.0,,148.466869569161,846.9194256990363,euro/MWh,TWh
Energie,2024*,12.555,12.555,12.52368,0.0,0.0,0.0,,0.2691899509733073,847.1886156500096,euro/MWh,TWh
Energie,2024*,12.587076,0.0,0.0,0.0,12.587076,0.0,,21.8285954096451,869.0172110596548,euro/MWh,TWh
Energie,2024*,12.587076,0.0,0.0,0.0,12.587076,12.587076,,6.267069491560696,875.2842805512154,euro/MWh,TWh
Energie,2024*,13.24967868,0.0,0.0,0.0,13.24967868,0.0,,20.60822970267391,895.8925102538893,euro/MWh,TWh
Energie,2024*,13.24967868,0.0,0.0,0.0,13.24967868,13.24967868,,0.3239102778929786,896.2164205317823,euro/MWh,TWh
Energie,2024*,13.7154136447288,16.37,8.9576424,-2.654586355271203,0.0,0.0,,103.59429425,999.8107147817823,euro/MWh,TWh
Energie,2024*,14.76967868,1.52,0.0,0.0,13.24967868,0.0,,40.0516252702512,1039.862340052033,euro/MWh,TWh
Energie,2024*,14.76967868,1.52,0.0,0.0,13.24967868,13.24967868,,7.137009539394537,1046.999349591428,euro/MWh,TWh
Energie,2024*,14.84967868,1.6,1.405908,0.0,13.24967868,0.0,,0.0,1046.999349591428,euro/MWh,TWh
Energie,2024*,14.84967868,1.6,1.405908,0.0,13.24967868,13.24967868,,0.0,1046.999349591428,euro/MWh,TWh
Energie,2024*,15.62,15.62,11.9649312,0.0,0.0,0.0,,43.41245003934073,1090.411799630769,euro/MWh,TWh
Energie,2024*,16.208,16.208,8.50968,0.0,0.0,0.0,,0.9413394086245896,1091.353139039393,euro/MWh,TWh
Energie,2024*,16.37,16.37,8.9576424,0.0,0.0,0.0,,83.97396778230261,1175.327106821696,euro/MWh,TWh
Energie,2024*,17.4081636,0.0,0.0,0.0,17.4081636,0.0,,6.560872366227073,1181.887979187923,euro/MWh,TWh
Energie,2024*,17.4081636,0.0,0.0,0.0,17.4081636,17.4081636,,2.53609216310444,1184.424071351027,euro/MWh,TWh
Energie,2024*,17.69790384,0.0,0.0,0.0,17.69790384,0.0,,4.65933481882484,1189.083406169852,euro/MWh,TWh
Energie,2024*,17.69790384,0.0,0.0,0.0,17.69790384,17.69790384,,0.009477568765312683,1189.092883738618,euro/MWh,TWh
Energie,2024*,17.776076,5.189,2.724248112023177,0.0,12.587076,0.0,,1.398654379651394,1190.491538118269,euro/MWh,TWh
Energie,2024*,17.776076,5.189,2.724248112023177,0.0,12.587076,12.587076,,0.2655330979236594,1190.757071216193,euro/MWh,TWh
Energie,2024*,17.894,17.894,11.6373888,0.0,0.0,0.0,,6.017647698049469,1196.774718914242,euro/MWh,TWh
Energie,2024*,18.524376,0.0,0.0,0.0,18.524376,0.0,,0.8324036712256312,1197.607122585468,euro/MWh,TWh
Energie,2024*,18.524376,0.0,0.0,0.0,18.524376,18.524376,,0.008996456044988712,1197.616119041513,euro/MWh,TWh
Energie,2024*,19.6168392,0.0,0.0,0.0,19.6168392,0.0,,12.96139847567657,1210.577517517189,euro/MWh,TWh
Energie,2024*,19.6168392,0.0,0.0,0.0,19.6168392,19.6168392,,2.813949965414503,1213.391467482604,euro/MWh,TWh
Energie,2024*,22.4667432,0.0,0.0,0.0,22.4667432,0.0,,3.375695595539996,1216.767163078144,euro/MWh,TWh
Energie,2024*,22.4667432,0.0,0.0,0.0,22.4667432,22.4667432,,0.02922964938827333,1216.796392727532,euro/MWh,TWh
Energie,2024*,23.986692,0.0,0.0,0.0,23.986692,0.0,,0.03775621678411086,1216.834148944316,euro/MWh,TWh
Energie,2024*,23.986692,0.0,0.0,0.0,23.986692,23.986692,,0.0006745358671254346,1216.834823480183,euro/MWh,TWh
Energie,2024*,24.81,24.81,11.9649312,0.0,0.0,0.0,,17.53915465953237,1234.373978139716,euro/MWh,TWh
Energie,2024*,25.2567432,2.79,0.0,0.0,22.4667432,0.0,,0.7725016669070585,1235.146479806623,euro/MWh,TWh
Energie,2024*,25.2567432,2.79,0.0,0.0,22.4667432,22.4667432,,0.5047068698271333,1235.65118667645,euro/MWh,TWh
Energie,2024*,25.411644,0.0,0.0,0.0,25.411644,0.0,,1.733029940842917,1237.384216617293,euro/MWh,TWh
Energie,2024*,25.411644,0.0,0.0,0.0,25.411644,25.411644,,0.006878728950276556,1237.391095346243,euro/MWh,TWh
Energie,2024*,26.776692,2.79,0.0,0.0,23.986692,0.0,,0.01966547839144857,1237.410760824635,euro/MWh,TWh
Energie,2024*,26.776692,2.79,0.0,0.0,23.986692,23.986692,,0.007098458160378826,1237.417859282795,euro/MWh,TWh
Energie,2024*,28.201644,2.79,0.0,0.0,25.411644,0.0,,0.2295237685347936,1237.64738305133,euro/MWh,TWh
Energie,2024*,28.201644,2.79,0.0,0.0,25.411644,25.411644,,0.1172108063163472,1237.764593857646,euro/MWh,TWh
Energie,2024*,29.61967868,16.37,8.9576424,0.0,13.24967868,0.0,,16.11857472669931,1253.883168584345,euro/MWh,TWh
Energie,2024*,29.61967868,16.37,8.9576424,0.0,13.24967868,13.24967868,,1.593664360158199,1255.476832944503,euro/MWh,TWh
Energie,2024*,30.2,30.2,0.0,0.0,0.0,0.0,,1.643011759611354,1257.119844704115,euro/MWh,TWh
Energie,2024*,31.079376,12.555,12.52368,0.0,18.524376,0.0,,0.4278853260817245,1257.547730030197,euro/MWh,TWh
Energie,2024*,31.079376,12.555,12.52368,0.0,18.524376,18.524376,,0.1006899049774932,1257.648419935174,euro/MWh,TWh
Energie,2024*,33.31790383999999,15.62,11.9649312,0.0,17.69790384,0.0,,0.5061728120288863,1258.154592747203,euro/MWh,TWh
Energie,2024*,33.31790383999999,15.62,11.9649312,0.0,17.69790384,17.69790384,,0.1423871183745527,1258.296979865578,euro/MWh,TWh
Energie,2024*,39.19,39.19,0.0,0.0,0.0,0.0,,8.044592351196506,1266.341572216774,euro/MWh,TWh
Energie,2024*,39.79,39.79,11.769048,0.0,0.0,0.0,,5.434147928321949,1271.775720145096,euro/MWh,TWh
Energie,2024*,40.388,40.388,0.0,0.0,0.0,0.0,,0.1828805699943394,1271.95860071509,euro/MWh,TWh
Energie,2024*,42.50790384,24.81,11.9649312,0.0,17.69790384,0.0,,0.6139578385109915,1272.572558553601,euro/MWh,TWh
Energie,2024*,42.50790384,24.81,11.9649312,0.0,17.69790384,17.69790384,,0.361426985862101,1272.933985539463,euro/MWh,TWh
Energie,2024*,45.19,45.19,0.0,0.0,0.0,0.0,,85.2219097745347,1358.155895313998,euro/MWh,TWh
Energie,2024*,59.4,59.4,11.9649312,0.0,0.0,0.0,,7.014480405268308,1365.170375719267,euro/MWh,TWh
Energie,2024*,60.48,60.48,11.9649312,0.0,0.0,0.0,,33.24914516751995,1398.419520886786,euro/MWh,TWh
Energie,2024*,60.75,60.75,11.9649312,0.0,0.0,0.0,,180.8951254407859,1579.314646327572,euro/MWh,TWh
Energie,2024*,62.64,62.64,11.9649312,0.0,0.0,0.0,,24.60926335699072,1603.923909684563,euro/MWh,TWh
Energie,2024*,75.229,75.229,11.6373888,0.0,0.0,0.0,,9.137555704505393,1613.061465389068,euro/MWh,TWh
Energie,2024*,75.229,75.229,13.262256,0.0,0.0,0.0,,0.3134733658956435,1613.374938754964,euro/MWh,TWh
Energie,2024*,75.397,75.397,11.6373888,0.0,0.0,0.0,,48.54650930726633,1661.92144806223,euro/MWh,TWh
Energie,2024*,75.397,75.397,13.262256,0.0,0.0,0.0,,1.665438566632158,1663.586886628863,euro/MWh,TWh
Energie,2024*,75.701,75.701,11.6373888,0.0,0.0,0.0,,0.7429744405370247,1664.3298610694,euro/MWh,TWh
Energie,2024*,75.701,75.701,13.262256,0.0,0.0,0.0,,0.01702236397658118,1664.346883433376,euro/MWh,TWh
Energie,2024*,76.545,76.545,11.6373888,0.0,0.0,0.0,,11.53459800598272,1675.881481439359,euro/MWh,TWh
Energie,2024*,76.545,76.545,13.262256,0.0,0.0,0.0,,0.3957063987479464,1676.277187838107,euro/MWh,TWh
Energie,2024*,76.826,76.826,11.6373888,0.0,0.0,0.0,,4.430339635462471,1680.707527473569,euro/MWh,TWh
Energie,2024*,76.826,76.826,11.769048,0.0,0.0,0.0,,1.947941722866912,1682.655469196436,euro/MWh,TWh
Energie,2024*,76.826,76.826,13.262256,0.0,0.0,0.0,,0.1015039679698887,1682.756973164406,euro/MWh,TWh
Energie,2024*,77.479,77.479,11.6373888,0.0,0.0,0.0,,5.953178649839209,1688.710151814245,euro/MWh,TWh
Energie,2024*,77.479,77.479,13.262256,0.0,0.0,0.0,,0.1363938895689712,1688.846545703814,euro/MWh,TWh
Energie,2024*,77.647,77.647,11.6373888,0.0,0.0,0.0,,30.56516656054949,1719.411712264364,euro/MWh,TWh
Energie,2024*,77.647,77.647,13.262256,0.0,0.0,0.0,,0.7002816810527597,1720.111993945417,euro/MWh,TWh
Energie,2024*,78.795,78.795,11.6373888,0.0,0.0,0.0,,5.389336969233865,1725.50133091465,euro/MWh,TWh
Energie,2024*,78.795,78.795,13.262256,0.0,0.0,0.0,,0.1234756547162434,1725.624806569367,euro/MWh,TWh
