perimetre,millesime,tarif,quantite,taux_taxation,composante_carbone,boucliers_et_aides,prix_quotas_ets,prix_reel_quotas_ets,remboursement_indirect_ets,taux_taxation_net,hors_calculateur,n_sous_cellules,decomposition_homogene,regime_fiscal,regime_fiscal_n,secteur_economique,secteur_economique_n,agents,agents_n,type_de_produit,type_de_produit_n,gaz_a_effet_de_serre,gaz_a_effet_de_serre_n,unite_tarif,unite_quantite
Carbone,2014,0.0,121.871013772,0.0,0.0,0.0,0.0,0.0,0.0,0.0,0.0,1,True,,36,,7,,2,,5,,2,euro/tCO2,MtCO2
Carbone,2014,0.592499651,0.411692592,0.5924996514707932,0.0,0.0,0.0,0.0,0.0,0.5924996514707932,0.0,1,True,Gaz - Agriculture,1,Agriculture,1,Entreprises et administrations,1,Gaz,1,Oui,1,euro/tCO2,MtCO2
Carbone,2014,0.594729345,0.12480312,0.5947293447293448,0.0,0.0,0.0,0.0,0.0,0.5947293447293448,0.0,1,True,Fioul lourd - Agriculture,1,Agriculture,1,Entreprises et administrations,1,Pétrole,1,Oui,1,euro/tCO2,MtCO2
Carbone,2014,3.089304258,0.20141485,3.089304257528557,0.0,0.0,0.0,0.0,0.0,3.089304257528557,0.0,1,True,Charbon - Grande consommation et quotas ETS,1,,5,Entreprises et administrations,1,Charbon,1,Oui,1,euro/tCO2,MtCO2
Carbone,2014,3.272827283,0.066756856,3.272827282728273,0.0,0.0,0.0,0.0,0.0,3.272827282728273,0.0,1,True,Charbon - Grande consommation et quotas ETS,1,,2,Entreprises et administrations,1,Charbon,1,Oui,1,euro/tCO2,MtCO2
Carbone,2014,3.494244773,0.365636278,3.494244773314541,0.0,0.0,0.0,0.0,0.0,3.494244773314541,0.0,1,True,Charbon - Grande consommation et quotas ETS,1,,5,Entreprises et administrations,1,Charbon,1,Oui,1,euro/tCO2,MtCO2
Carbone,2014,4.08,8.52042986,4.08,0.0,0.0,0.0,0.0,0.0,4.08,0.0,1,True,,2,Energie,1,Entreprises et administrations,1,,2,,2,euro/tCO2,MtCO2
Carbone,2014,5.893205983,84.03527302399999,0.0,0.0,0.0,5.893205983140452,1.2922156557900957,0.0,0.0,5.893205983140452,2,False,,27,,3,Entreprises et administrations,1,,4,,2,euro/tCO2,MtCO2
Carbone,2014,5.924996515,0.500707402,5.924996514707932,0.0,0.0,0.0,0.0,0.0,5.924996514707932,0.0,1,True,Gaz - Grande consommation et quotas ETS,1,Energie,1,Entreprises et administrations,1,Gaz,1,Oui,1,euro/tCO2,MtCO2
Carbone,2014,6.258114995,25.586164331,6.258114995467277,7.0,0.0,0.0,0.0,0.0,6.258114995467277,0.0,1,True,Gaz - Combustible,1,Résidentiel ménages,1,Ménages,1,Gaz,1,Oui,1,euro/tCO2,MtCO2
Carbone,2014,6.323315608,22.482217464,6.323315608133676,7.0,0.0,0.0,0.0,0.0,6.323315608133676,0.0,1,True,,2,,3,Entreprises et administrations,1,Gaz,1,Oui,1,euro/tCO2,MtCO2
Carbone,2014,7.019230769,0.206119956,7.019230769230769,7.0,0.0,0.0,0.0,0.0,7.019230769230769,0.0,1,True,Fioul lourd - Combustible,1,,3,Entreprises et administrations,1,Pétrole,1,Oui,1,euro/tCO2,MtCO2
Carbone,2014,7.667642548,0.754257156,7.66764254844556,7.0,0.0,0.0,0.0,0.0,7.66764254844556,0.0,1,True,Gaz - Carburant,1,,2,,2,Gaz,1,Oui,1,euro/tCO2,MtCO2
Carbone,2014,8.982510241,0.196160632,3.089304257528557,0.0,0.0,5.893205983140451,0.5985442591344824,0.0,3.089304257528557,5.893205983140451,2,False,Charbon - Grande consommation et quotas ETS,1,,2,Entreprises et administrations,1,Charbon,1,Oui,1,euro/tCO2,MtCO2
Carbone,2014,9.166033266,0.076987855,3.272827282728273,0.0,0.0,5.893205983140451,0.6447007103909631,0.0,3.272827282728273,5.893205983140451,2,False,Charbon - Grande consommation et quotas ETS,1,,2,Entreprises et administrations,1,Charbon,1,Oui,1,euro/tCO2,MtCO2
Carbone,2014,9.387450756,0.519843706,3.4942447733145414,0.0,0.0,5.893205983140452,0.4507285068902769,0.0,3.4942447733145414,5.893205983140452,2,False,Charbon - Grande consommation et quotas ETS,1,,2,Entreprises et administrations,1,Charbon,1,Oui,1,euro/tCO2,MtCO2
Carbone,2014,11.818202498,18.818847095,5.924996514707932,0.0,0.0,5.893205983140451,2.4358041190406428,0.0,5.924996514707932,5.893205983140451,2,False,Gaz - Grande consommation et quotas ETS,1,,2,Entreprises et administrations,1,Gaz,1,Oui,1,euro/tCO2,MtCO2
Carbone,2014,12.216521591,1.8921864780000002,6.323315608133676,7.0,0.0,5.893205983140451,0.1684656321714931,0.0,6.323315608133676,5.893205983140451,2,False,Gaz - Combustible,1,,2,Entreprises et administrations,1,Gaz,1,Oui,1,euro/tCO2,MtCO2
Carbone,2014,12.912436752,0.692481863,7.019230769230768,6.999999999999999,0.0,5.893205983140451,0.6381706553132335,0.0,7.019230769230768,5.893205983140451,2,False,Fioul lourd - Combustible,1,,2,Entreprises et administrations,1,Pétrole,1,Oui,1,euro/tCO2,MtCO2
Carbone,2014,14.386470922,8.827649116,14.38647092219325,0.0,0.0,0.0,0.0,0.0,14.38647092219325,0.0,1,True,Gazole Non Routier - Agriculture,1,Agriculture,1,Entreprises et administrations,1,Pétrole,1,Oui,1,euro/tCO2,MtCO2
Carbone,2014,16.5,15.434783856,0.0,0.0,0.0,16.5,0.0,0.0,0.0,16.5,1,True,HFC règlement F-Gaz,1,,7,,2,Non combustible,1,Non,1,euro/tCO2,MtCO2
Carbone,2014,20.880445703,14.059356071,20.88044570267767,7.0,0.0,0.0,0.0,0.0,20.88044570267767,0.0,1,True,Fioul domestique - Combustible,1,Résidentiel ménages,1,Ménages,1,Pétrole,1,Oui,1,euro/tCO2,MtCO2
Carbone,2014,21.0979901,7.706444767,21.09799009960041,7.0,0.0,0.0,0.0,0.0,21.09799009960041,0.0,1,True,Fioul domestique - Combustible,1,,5,Entreprises et administrations,1,Pétrole,1,Oui,1,euro/tCO2,MtCO2
Carbone,2014,26.991196083,-0.15669705,21.09799009960041,7.0,0.0,5.893205983140451,2.9466029915702254,0.0,21.09799009960041,5.893205983140451,2,False,Fioul domestique - Combustible,1,,2,Entreprises et administrations,1,Pétrole,1,Oui,1,euro/tCO2,MtCO2
Carbone,2014,29.05,11.95185171,29.05,0.0,0.0,0.0,0.0,0.0,29.05,0.0,1,True,Méthane stockage déchets,1,Energie,1,Entreprises et administrations,1,Déchets et biomasse,1,Non,1,euro/tCO2,MtCO2
Carbone,2014,29.166118554,2.965074129,29.16611855417996,7.0,0.0,0.0,0.0,0.0,29.16611855417996,0.0,1,True,Gazole Non Routier,1,Industrie,1,Entreprises et administrations,1,Pétrole,1,Oui,1,euro/tCO2,MtCO2
Carbone,2014,33.026182382,1.676774068,33.02618238206,7.0,0.0,0.0,0.0,0.0,33.02618238206,0.0,1,True,Gazole Non Routier,1,,3,Entreprises et administrations,1,Pétrole,1,Oui,1,euro/tCO2,MtCO2
Carbone,2014,35.059324537,0.11074232299999999,29.166118554179963,7.000000000000001,0.0,5.893205983140451,0.5361030259669707,0.0,29.166118554179963,5.893205983140451,2,False,Gazole Non Routier,1,Industrie,1,Entreprises et administrations,1,Pétrole,1,Oui,1,euro/tCO2,MtCO2
Carbone,2014,38.919388365,0.498000945,33.02618238206,7.0,0.0,5.893205983140451,0.8238096301275081,0.0,33.02618238206,5.893205983140451,2,False,Gazole Non Routier,1,Energie,1,Entreprises et administrations,1,Pétrole,1,Oui,1,euro/tCO2,MtCO2
Carbone,2014,44.135010077,0.23607207,44.13501007726749,7.0,0.0,0.0,0.0,0.0,44.13501007726749,0.0,1,True,GPL - Carburant,1,,2,,2,Pétrole,1,Oui,1,euro/tCO2,MtCO2
Carbone,2014,112.572314666,0.410924944,112.5723146657124,0.0,0.0,0.0,0.0,0.0,112.5723146657124,0.0,1,True,Gazole - Taxis,1,Transports entreprises,1,Entreprises et administrations,1,Pétrole,1,Oui,1,euro/tCO2,MtCO2
Carbone,2014,142.56364908,0.429919672,142.5636490804403,7.0,0.0,0.0,0.0,0.0,142.5636490804403,0.0,1,True,Kerosene combustible,1,Résidentiel ménages,1,Ménages,1,Pétrole,1,Oui,1,euro/tCO2,MtCO2
Carbone,2014,146.083079859,2.257186795,146.0830798592473,0.0,0.0,0.0,0.0,0.0,146.0830798592473,0.0,1,True,Gazole - Transport public,1,Transports entreprises,1,Entreprises et administrations,1,Pétrole,1,Oui,1,euro/tCO2,MtCO2
Carbone,2014,150.788237077,1.393075003,150.7882370774595,7.0,0.0,0.0,0.0,0.0,150.7882370774595,0.0,1,True,Kerosene - Carburant armée,1,Tertiaire,1,Entreprises et administrations,1,Pétrole,1,Oui,1,euro/tCO2,MtCO2
Carbone,2014,154.785994604,0.019226894,154.7859946038754,0.0,0.0,0.0,0.0,0.0,154.7859946038754,0.0,1,True,Essence - Taxis,1,Transports entreprises,1,Entreprises et administrations,1,Pétrole,1,Oui,1,euro/tCO2,MtCO2
Carbone,2014,159.688674181,1.738315113,159.6886741814278,7.0,0.0,0.0,0.0,0.0,159.6886741814278,0.0,1,True,Gazole - transport routier,1,,6,,2,Pétrole,1,Oui,1,euro/tCO2,MtCO2
Carbone,2014,160.993320212,18.687777064,160.9933202123218,0.0,0.0,0.0,0.0,0.0,160.9933202123218,0.0,1,True,Gazole - Transport marchandises,1,,5,Entreprises et administrations,1,Pétrole,1,Oui,1,euro/tCO2,MtCO2
Carbone,2014,164.720880301,78.255239169,164.7208803005905,7.0,0.0,0.0,0.0,0.0,164.7208803005905,0.0,1,True,Gazole - transport routier,1,,6,,2,Pétrole,1,Oui,1,euro/tCO2,MtCO2
Carbone,2014,225.824023014,0.00864852,225.824023013787,7.0,0.0,0.0,0.0,0.0,225.824023013787,0.0,1,True,Essence - transport routier,1,,5,,2,Pétrole,1,Oui,1,euro/tCO2,MtCO2
Carbone,2014,229.608135425,0.03158419,229.6081354253941,7.0,0.0,0.0,0.0,0.0,229.6081354253941,0.0,1,True,Essence - transport routier,1,,5,,2,Pétrole,1,Oui,1,euro/tCO2,MtCO2
Carbone,2014,232.182123591,0.50583275,232.1821235907007,7.0,0.0,0.0,0.0,0.0,232.1821235907007,0.0,1,True,E10 - transport routier,1,,5,,2,Pétrole,1,Oui,1,euro/tCO2,MtCO2
Carbone,2014,232.369098568,0.711214953,232.3690985677131,7.0,0.0,0.0,0.0,0.0,232.3690985677131,0.0,1,True,Essence - transport routier,1,,5,,2,Pétrole,1,Oui,1,euro/tCO2,MtCO2
Carbone,2014,257.354639914,0.167611526,257.3546399136148,7.0,0.0,0.0,0.0,0.0,257.3546399136148,0.0,1,True,Essence - transport routier,1,,6,,2,Pétrole,1,Oui,1,euro/tCO2,MtCO2
Carbone,2014,261.667107977,0.612113329,261.6671079765114,7.0,0.0,0.0,0.0,0.0,261.6671079765114,0.0,1,True,Essence - transport routier,1,,6,,2,Pétrole,1,Oui,1,euro/tCO2,MtCO2
Carbone,2014,264.600488529,6.332227584,264.6004885291374,7.0,0.0,0.0,0.0,0.0,264.6004885291374,0.0,1,True,E10 - transport routier,1,,6,,2,Pétrole,1,Oui,1,euro/tCO2,MtCO2
Carbone,2014,264.813569836,13.783609708,264.8135698357216,7.0,0.0,0.0,0.0,0.0,264.8135698357216,0.0,1,True,Essence - transport routier,1,,6,,2,Pétrole,1,Oui,1,euro/tCO2,MtCO2
Carbone,2015,0.0,122.305563206,0.0,0.0,0.0,0.0,0.0,0.0,0.0,0.0,1,True,,36,,7,,2,,5,,2,euro/tCO2,MtCO2
Carbone,2015,0.592499651,0.367837802,0.5924996514707932,0.0,0.0,0.0,0.0,0.0,0.5924996514707932,0.0,1,True,Gaz - Agriculture,1,Agriculture,1,Entreprises et administrations,1,Gaz,1,Oui,1,euro/tCO2,MtCO2
Carbone,2015,0.594729345,0.06240156,0.5947293447293448,0.0,0.0,0.0,0.0,0.0,0.5947293447293448,0.0,1,True,Fioul lourd - Agriculture,1,Agriculture,1,Entreprises et administrations,1,Pétrole,1,Oui,1,euro/tCO2,MtCO2
Carbone,2015,3.089304258,0.196850685,3.089304257528557,0.0,0.0,0.0,0.0,0.0,3.089304257528557,0.0,1,True,Charbon - Grande consommation et quotas ETS,1,,5,Entreprises et administrations,1,Charbon,1,Oui,1,euro/tCO2,MtCO2
Carbone,2015,3.272827283,0.07280719,3.272827282728273,0.0,0.0,0.0,0.0,0.0,3.272827282728273,0.0,1,True,Charbon - Grande consommation et quotas ETS,1,Industrie,1,Entreprises et administrations,1,Charbon,1,Oui,1,euro/tCO2,MtCO2
Carbone,2015,3.494244773,0.565870241,3.494244773314541,0.0,0.0,0.0,0.0,0.0,3.494244773314541,0.0,1,True,Charbon - Grande consommation et quotas ETS,1,,5,Entreprises et administrations,1,Charbon,1,Oui,1,euro/tCO2,MtCO2
Carbone,2015,4.08,8.52042986,4.08,0.0,0.0,0.0,0.0,0.0,4.08,0.0,1,True,,2,Energie,1,Entreprises et administrations,1,,2,,2,euro/tCO2,MtCO2
Carbone,2015,5.924996515,0.614072986,5.924996514707932,0.0,0.0,0.0,0.0,0.0,5.924996514707932,0.0,1,True,Gaz - Grande consommation et quotas ETS,1,Energie,1,Entreprises et administrations,1,Gaz,1,Oui,1,euro/tCO2,MtCO2
Carbone,2015,6.323315608,8.763878532,6.323315608133676,7.0,0.0,0.0,0.0,0.0,6.323315608133676,0.0,1,True,Gaz - Grande consommation et fuite carbone,1,Industrie,1,Entreprises et administrations,1,Gaz,1,Oui,1,euro/tCO2,MtCO2
Carbone,2015,7.619650513,82.167167095,0.0,0.0,0.0,7.619650512909029,1.8245628330815444,0.0,0.0,7.619650512909029,2,False,,27,,3,Entreprises et administrations,1,,4,,2,euro/tCO2,MtCO2
Carbone,2015,10.70895477,0.19176496399999998,3.089304257528557,0.0,0.0,7.619650512909029,0.7852117187252563,0.0,3.089304257528557,7.619650512909029,2,False,Charbon - Grande consommation et quotas ETS,1,,2,Entreprises et administrations,1,Charbon,1,Oui,1,euro/tCO2,MtCO2
Carbone,2015,10.892477796,0.08261861300000001,3.272827282728273,0.0,0.0,7.619650512909028,0.8692787477356506,0.0,3.272827282728273,7.619650512909028,2,False,Charbon - Grande consommation et quotas ETS,1,Industrie,1,Entreprises et administrations,1,Charbon,1,Oui,1,euro/tCO2,MtCO2
Carbone,2015,11.113895286,0.725980023,3.494244773314541,0.0,0.0,7.619650512909027,0.704417943316429,0.0,3.494244773314541,7.619650512909027,2,False,Charbon - Grande consommation et quotas ETS,1,,2,Entreprises et administrations,1,Charbon,1,Oui,1,euro/tCO2,MtCO2
Carbone,2015,13.015144452,27.538046993,13.01514445180175,14.5,0.0,0.0,0.0,0.0,13.01514445180175,0.0,1,True,Gaz - Combustible,1,Résidentiel ménages,1,Ménages,1,Gaz,1,Oui,1,euro/tCO2,MtCO2
Carbone,2015,13.144530083,14.310563248,13.14453008304953,14.5,0.0,0.0,0.0,0.0,13.14453008304953,0.0,1,True,Gaz - Combustible,1,,3,Entreprises et administrations,1,Gaz,1,Oui,1,euro/tCO2,MtCO2
Carbone,2015,13.544647028,21.336432777,5.924996514707933,0.0,0.0,7.619650512909029,3.878045863389467,0.0,5.924996514707933,7.619650512909029,2,False,Gaz - Grande consommation et quotas ETS,1,,2,Entreprises et administrations,1,Gaz,1,Oui,1,euro/tCO2,MtCO2
Carbone,2015,14.38643382,8.667910938,14.38643381985151,0.0,0.0,0.0,0.0,0.0,14.38643381985151,0.0,1,True,Gazole Non Routier - Agriculture,1,Agriculture,1,Entreprises et administrations,1,Pétrole,1,Oui,1,euro/tCO2,MtCO2
Carbone,2015,14.519230769,0.2434373,14.51923076923077,14.5,0.0,0.0,0.0,0.0,14.51923076923077,0.0,1,True,Fioul lourd - Combustible,1,,3,Entreprises et administrations,1,Pétrole,1,Oui,1,euro/tCO2,MtCO2
Carbone,2015,15.88297385,0.805138192,15.88297385035152,14.5,0.0,0.0,0.0,0.0,15.88297385035152,0.0,1,True,Gaz - Carburant,1,,2,,2,Gaz,1,Oui,1,euro/tCO2,MtCO2
Carbone,2015,16.5,15.274512162,0.0,0.0,0.0,16.5,0.0,0.0,0.0,16.5,1,True,HFC règlement F-Gaz,1,,7,,2,Non combustible,1,Non,1,euro/tCO2,MtCO2
Carbone,2015,20.764180596,1.8037206049999999,13.14453008304953,14.5,0.0,7.619650512909028,0.2960257859644532,0.0,13.14453008304953,7.619650512909028,2,False,Gaz - Combustible,1,,2,Entreprises et administrations,1,Gaz,1,Oui,1,euro/tCO2,MtCO2
Carbone,2015,22.138881282,0.5524294949999999,14.519230769230772,14.500000000000002,0.0,7.619650512909029,0.7341913977133139,0.0,14.519230769230772,7.619650512909029,2,False,Fioul lourd - Combustible,1,,2,Entreprises et administrations,1,Pétrole,1,Oui,1,euro/tCO2,MtCO2
Carbone,2015,28.198235904,14.049507007,28.19823590423352,14.5,0.0,0.0,0.0,0.0,28.19823590423352,0.0,1,True,Fioul domestique - Combustible,1,Résidentiel ménages,1,Ménages,1,Pétrole,1,Oui,1,euro/tCO2,MtCO2
Carbone,2015,28.478559074,8.24818367,28.47855907437228,14.5,0.0,0.0,0.0,0.0,28.47855907437228,0.0,1,True,Fioul domestique - Combustible,1,,5,Entreprises et administrations,1,Pétrole,1,Oui,1,euro/tCO2,MtCO2
Carbone,2015,29.05,11.185554107,29.05,0.0,0.0,0.0,0.0,0.0,29.05,0.0,1,True,Méthane stockage déchets,1,Energie,1,Entreprises et administrations,1,Déchets et biomasse,1,Non,1,euro/tCO2,MtCO2
Carbone,2015,35.663662121,2.906915145,35.66366212107381,14.5,0.0,0.0,0.0,0.0,35.66366212107381,0.0,1,True,Gazole Non Routier,1,Industrie,1,Entreprises et administrations,1,Pétrole,1,Oui,1,euro/tCO2,MtCO2
Carbone,2015,36.098209587,0.17141666900000002,28.47855907437228,14.5,0.0,7.619650512909027,0.6324034539472837,0.0,28.47855907437228,7.619650512909027,2,False,Fioul domestique - Combustible,1,,2,Entreprises et administrations,1,Pétrole,1,Oui,1,euro/tCO2,MtCO2
Carbone,2015,40.406751357,1.642972429,40.40675135683188,14.5,0.0,0.0,0.0,0.0,40.40675135683188,0.0,1,True,Gazole Non Routier,1,,3,Entreprises et administrations,1,Pétrole,1,Oui,1,euro/tCO2,MtCO2
Carbone,2015,43.283312634,0.10842294699999999,35.66366212107381,14.5,0.0,7.619650512909028,0.7114255052526289,0.0,35.66366212107381,7.619650512909028,2,False,Gazole Non Routier,1,Industrie,1,Entreprises et administrations,1,Pétrole,1,Oui,1,euro/tCO2,MtCO2
Carbone,2015,48.02640187,0.48796187799999996,40.40675135683188,14.5,0.0,7.619650512909028,1.002561214277143,0.0,40.40675135683188,7.619650512909028,2,False,Gazole Non Routier,1,Energie,1,Entreprises et administrations,1,Pétrole,1,Oui,1,euro/tCO2,MtCO2
Carbone,2015,53.322967565,0.225597481,53.32296756547186,14.5,0.0,0.0,0.0,0.0,53.32296756547186,0.0,1,True,GPL - Carburant,1,,2,,2,Pétrole,1,Oui,1,euro/tCO2,MtCO2
Carbone,2015,112.572314666,0.402255116,112.5723146657124,0.0,0.0,0.0,0.0,0.0,112.5723146657124,0.0,1,True,Gazole - Taxis,1,Transports entreprises,1,Entreprises et administrations,1,Pétrole,1,Oui,1,euro/tCO2,MtCO2
Carbone,2015,146.083079859,2.29408507,146.0830798592473,0.0,0.0,0.0,0.0,0.0,146.0830798592473,0.0,1,True,Gazole - Transport public,1,Transports entreprises,1,Entreprises et administrations,1,Pétrole,1,Oui,1,euro/tCO2,MtCO2
Carbone,2015,150.219488665,0.487012079,150.2194886649554,14.5,0.0,0.0,0.0,0.0,150.2194886649554,0.0,1,True,Kerosene combustible,1,Résidentiel ménages,1,Ménages,1,Pétrole,1,Oui,1,euro/tCO2,MtCO2
Carbone,2015,150.788237077,1.311129414,150.7882370774595,14.5,0.0,0.0,0.0,0.0,150.7882370774595,0.0,1,True,Kerosene - Carburant armée,1,Tertiaire,1,Entreprises et administrations,1,Pétrole,1,Oui,1,euro/tCO2,MtCO2
Carbone,2015,154.785994604,0.02588629,154.7859946038754,0.0,0.0,0.0,0.0,0.0,154.7859946038754,0.0,1,True,Essence - Taxis,1,Transports entreprises,1,Entreprises et administrations,1,Pétrole,1,Oui,1,euro/tCO2,MtCO2
Carbone,2015,160.993320212,18.770239561,160.9933202123218,0.0,0.0,0.0,0.0,0.0,160.9933202123218,0.0,1,True,Gazole - Transport marchandises,1,,5,Entreprises et administrations,1,Pétrole,1,Oui,1,euro/tCO2,MtCO2
Carbone,2015,174.524363333,2.12070665,174.524363332737,14.5,0.0,0.0,0.0,0.0,174.524363332737,0.0,1,True,Gazole - transport routier,1,,6,,2,Pétrole,1,Oui,1,euro/tCO2,MtCO2
Carbone,2015,179.556569452,78.510743625,179.5565694518996,14.5,0.0,0.0,0.0,0.0,179.5565694518996,0.0,1,True,Gazole - transport routier,1,,6,,2,Pétrole,1,Oui,1,euro/tCO2,MtCO2
Carbone,2015,232.331265761,0.009668956,232.3312657610431,14.5,0.0,0.0,0.0,0.0,232.3312657610431,0.0,1,True,Essence - transport routier,1,,5,,2,Pétrole,1,Oui,1,euro/tCO2,MtCO2
Carbone,2015,236.115378173,0.045370097,236.1153781726502,14.5,0.0,0.0,0.0,0.0,236.1153781726502,0.0,1,True,Essence - transport routier,1,,5,,2,Pétrole,1,Oui,1,euro/tCO2,MtCO2
Carbone,2015,238.684130308,0.570958904,238.6841303079916,14.5,0.0,0.0,0.0,0.0,238.6841303079916,0.0,1,True,E10 - transport routier,1,,5,,2,Pétrole,1,Oui,1,euro/tCO2,MtCO2
Carbone,2015,238.876341315,0.746329324,238.8763413149692,14.5,0.0,0.0,0.0,0.0,238.8763413149692,0.0,1,True,Essence - transport routier,1,,5,,2,Pétrole,1,Oui,1,euro/tCO2,MtCO2
Carbone,2015,264.770454634,0.175341099,264.7704546338597,14.5,0.0,0.0,0.0,0.0,264.7704546338597,0.0,1,True,Essence - transport routier,1,,6,,2,Pétrole,1,Oui,1,euro/tCO2,MtCO2
Carbone,2015,269.082922697,0.822761327,269.0829226967564,14.5,0.0,0.0,0.0,0.0,269.0829226967564,0.0,1,True,Essence - transport routier,1,,6,,2,Pétrole,1,Oui,1,euro/tCO2,MtCO2
Carbone,2015,272.01033614,6.688003534,272.0103361401781,14.5,0.0,0.0,0.0,0.0,272.0103361401781,0.0,1,True,E10 - transport routier,1,,6,,2,Pétrole,1,Oui,1,euro/tCO2,MtCO2
Carbone,2015,272.229384556,13.534264734,272.2293845559665,14.5,0.0,0.0,0.0,0.0,272.2293845559665,0.0,1,True,Essence - transport routier,1,,6,,2,Pétrole,1,Oui,1,euro/tCO2,MtCO2
Carbone,2016,0.0,123.306927925,0.0,0.0,0.0,0.0,0.0,0.0,0.0,0.0,1,True,,36,,7,,2,,5,,2,euro/tCO2,MtCO2
Carbone,2016,0.592499651,0.385770611,0.5924996514707932,0.0,0.0,0.0,0.0,0.0,0.5924996514707932,0.0,1,True,Gaz - Agriculture,1,Agriculture,1,Entreprises et administrations,1,Gaz,1,Oui,1,euro/tCO2,MtCO2
Carbone,2016,0.594729345,0.06240156,0.5947293447293448,0.0,0.0,0.0,0.0,0.0,0.5947293447293448,0.0,1,True,Fioul lourd - Agriculture,1,Agriculture,1,Entreprises et administrations,1,Pétrole,1,Oui,1,euro/tCO2,MtCO2
Carbone,2016,3.089304258,0.17630427,3.089304257528557,0.0,0.0,0.0,0.0,0.0,3.089304257528557,0.0,1,True,Charbon - Grande consommation et quotas ETS,1,,5,Entreprises et administrations,1,Charbon,1,Oui,1,euro/tCO2,MtCO2
Carbone,2016,3.272827283,0.056922756,3.272827282728273,0.0,0.0,0.0,0.0,0.0,3.272827282728273,0.0,1,True,Charbon - Grande consommation et quotas ETS,1,Industrie,1,Entreprises et administrations,1,Charbon,1,Oui,1,euro/tCO2,MtCO2
Carbone,2016,3.494244773,0.534090938,3.494244773314541,0.0,0.0,0.0,0.0,0.0,3.494244773314541,0.0,1,True,Charbon - Grande consommation et quotas ETS,1,,5,Entreprises et administrations,1,Charbon,1,Oui,1,euro/tCO2,MtCO2
Carbone,2016,4.08,8.52042986,4.08,0.0,0.0,0.0,0.0,0.0,4.08,0.0,1,True,,2,Energie,1,Entreprises et administrations,1,,2,,2,euro/tCO2,MtCO2
Carbone,2016,5.25984511,78.387470728,0.0,0.0,0.0,5.259845110198853,1.25602289483233,0.0,0.0,5.259845110198853,2,False,,27,,3,Entreprises et administrations,1,,4,,2,euro/tCO2,MtCO2
Carbone,2016,7.568062775,0.782081236,7.568062775089124,0.0,0.0,0.0,0.0,0.0,7.568062775089124,0.0,1,True,Gaz - Grande consommation et quotas ETS,1,Energie,1,Entreprises et administrations,1,Gaz,1,Oui,1,euro/tCO2,MtCO2
Carbone,2016,7.966381869,1.517098681,7.966381868514868,7.0,0.0,0.0,0.0,0.0,7.966381868514868,0.0,1,True,Gaz - Grande consommation et fuite carbone,1,Industrie,1,Entreprises et administrations,1,Gaz,1,Oui,1,euro/tCO2,MtCO2
Carbone,2016,8.349149368,0.168115527,3.0893042575285574,0.0,0.0,5.259845110198854,0.6264001443749815,0.0,3.0893042575285574,5.259845110198854,2,False,Charbon - Grande consommation et quotas ETS,1,,2,Entreprises et administrations,1,Charbon,1,Oui,1,euro/tCO2,MtCO2
Carbone,2016,8.532672393,0.065417172,3.2728272827282736,0.0,0.0,5.259845110198853,0.8268788934844429,0.0,3.2728272827282736,5.259845110198853,2,False,Charbon - Grande consommation et quotas ETS,1,Industrie,1,Entreprises et administrations,1,Charbon,1,Oui,1,euro/tCO2,MtCO2
Carbone,2016,8.754089884,0.71163403,3.4942447733145405,0.0,0.0,5.259845110198853,0.5911196180838376,0.0,3.4942447733145405,5.259845110198853,2,False,Charbon - Grande consommation et quotas ETS,1,,2,Entreprises et administrations,1,Charbon,1,Oui,1,euro/tCO2,MtCO2
Carbone,2016,12.827907885,32.056018473,7.568062775089123,0.0,0.0,5.259845110198853,2.782661588759891,0.0,7.568062775089123,5.259845110198853,2,False,Gaz - Grande consommation et quotas ETS,1,,2,Entreprises et administrations,1,Gaz,1,Oui,1,euro/tCO2,MtCO2
Carbone,2016,14.386286471,8.467705007,14.38628647139605,0.0,0.0,0.0,0.0,0.0,14.38628647139605,0.0,1,True,Gazole Non Routier - Agriculture,1,Agriculture,1,Entreprises et administrations,1,Pétrole,1,Oui,1,euro/tCO2,MtCO2
Carbone,2016,16.5,14.98289229,0.0,0.0,0.0,16.5,0.0,0.0,0.0,16.5,1,True,HFC règlement F-Gaz,1,,7,,2,Non combustible,1,Non,1,euro/tCO2,MtCO2
Carbone,2016,20.513433311,0.825587736,20.51343331142579,22.0,0.0,0.0,0.0,0.0,20.51343331142579,0.0,1,True,Gaz - Carburant,1,,2,,2,Gaz,1,Oui,1,euro/tCO2,MtCO2
Carbone,2016,21.401540934,29.787976222,21.40154093416553,22.0,0.0,0.0,0.0,0.0,21.40154093416553,0.0,1,True,Gaz - Combustible,1,Résidentiel ménages,1,Ménages,1,Gaz,1,Oui,1,euro/tCO2,MtCO2
Carbone,2016,21.608810818,15.179847545,21.60881081834658,22.0,0.0,0.0,0.0,0.0,21.60881081834658,0.0,1,True,Gaz - Combustible,1,,3,Entreprises et administrations,1,Gaz,1,Oui,1,euro/tCO2,MtCO2
Carbone,2016,22.051282051,0.181518843,22.05128205128205,22.0,0.0,0.0,0.0,0.0,22.05128205128205,0.0,1,True,Fioul lourd - Combustible,1,,3,Entreprises et administrations,1,Pétrole,1,Oui,1,euro/tCO2,MtCO2
Carbone,2016,26.868655929,1.565612953,21.60881081834658,22.0,0.0,5.259845110198853,0.13433770793292663,0.0,21.60881081834658,5.259845110198853,2,False,Gaz - Combustible,1,,2,Entreprises et administrations,1,Gaz,1,Oui,1,euro/tCO2,MtCO2
Carbone,2016,27.311127161,0.420656211,22.05128205128205,22.0,0.0,5.259845110198853,0.5142829182560797,0.0,22.05128205128205,5.259845110198853,2,False,Fioul lourd - Combustible,1,,2,Entreprises et administrations,1,Pétrole,1,Oui,1,euro/tCO2,MtCO2
Carbone,2016,29.05,11.276182194,29.05,0.0,0.0,0.0,0.0,0.0,29.05,0.0,1,True,Méthane stockage déchets,1,Energie,1,Entreprises et administrations,1,Déchets et biomasse,1,Non,1,euro/tCO2,MtCO2
Carbone,2016,35.552088385,12.91764988,35.55208838485084,22.0,0.0,0.0,0.0,0.0,35.55208838485084,0.0,1,True,Fioul domestique - Combustible,1,Résidentiel ménages,1,Ménages,1,Pétrole,1,Oui,1,euro/tCO2,MtCO2
Carbone,2016,35.89640365,7.520325117,35.89640365002685,22.0,0.0,0.0,0.0,0.0,35.89640365002685,0.0,1,True,Fioul domestique - Combustible,1,,5,Entreprises et administrations,1,Pétrole,1,Oui,1,euro/tCO2,MtCO2
Carbone,2016,41.15624876,0.191856287,35.896403650026855,22.0,0.0,5.259845110198853,0.6113737504866221,0.0,35.896403650026855,5.259845110198853,2,False,Fioul domestique - Combustible,1,,2,Entreprises et administrations,1,Pétrole,1,Oui,1,euro/tCO2,MtCO2
Carbone,2016,42.169801431,2.834657349,42.16980143064145,22.0,0.0,0.0,0.0,0.0,42.16980143064145,0.0,1,True,Gazole Non Routier,1,Industrie,1,Entreprises et administrations,1,Pétrole,1,Oui,1,euro/tCO2,MtCO2
Carbone,2016,47.429646541,0.105606243,42.16980143064144,22.0,0.0,5.259845110198853,0.6859053143029806,0.0,42.16980143064144,5.259845110198853,2,False,Gazole Non Routier,1,Industrie,1,Entreprises et administrations,1,Pétrole,1,Oui,1,euro/tCO2,MtCO2
Carbone,2016,47.824595932,1.60060755,47.82459593248644,22.0,0.0,0.0,0.0,0.0,47.82459593248644,0.0,1,True,Gazole Non Routier,1,,3,Entreprises et administrations,1,Pétrole,1,Oui,1,euro/tCO2,MtCO2
Carbone,2016,53.084441043,0.47537953299999997,47.82459593248644,22.0,0.0,5.259845110198853,0.588860110420157,0.0,47.82459593248644,5.259845110198853,2,False,Gazole Non Routier,1,Energie,1,Entreprises et administrations,1,Pétrole,1,Oui,1,euro/tCO2,MtCO2
Carbone,2016,57.301681299,0.204920753,57.30168129920323,22.0,0.0,0.0,0.0,0.0,57.30168129920323,0.0,1,True,GPL - Carburant,1,,2,,2,Pétrole,1,Oui,1,euro/tCO2,MtCO2
Carbone,2016,112.572314666,0.403636065,112.5723146657124,0.0,0.0,0.0,0.0,0.0,112.5723146657124,0.0,1,True,Gazole - Taxis,1,Transports entreprises,1,Entreprises et administrations,1,Pétrole,1,Oui,1,euro/tCO2,MtCO2
Carbone,2016,146.083079859,2.397802598,146.0830798592473,0.0,0.0,0.0,0.0,0.0,146.0830798592473,0.0,1,True,Gazole - Transport public,1,Transports entreprises,1,Entreprises et administrations,1,Pétrole,1,Oui,1,euro/tCO2,MtCO2
Carbone,2016,150.788237077,0.885642705,150.7882370774595,22.0,0.0,0.0,0.0,0.0,150.7882370774595,0.0,1,True,Kerosene - Carburant armée,1,Tertiaire,1,Entreprises et administrations,1,Pétrole,1,Oui,1,euro/tCO2,MtCO2
Carbone,2016,154.785994604,0.033305316,154.7859946038754,0.0,0.0,0.0,0.0,0.0,154.7859946038754,0.0,1,True,Essence - Taxis,1,Transports entreprises,1,Entreprises et administrations,1,Pétrole,1,Oui,1,euro/tCO2,MtCO2
Carbone,2016,157.848002596,0.531440349,157.8480025960228,22.0,0.0,0.0,0.0,0.0,157.8480025960228,0.0,1,True,Kerosene combustible,1,Résidentiel ménages,1,Ménages,1,Pétrole,1,Oui,1,euro/tCO2,MtCO2
Carbone,2016,160.993320212,19.703512875,160.9933202123218,0.0,0.0,0.0,0.0,0.0,160.9933202123218,0.0,1,True,Gazole - Transport marchandises,1,,5,Entreprises et administrations,1,Pétrole,1,Oui,1,euro/tCO2,MtCO2
Carbone,2016,185.669767997,2.159514779,185.6697679966601,22.0,0.0,0.0,0.0,0.0,185.6697679966601,0.0,1,True,Gazole - transport routier,1,,6,,2,Pétrole,1,Oui,1,euro/tCO2,MtCO2
Carbone,2016,190.701974116,76.982555977,190.7019741158228,22.0,0.0,0.0,0.0,0.0,190.7019741158228,0.0,1,True,Gazole - transport routier,1,,6,,2,Pétrole,1,Oui,1,euro/tCO2,MtCO2
Carbone,2016,237.587861734,0.591493008,237.5878617335646,22.0,0.0,0.0,0.0,0.0,237.5878617335646,0.0,1,True,E10 - transport routier,1,,5,,2,Pétrole,1,Oui,1,euro/tCO2,MtCO2
Carbone,2016,242.584788113,0.046012683,242.5847881132361,22.0,0.0,0.0,0.0,0.0,242.5847881132361,0.0,1,True,Essence - transport routier,1,,5,,2,Pétrole,1,Oui,1,euro/tCO2,MtCO2
Carbone,2016,245.345751256,0.71883803,245.3457512555552,22.0,0.0,0.0,0.0,0.0,245.3457512555552,0.0,1,True,Essence - transport routier,1,,5,,2,Pétrole,1,Oui,1,euro/tCO2,MtCO2
Carbone,2016,270.761001369,7.225980116,270.7610013685491,22.0,0.0,0.0,0.0,0.0,270.7610013685491,0.0,1,True,E10 - transport routier,1,,6,,2,Pétrole,1,Oui,1,euro/tCO2,MtCO2
Carbone,2016,276.455622215,0.870236354,276.4556222151393,22.0,0.0,0.0,0.0,0.0,276.4556222151393,0.0,1,True,Essence - transport routier,1,,6,,2,Pétrole,1,Oui,1,euro/tCO2,MtCO2
Carbone,2016,279.602084074,13.595359926,279.6020840743495,22.0,0.0,0.0,0.0,0.0,279.6020840743495,0.0,1,True,Essence - transport routier,1,,6,,2,Pétrole,1,Oui,1,euro/tCO2,MtCO2
Carbone,2017,0.0,124.112867644,0.0,0.0,0.0,0.0,0.0,0.0,0.0,0.0,1,True,,36,,7,,2,,5,,2,euro/tCO2,MtCO2
Carbone,2017,0.592499651,0.385806863,0.5924996514707932,0.0,0.0,0.0,0.0,0.0,0.5924996514707932,0.0,1,True,Gaz - Agriculture,1,Agriculture,1,Entreprises et administrations,1,Gaz,1,Oui,1,euro/tCO2,MtCO2
Carbone,2017,0.594729345,0.06240156,0.5947293447293448,0.0,0.0,0.0,0.0,0.0,0.5947293447293448,0.0,1,True,Fioul lourd - Agriculture,1,Agriculture,1,Entreprises et administrations,1,Pétrole,1,Oui,1,euro/tCO2,MtCO2
Carbone,2017,3.089304258,0.154250063,3.089304257528557,0.0,0.0,0.0,0.0,0.0,3.089304257528557,0.0,1,True,Charbon - Grande consommation et quotas ETS,1,,5,Entreprises et administrations,1,Charbon,1,Oui,1,euro/tCO2,MtCO2
Carbone,2017,3.272827283,0.023658405,3.272827282728273,0.0,0.0,0.0,0.0,0.0,3.272827282728273,0.0,1,True,Charbon - Grande consommation et quotas ETS,1,,3,Entreprises et administrations,1,Charbon,1,Oui,1,euro/tCO2,MtCO2
Carbone,2017,3.494244773,0.622200739,3.494244773314541,0.0,0.0,0.0,0.0,0.0,3.494244773314541,0.0,1,True,Charbon - Grande consommation et quotas ETS,1,,5,Entreprises et administrations,1,Charbon,1,Oui,1,euro/tCO2,MtCO2
Carbone,2017,4.08,8.52042986,4.08,0.0,0.0,0.0,0.0,0.0,4.08,0.0,1,True,,2,Energie,1,Entreprises et administrations,1,,2,,2,euro/tCO2,MtCO2
Carbone,2017,5.773452091,80.88658522600001,0.0,0.0,0.0,5.773452091169448,0.8390436107474364,0.8403819060164311,0.0,5.773452091169448,3,False,,27,,3,Entreprises et administrations,1,,4,,2,euro/tCO2,MtCO2
Carbone,2017,7.568062775,0.699276545,7.568062775089124,0.0,0.0,0.0,0.0,0.0,7.568062775089124,0.0,1,True,Gaz - Grande consommation et quotas ETS,1,Energie,1,Entreprises et administrations,1,Gaz,1,Oui,1,euro/tCO2,MtCO2
Carbone,2017,7.966381869,0.702367427,7.966381868514868,7.0,0.0,0.0,0.0,0.0,7.966381868514868,0.0,1,True,Gaz - Grande consommation et fuite carbone,1,Industrie,1,Entreprises et administrations,1,Gaz,1,Oui,1,euro/tCO2,MtCO2
Carbone,2017,8.862756349,0.164025613,3.089304257528557,0.0,0.0,5.77345209116945,0.9561590081913744,0.0,3.089304257528557,5.77345209116945,2,False,Charbon - Grande consommation et quotas ETS,1,,2,Entreprises et administrations,1,Charbon,1,Oui,1,euro/tCO2,MtCO2
Carbone,2017,9.046279374,0.031353713,3.272827282728273,0.0,0.0,5.77345209116945,1.1935383689392771,0.0,3.272827282728273,5.77345209116945,2,False,Charbon - Grande consommation et quotas ETS,1,Industrie,1,Entreprises et administrations,1,Charbon,1,Oui,1,euro/tCO2,MtCO2
Carbone,2017,9.267696864,0.878812825,3.494244773314541,0.0,0.0,5.77345209116945,0.9884789554664436,0.0,3.494244773314541,5.77345209116945,2,False,Charbon - Grande consommation et quotas ETS,1,,2,Entreprises et administrations,1,Charbon,1,Oui,1,euro/tCO2,MtCO2
Carbone,2017,13.341514866,33.889311191,7.568062775089125,0.0,0.0,5.7734520911694505,1.4435943227771921,1.8956624906385557,7.568062775089125,5.7734520911694505,3,False,Gaz - Grande consommation et quotas ETS,1,,2,Entreprises et administrations,1,Gaz,1,Oui,1,euro/tCO2,MtCO2
Carbone,2017,14.386255821,8.695812117,14.38625582107005,0.0,0.0,0.0,0.0,0.0,14.38625582107005,0.0,1,True,Gazole Non Routier - Agriculture,1,Agriculture,1,Entreprises et administrations,1,Pétrole,1,Oui,1,euro/tCO2,MtCO2
Carbone,2017,16.5,14.426271729,0.0,0.0,0.0,16.5,0.0,0.0,0.0,16.5,1,True,HFC règlement F-Gaz,1,,7,,2,Non combustible,1,Non,1,euro/tCO2,MtCO2
Carbone,2017,28.989737198,28.945940268,28.989737198124,30.5,0.0,0.0,0.0,0.0,28.989737198124,0.0,1,True,Gaz - Combustible,1,Résidentiel ménages,1,Ménages,1,Gaz,1,Oui,1,euro/tCO2,MtCO2
Carbone,2017,29.05,11.392765424,29.05,0.0,0.0,0.0,0.0,0.0,29.05,0.0,1,True,Méthane stockage déchets,1,Energie,1,Entreprises et administrations,1,Déchets et biomasse,1,Non,1,euro/tCO2,MtCO2
Carbone,2017,29.276453367,15.903565871,29.27645336679214,30.5,0.0,0.0,0.0,0.0,29.27645336679214,0.0,1,True,Gaz - Combustible,1,,3,Entreprises et administrations,1,Gaz,1,Oui,1,euro/tCO2,MtCO2
Carbone,2017,29.82414212,0.878526685,29.82414212025254,30.5,0.0,0.0,0.0,0.0,29.82414212025254,0.0,1,True,Gaz - Carburant,1,,2,,2,Gaz,1,Oui,1,euro/tCO2,MtCO2
Carbone,2017,30.576923077,0.156758692,30.57692307692307,30.5,0.0,0.0,0.0,0.0,30.57692307692307,0.0,1,True,Fioul lourd - Combustible,1,,3,Entreprises et administrations,1,Pétrole,1,Oui,1,euro/tCO2,MtCO2
Carbone,2017,35.049905458,1.067857422,29.27645336679214,30.5,0.0,5.77345209116945,0.322876786758779,0.0,29.27645336679214,5.77345209116945,2,False,Gaz - Combustible,1,,2,Entreprises et administrations,1,Gaz,1,Oui,1,euro/tCO2,MtCO2
Carbone,2017,36.350375168,0.473686624,30.57692307692307,30.5,0.0,5.77345209116945,0.8847860410962115,0.0,30.57692307692307,5.77345209116945,2,False,Fioul lourd - Combustible,1,,2,Entreprises et administrations,1,Pétrole,1,Oui,1,euro/tCO2,MtCO2
Carbone,2017,43.886638982,12.803332244,43.88663898197647,30.5,0.0,0.0,0.0,0.0,43.88663898197647,0.0,1,True,Fioul domestique - Combustible,1,Résidentiel ménages,1,Ménages,1,Pétrole,1,Oui,1,euro/tCO2,MtCO2
Carbone,2017,44.32068945,7.194682826,44.32068944951394,30.5,0.0,0.0,0.0,0.0,44.32068944951394,0.0,1,True,Fioul domestique - Combustible,1,,5,Entreprises et administrations,1,Pétrole,1,Oui,1,euro/tCO2,MtCO2
Carbone,2017,49.641878819,2.93326736,49.64187881854744,30.5,0.0,0.0,0.0,0.0,49.64187881854744,0.0,1,True,Gazole Non Routier,1,Industrie,1,Entreprises et administrations,1,Pétrole,1,Oui,1,euro/tCO2,MtCO2
Carbone,2017,50.094141541,0.137726784,44.32068944951394,30.500000000000004,0.0,5.7734520911694505,0.9414343399939403,0.0,44.32068944951394,5.7734520911694505,2,False,Fioul domestique - Combustible,1,,2,Entreprises et administrations,1,Pétrole,1,Oui,1,euro/tCO2,MtCO2
Carbone,2017,54.549607036,0.087983637,54.54960703623464,0.0,0.0,0.0,0.0,0.0,54.54960703623464,0.0,1,True,E85 - transport routier,1,,6,,2,Pétrole,1,Oui,1,euro/tCO2,MtCO2
Carbone,2017,55.41533091,0.093087296,49.64187881854745,30.5,0.0,5.7734520911694505,1.008392437300875,0.0,49.64187881854745,5.7734520911694505,2,False,Gazole Non Routier,1,Industrie,1,Entreprises et administrations,1,Pétrole,1,Oui,1,euro/tCO2,MtCO2
Carbone,2017,56.248881732,2.022617084,56.24888173197353,30.5,0.0,0.0,0.0,0.0,56.24888173197353,0.0,1,True,Gazole Non Routier,1,,3,Entreprises et administrations,1,Pétrole,1,Oui,1,euro/tCO2,MtCO2
Carbone,2017,62.022333823,0.11597479999999999,56.24888173197353,30.5,0.0,5.77345209116945,0.9232020448740382,0.0,56.24888173197353,5.77345209116945,2,False,Gazole Non Routier,1,Energie,1,Entreprises et administrations,1,Pétrole,1,Oui,1,euro/tCO2,MtCO2
Carbone,2017,67.679151141,0.183135054,67.6791511407912,30.5,0.0,0.0,0.0,0.0,67.6791511407912,0.0,1,True,GPL - Carburant,1,,2,,2,Pétrole,1,Oui,1,euro/tCO2,MtCO2
Carbone,2017,112.572314666,0.414029825,112.5723146657124,0.0,0.0,0.0,0.0,0.0,112.5723146657124,0.0,1,True,Gazole - Taxis,1,Transports entreprises,1,Entreprises et administrations,1,Pétrole,1,Oui,1,euro/tCO2,MtCO2
Carbone,2017,146.083079859,2.416484398,146.0830798592473,0.0,0.0,0.0,0.0,0.0,146.0830798592473,0.0,1,True,Gazole - Transport public,1,Transports entreprises,1,Entreprises et administrations,1,Pétrole,1,Oui,1,euro/tCO2,MtCO2
Carbone,2017,150.788237077,0.914008486,150.7882370774595,30.5,0.0,0.0,0.0,0.0,150.7882370774595,0.0,1,True,Kerosene - Carburant armée,1,Tertiaire,1,Entreprises et administrations,1,Pétrole,1,Oui,1,euro/tCO2,MtCO2
Carbone,2017,154.785994604,0.039364656,154.7859946038754,0.0,0.0,0.0,0.0,0.0,154.7859946038754,0.0,1,True,Essence - Taxis,1,Transports entreprises,1,Entreprises et administrations,1,Pétrole,1,Oui,1,euro/tCO2,MtCO2
Carbone,2017,160.993320212,20.289172406,160.9933202123218,0.0,0.0,0.0,0.0,0.0,160.9933202123218,0.0,1,True,Gazole - Transport marchandises,1,,5,Entreprises et administrations,1,Pétrole,1,Oui,1,euro/tCO2,MtCO2
Carbone,2017,166.437754891,0.560194813,166.4377548910836,30.5,0.0,0.0,0.0,0.0,166.4377548910836,0.0,1,True,Kerosene combustible,1,Résidentiel ménages,1,Ménages,1,Pétrole,1,Oui,1,euro/tCO2,MtCO2
Carbone,2017,197.821613884,2.102988018,197.8216138844159,30.5,0.0,0.0,0.0,0.0,197.8216138844159,0.0,1,True,Gazole - transport routier,1,,6,,2,Pétrole,1,Oui,1,euro/tCO2,MtCO2
Carbone,2017,202.853820004,68.044842369,202.8538200035785,30.5,0.0,0.0,0.0,0.0,202.8538200035785,0.0,1,True,Gazole - transport routier,1,,6,,2,Pétrole,1,Oui,1,euro/tCO2,MtCO2
Carbone,2017,209.89890857,7.854158816,209.8989085704062,30.5,0.0,0.0,0.0,0.0,209.8989085704062,0.0,1,True,Gazole - transport routier,1,,6,,2,Pétrole,1,Oui,1,euro/tCO2,MtCO2
Carbone,2017,241.179086374,0.444028177,241.1790863739288,30.5,0.0,0.0,0.0,0.0,241.1790863739288,0.0,1,True,E10 - transport routier,1,,5,,2,Pétrole,1,Oui,1,euro/tCO2,MtCO2
Carbone,2017,242.394792335,0.008235456,242.3947923352879,30.5,0.0,0.0,0.0,0.0,242.3947923352879,0.0,1,True,Essence - transport routier,1,,5,,2,Pétrole,1,Oui,1,euro/tCO2,MtCO2
Carbone,2017,245.034927567,0.101707953,245.0349275667408,30.5,0.0,0.0,0.0,0.0,245.0349275667408,0.0,1,True,E10 - transport routier,1,,5,,2,Pétrole,1,Oui,1,euro/tCO2,MtCO2
Carbone,2017,246.178904747,0.037760443,246.1789047468949,30.5,0.0,0.0,0.0,0.0,246.1789047468949,0.0,1,True,Essence - transport routier,1,,5,,2,Pétrole,1,Oui,1,euro/tCO2,MtCO2
Carbone,2017,248.939867889,0.495671257,248.939867889214,30.5,0.0,0.0,0.0,0.0,248.939867889214,0.0,1,True,Essence - transport routier,1,,5,,2,Pétrole,1,Oui,1,euro/tCO2,MtCO2
Carbone,2017,252.79881417,0.069178424,252.7988141695635,30.5,0.0,0.0,0.0,0.0,252.7988141695635,0.0,1,True,Essence - transport routier,1,,5,,2,Pétrole,1,Oui,1,euro/tCO2,MtCO2
Carbone,2017,274.853649758,6.671070523,274.853649758368,30.5,0.0,0.0,0.0,0.0,274.853649758368,0.0,1,True,E10 - transport routier,1,,6,,2,Pétrole,1,Oui,1,euro/tCO2,MtCO2
Carbone,2017,276.239098329,0.191551336,276.2390983291222,30.5,0.0,0.0,0.0,0.0,276.2390983291222,0.0,1,True,Essence - transport routier,1,,6,,2,Pétrole,1,Oui,1,euro/tCO2,MtCO2
Carbone,2017,279.247861714,1.528058264,279.2478617137526,30.5,0.0,0.0,0.0,0.0,279.2478617137526,0.0,1,True,E10 - transport routier,1,,6,,2,Pétrole,1,Oui,1,euro/tCO2,MtCO2
Carbone,2017,280.551566392,0.878283247,280.5515663920187,30.5,0.0,0.0,0.0,0.0,280.5515663920187,0.0,1,True,Essence - transport routier,1,,6,,2,Pétrole,1,Oui,1,euro/tCO2,MtCO2
Carbone,2017,283.698028251,11.528989785,283.6980282512289,30.5,0.0,0.0,0.0,0.0,283.6980282512289,0.0,1,True,Essence - transport routier,1,,6,,2,Pétrole,1,Oui,1,euro/tCO2,MtCO2
Carbone,2017,288.095778841,1.609044978,288.0957788411416,30.5,0.0,0.0,0.0,0.0,288.0957788411416,0.0,1,True,Essence - transport routier,1,,6,,2,Pétrole,1,Oui,1,euro/tCO2,MtCO2
Carbone,2018,0.0,123.580538635,0.0,0.0,0.0,0.0,0.0,0.0,0.0,0.0,1,True,,35,,7,,2,,5,,2,euro/tCO2,MtCO2
Carbone,2018,0.592499651,0.438240754,0.5924996514707932,0.0,0.0,0.0,0.0,0.0,0.5924996514707932,0.0,1,True,Gaz - Agriculture,1,Agriculture,1,Entreprises et administrations,1,Gaz,1,Oui,1,euro/tCO2,MtCO2
Carbone,2018,0.594729345,0.06240156,0.5947293447293448,0.0,0.0,0.0,0.0,0.0,0.5947293447293448,0.0,1,True,Fioul lourd - Agriculture,1,Agriculture,1,Entreprises et administrations,1,Pétrole,1,Oui,1,euro/tCO2,MtCO2
Carbone,2018,3.089304258,0.15667934,3.089304257528557,0.0,0.0,0.0,0.0,0.0,3.089304257528557,0.0,1,True,Charbon - Grande consommation et quotas ETS,1,,5,Entreprises et administrations,1,Charbon,1,Oui,1,euro/tCO2,MtCO2
Carbone,2018,3.272827283,0.03639476,3.272827282728273,0.0,0.0,0.0,0.0,0.0,3.272827282728273,0.0,1,True,Charbon - Grande consommation et quotas ETS,1,,4,Entreprises et administrations,1,Charbon,1,Oui,1,euro/tCO2,MtCO2
Carbone,2018,3.494244773,0.654478458,3.494244773314541,0.0,0.0,0.0,0.0,0.0,3.494244773314541,0.0,1,True,Charbon - Grande consommation et quotas ETS,1,,5,Entreprises et administrations,1,Charbon,1,Oui,1,euro/tCO2,MtCO2
Carbone,2018,3.731656184,0.632024119,3.731656184486373,0.0,0.0,0.0,0.0,0.0,3.731656184486373,0.0,1,True,GPL - Agriculture,1,Agriculture,1,Entreprises et administrations,1,Pétrole,1,Oui,1,euro/tCO2,MtCO2
Carbone,2018,4.08,8.52042986,4.08,0.0,0.0,0.0,0.0,0.0,4.08,0.0,1,True,,2,Energie,1,Entreprises et administrations,1,,2,,2,euro/tCO2,MtCO2
Carbone,2018,7.568062775,0.846530032,7.568062775089124,0.0,0.0,0.0,0.0,0.0,7.568062775089124,0.0,1,True,Gaz - Grande consommation et quotas ETS,1,Energie,1,Entreprises et administrations,1,Gaz,1,Oui,1,euro/tCO2,MtCO2
Carbone,2018,7.966381869,0.957086884,7.966381868514868,7.0,0.0,0.0,0.0,0.0,7.966381868514868,0.0,1,True,Gaz - Grande consommation et fuite carbone,1,Industrie,1,Entreprises et administrations,1,Gaz,1,Oui,1,euro/tCO2,MtCO2
Carbone,2018,14.386626385,8.650578175,14.38662638468962,0.0,0.0,0.0,0.0,0.0,14.38662638468962,0.0,1,True,Gazole Non Routier - Agriculture,1,Agriculture,1,Entreprises et administrations,1,Pétrole,1,Oui,1,euro/tCO2,MtCO2
Carbone,2018,15.078483452,73.166952066,0.0,0.0,0.0,15.07848345205688,3.4761600979625578,0.6603902507849588,0.0,15.07848345205688,3,False,,27,,3,Entreprises et administrations,1,,4,,2,euro/tCO2,MtCO2
Carbone,2018,16.5,13.035252735,0.0,0.0,0.0,16.5,0.0,0.0,0.0,16.5,1,True,HFC règlement F-Gaz,1,,7,,2,Non combustible,1,Non,1,euro/tCO2,MtCO2
Carbone,2018,18.16778771,0.20336621300000002,3.0893042575285565,0.0,0.0,15.07848345205688,2.747079178624011,0.0,3.0893042575285565,15.07848345205688,2,False,Charbon - Grande consommation et quotas ETS,1,,2,Entreprises et administrations,1,Charbon,1,Oui,1,euro/tCO2,MtCO2
Carbone,2018,18.351310735,0.058636165000000004,3.272827282728273,0.0,0.0,15.07848345205688,3.797693967562526,0.0,3.272827282728273,15.07848345205688,2,False,Charbon - Grande consommation et quotas ETS,1,,2,Entreprises et administrations,1,Charbon,1,Oui,1,euro/tCO2,MtCO2
Carbone,2018,18.572728225,1.07222951,3.494244773314541,0.0,0.0,15.07848345205688,3.3252374685176007,0.0,3.494244773314541,15.07848345205688,2,False,Charbon - Grande consommation et quotas ETS,1,,2,Entreprises et administrations,1,Charbon,1,Oui,1,euro/tCO2,MtCO2
Carbone,2018,22.646546227,31.220391581,7.568062775089124,0.0,0.0,15.07848345205688,6.517574805367232,1.6233383250959343,7.568062775089124,15.07848345205688,3,False,Gaz - Grande consommation et quotas ETS,1,,2,Entreprises et administrations,1,Gaz,1,Oui,1,euro/tCO2,MtCO2
Carbone,2018,29.05,11.115712194,29.05,0.0,0.0,0.0,0.0,0.0,29.05,0.0,1,True,Méthane stockage déchets,1,Energie,1,Entreprises et administrations,1,Déchets et biomasse,1,Non,1,euro/tCO2,MtCO2
Carbone,2018,29.82414212,0.928472063,29.82414212025254,30.5,0.0,0.0,0.0,0.0,29.82414212025254,0.0,1,True,Gaz - Carburant,1,,2,,2,Gaz,1,Oui,1,euro/tCO2,MtCO2
Carbone,2018,41.627931353,27.262886863,41.6279313528953,44.6,0.0,0.0,0.0,0.0,41.6279313528953,0.0,1,True,Gaz - Combustible,1,Résidentiel ménages,1,Ménages,1,Gaz,1,Oui,1,euro/tCO2,MtCO2
Carbone,2018,42.072454243,15.735684355,42.07245424309414,44.6,0.0,0.0,0.0,0.0,42.07245424309414,0.0,1,True,Gaz - Combustible,1,,3,Entreprises et administrations,1,Gaz,1,Oui,1,euro/tCO2,MtCO2
Carbone,2018,44.711538462,0.106339811,44.71153846153846,44.6,0.0,0.0,0.0,0.0,44.71153846153846,0.0,1,True,Fioul lourd - Combustible,1,,3,Entreprises et administrations,1,Pétrole,1,Oui,1,euro/tCO2,MtCO2
Carbone,2018,57.150937695,1.25186846,42.07245424309414,44.6,0.0,15.078483452056878,1.7056624838864056,0.0,42.07245424309414,15.078483452056878,2,False,Gaz - Combustible,1,,2,Entreprises et administrations,1,Gaz,1,Oui,1,euro/tCO2,MtCO2
Carbone,2018,57.609308922,11.341214602,57.60930892239853,44.6,0.0,0.0,0.0,0.0,57.60930892239853,0.0,1,True,Fioul domestique - Combustible,1,Résidentiel ménages,1,Ménages,1,Pétrole,1,Oui,1,euro/tCO2,MtCO2
Carbone,2018,58.224488579,7.057706945,58.2244885787559,44.6,0.0,0.0,0.0,0.0,58.2244885787559,0.0,1,True,Fioul domestique - Combustible,1,,5,Entreprises et administrations,1,Pétrole,1,Oui,1,euro/tCO2,MtCO2
Carbone,2018,59.790021914,0.447261869,44.71153846153846,44.6,0.0,15.07848345205688,2.1649912028683387,0.0,44.71153846153846,15.07848345205688,2,False,Fioul lourd - Combustible,1,,2,Entreprises et administrations,1,Pétrole,1,Oui,1,euro/tCO2,MtCO2
Carbone,2018,62.130312193,2.893046528,62.1303121929304,44.6,0.0,0.0,0.0,0.0,62.1303121929304,0.0,1,True,Gazole Non Routier,1,Industrie,1,Entreprises et administrations,1,Pétrole,1,Oui,1,euro/tCO2,MtCO2
Carbone,2018,67.679151141,0.157554125,67.6791511407912,44.6,0.0,0.0,0.0,0.0,67.6791511407912,0.0,1,True,GPL - Carburant,1,,2,,2,Pétrole,1,Oui,1,euro/tCO2,MtCO2
Carbone,2018,68.578305126,0.136372578,68.57830512631837,0.0,0.0,0.0,0.0,0.0,68.57830512631837,0.0,1,True,E85 - transport routier,1,,6,,2,Pétrole,1,Oui,1,euro/tCO2,MtCO2
Carbone,2018,70.152680861,2.009802333,70.1526808612155,44.6,0.0,0.0,0.0,0.0,70.1526808612155,0.0,1,True,Gazole Non Routier,1,,3,Entreprises et administrations,1,Pétrole,1,Oui,1,euro/tCO2,MtCO2
Carbone,2018,73.302972031,0.333212573,58.22448857875591,44.6,0.0,15.078483452056881,3.0579463191455942,0.0,58.22448857875591,15.078483452056881,2,False,Fioul domestique - Combustible,1,,2,Entreprises et administrations,1,Pétrole,1,Oui,1,euro/tCO2,MtCO2
Carbone,2018,77.208795645,0.105508105,62.13031219293039,44.6,0.0,15.078483452056878,3.221968218004047,0.0,62.13031219293039,15.078483452056878,2,False,Gazole Non Routier,1,Industrie,1,Entreprises et administrations,1,Pétrole,1,Oui,1,euro/tCO2,MtCO2
Carbone,2018,85.231164313,0.11637493600000001,70.1526808612155,44.599999999999994,0.0,15.07848345205688,2.108794478279177,0.0,70.1526808612155,15.07848345205688,2,False,Gazole Non Routier,1,Energie,1,Entreprises et administrations,1,Pétrole,1,Oui,1,euro/tCO2,MtCO2
Carbone,2018,112.572314666,0.425695377,112.5723146657124,0.0,0.0,0.0,0.0,0.0,112.5723146657124,0.0,1,True,Gazole - Taxis,1,Transports entreprises,1,Entreprises et administrations,1,Pétrole,1,Oui,1,euro/tCO2,MtCO2
Carbone,2018,146.083079859,2.417307915,146.0830798592473,0.0,0.0,0.0,0.0,0.0,146.0830798592473,0.0,1,True,Gazole - Transport public,1,Transports entreprises,1,Entreprises et administrations,1,Pétrole,1,Oui,1,euro/tCO2,MtCO2
Carbone,2018,150.788237077,0.975288027,150.7882370774595,44.6,0.0,0.0,0.0,0.0,150.7882370774595,0.0,1,True,Kerosene - Carburant armée,1,Tertiaire,1,Entreprises et administrations,1,Pétrole,1,Oui,1,euro/tCO2,MtCO2
Carbone,2018,154.785994604,0.04437596,154.7859946038754,0.0,0.0,0.0,0.0,0.0,154.7859946038754,0.0,1,True,Essence - Taxis,1,Transports entreprises,1,Entreprises et administrations,1,Pétrole,1,Oui,1,euro/tCO2,MtCO2
Carbone,2018,160.993320212,21.430065409,160.9933202123218,0.0,0.0,0.0,0.0,0.0,160.9933202123218,0.0,1,True,Gazole - Transport marchandises,1,,5,Entreprises et administrations,1,Pétrole,1,Oui,1,euro/tCO2,MtCO2
Carbone,2018,180.600352583,0.52268426,180.6003525834321,44.6,0.0,0.0,0.0,0.0,180.6003525834321,0.0,1,True,Kerosene combustible,1,Résidentiel ménages,1,Ménages,1,Pétrole,1,Oui,1,euro/tCO2,MtCO2
Carbone,2018,221.417069243,1.995847404,221.4170692431562,44.6,0.0,0.0,0.0,0.0,221.4170692431562,0.0,1,True,Gazole - transport routier,1,,6,,2,Pétrole,1,Oui,1,euro/tCO2,MtCO2
Carbone,2018,225.442834138,9.812267688,225.4428341384863,44.6,0.0,0.0,0.0,0.0,225.4428341384863,0.0,1,True,Gazole - transport routier,1,,6,,2,Pétrole,1,Oui,1,euro/tCO2,MtCO2
Carbone,2018,226.449275362,53.611785864,226.4492753623189,44.6,0.0,0.0,0.0,0.0,226.4492753623189,0.0,1,True,Gazole - transport routier,1,,6,,2,Pétrole,1,Oui,1,euro/tCO2,MtCO2
Carbone,2018,233.494363929,7.399261667,233.4943639291466,44.6,0.0,0.0,0.0,0.0,233.4943639291466,0.0,1,True,Gazole - transport routier,1,,6,,2,Pétrole,1,Oui,1,euro/tCO2,MtCO2
Carbone,2018,252.989642185,0.079453197,252.9896421845575,44.6,0.0,0.0,0.0,0.0,252.9896421845575,0.0,1,True,E10 - transport routier,1,,5,,2,Pétrole,1,Oui,1,euro/tCO2,MtCO2
Carbone,2018,253.554613936,0.418664284,253.5546139359699,44.6,0.0,0.0,0.0,0.0,253.5546139359699,0.0,1,True,E10 - transport routier,1,,5,,2,Pétrole,1,Oui,1,euro/tCO2,MtCO2
Carbone,2018,254.576943772,0.008501183,254.576943771859,44.6,0.0,0.0,0.0,0.0,254.576943771859,0.0,1,True,Essence - transport routier,1,,5,,2,Pétrole,1,Oui,1,euro/tCO2,MtCO2
Carbone,2018,257.415254237,0.10870889,257.4152542372882,44.6,0.0,0.0,0.0,0.0,257.4152542372882,0.0,1,True,E10 - transport routier,1,,5,,2,Pétrole,1,Oui,1,euro/tCO2,MtCO2
Carbone,2018,258.36023675,0.037322935,258.3602367500673,44.6,0.0,0.0,0.0,0.0,258.3602367500673,0.0,1,True,Essence - transport routier,1,,5,,2,Pétrole,1,Oui,1,euro/tCO2,MtCO2
Carbone,2018,260.556228141,0.073868774,260.5562281409739,44.6,0.0,0.0,0.0,0.0,260.5562281409739,0.0,1,True,Essence - transport routier,1,,5,,2,Pétrole,1,Oui,1,euro/tCO2,MtCO2
Carbone,2018,261.121199892,0.386482395,261.1211998923864,44.6,0.0,0.0,0.0,0.0,261.1211998923864,0.0,1,True,Essence - transport routier,1,,5,,2,Pétrole,1,Oui,1,euro/tCO2,MtCO2
Carbone,2018,264.981840194,0.065484632,264.9818401937047,44.6,0.0,0.0,0.0,0.0,264.9818401937047,0.0,1,True,Essence - transport routier,1,,5,,2,Pétrole,1,Oui,1,euro/tCO2,MtCO2
Carbone,2018,288.313251165,1.229419653,288.3132511650724,44.6,0.0,0.0,0.0,0.0,288.3132511650724,0.0,1,True,E10 - transport routier,1,,6,,2,Pétrole,1,Oui,1,euro/tCO2,MtCO2
Carbone,2018,288.957106941,6.478205005,288.9571069413785,44.6,0.0,0.0,0.0,0.0,288.9571069413785,0.0,1,True,E10 - transport routier,1,,6,,2,Pétrole,1,Oui,1,euro/tCO2,MtCO2
Carbone,2018,290.122179299,0.20364825,290.1221792985038,44.6,0.0,0.0,0.0,0.0,290.1221792985038,0.0,1,True,Essence - transport routier,1,,6,,2,Pétrole,1,Oui,1,euro/tCO2,MtCO2
Carbone,2018,293.356788079,1.682107835,293.3567880794702,44.6,0.0,0.0,0.0,0.0,293.3567880794702,0.0,1,True,E10 - transport routier,1,,6,,2,Pétrole,1,Oui,1,euro/tCO2,MtCO2
Carbone,2018,294.433713515,0.894081443,294.4337135148393,44.6,0.0,0.0,0.0,0.0,294.4337135148393,0.0,1,True,Essence - transport routier,1,,6,,2,Pétrole,1,Oui,1,euro/tCO2,MtCO2
Carbone,2018,296.936319598,1.769547339,296.9363195977434,44.6,0.0,0.0,0.0,0.0,296.9363195977434,0.0,1,True,Essence - transport routier,1,,6,,2,Pétrole,1,Oui,1,euro/tCO2,MtCO2
Carbone,2018,297.580175374,9.258294834,297.5801753740496,44.6,0.0,0.0,0.0,0.0,297.5801753740496,0.0,1,True,Essence - transport routier,1,,6,,2,Pétrole,1,Oui,1,euro/tCO2,MtCO2
Carbone,2018,301.979856512,1.568702845,301.9798565121413,44.6,0.0,0.0,0.0,0.0,301.9798565121413,0.0,1,True,Essence - transport routier,1,,6,,2,Pétrole,1,Oui,1,euro/tCO2,MtCO2
Carbone,2019,0.0,124.224597932,0.0,0.0,0.0,0.0,0.0,0.0,0.0,0.0,1,True,,34,,7,,2,,5,,2,euro/tCO2,MtCO2
Carbone,2019,0.592499651,0.441064169,0.5924996514707932,0.0,0.0,0.0,0.0,0.0,0.5924996514707932,0.0,1,True,Gaz - Agriculture,1,Agriculture,1,Entreprises et administrations,1,Gaz,1,Oui,1,euro/tCO2,MtCO2
Carbone,2019,0.594729345,0.06240156,0.5947293447293448,0.0,0.0,0.0,0.0,0.0,0.5947293447293448,0.0,1,True,Fioul lourd - Agriculture,1,Agriculture,1,Entreprises et administrations,1,Pétrole,1,Oui,1,euro/tCO2,MtCO2
Carbone,2019,3.089304258,0.156572031,3.089304257528557,0.0,0.0,0.0,0.0,0.0,3.089304257528557,0.0,1,True,Charbon - Grande consommation et quotas ETS,1,,5,Entreprises et administrations,1,Charbon,1,Oui,1,euro/tCO2,MtCO2
Carbone,2019,3.272827283,0.030545776,3.272827282728273,0.0,0.0,0.0,0.0,0.0,3.272827282728273,0.0,1,True,Charbon - Grande consommation et quotas ETS,1,,4,Entreprises et administrations,1,Charbon,1,Oui,1,euro/tCO2,MtCO2
Carbone,2019,3.494244773,0.452126319,3.494244773314541,0.0,0.0,0.0,0.0,0.0,3.494244773314541,0.0,1,True,Charbon - Grande consommation et quotas ETS,1,,5,Entreprises et administrations,1,Charbon,1,Oui,1,euro/tCO2,MtCO2
Carbone,2019,3.731656184,0.692284928,3.731656184486373,0.0,0.0,0.0,0.0,0.0,3.731656184486373,0.0,1,True,GPL - Agriculture,1,Agriculture,1,Entreprises et administrations,1,Pétrole,1,Oui,1,euro/tCO2,MtCO2
Carbone,2019,4.08,8.52042986,4.08,0.0,0.0,0.0,0.0,0.0,4.08,0.0,1,True,,2,Energie,1,Entreprises et administrations,1,,2,,2,euro/tCO2,MtCO2
Carbone,2019,7.568062775,1.028541354,7.568062775089124,0.0,0.0,0.0,0.0,0.0,7.568062775089124,0.0,1,True,Gaz - Grande consommation et quotas ETS,1,Energie,1,Entreprises et administrations,1,Gaz,1,Oui,1,euro/tCO2,MtCO2
Carbone,2019,7.966381869,1.132787241,7.966381868514868,7.0,0.0,0.0,0.0,0.0,7.966381868514868,0.0,1,True,Gaz - Grande consommation et fuite carbone,1,Industrie,1,Entreprises et administrations,1,Gaz,1,Oui,1,euro/tCO2,MtCO2
Carbone,2019,14.386649356,8.732657831,14.38664935624113,0.0,0.0,0.0,0.0,0.0,14.38664935624113,0.0,1,True,Gazole Non Routier - Agriculture,1,Agriculture,1,Entreprises et administrations,1,Pétrole,1,Oui,1,euro/tCO2,MtCO2
Carbone,2019,16.5,11.327044113,0.0,0.0,0.0,16.5,0.0,0.0,0.0,16.5,1,True,HFC règlement F-Gaz,1,,7,,2,Non combustible,1,Non,1,euro/tCO2,MtCO2
Carbone,2019,24.646124974,63.147240872,0.0,0.0,0.0,24.64612497422322,5.276924993273129,0.5712767464386987,0.0,24.64612497422322,3,False,,26,,3,Entreprises et administrations,1,,4,,2,euro/tCO2,MtCO2
Carbone,2019,26.899220118,1.828753712,26.89922011787652,14.27802993722839,0.0,0.0,0.0,0.0,26.89922011787652,0.0,1,True,GPL - Combustible,1,Résidentiel ménages,1,Ménages,1,Pétrole,1,Oui,1,euro/tCO2,MtCO2
Carbone,2019,27.196016771,1.099111074,27.19601677148847,14.27802993722839,0.0,0.0,0.0,0.0,27.19601677148847,0.0,1,True,GPL - Combustible,1,,3,Entreprises et administrations,1,Pétrole,1,Oui,1,euro/tCO2,MtCO2
Carbone,2019,27.735429232,0.17602702,3.089304257528557,0.0,0.0,24.64612497422322,4.415262331868226,0.0,3.089304257528557,24.64612497422322,2,False,Charbon - Grande consommation et quotas ETS,1,,2,Entreprises et administrations,1,Charbon,1,Oui,1,euro/tCO2,MtCO2
Carbone,2019,27.918952257,0.03449806,3.272827282728273,0.0,0.0,24.64612497422322,6.725100510745497,0.0,3.272827282728273,24.64612497422322,2,False,Charbon - Grande consommation et quotas ETS,1,,2,Entreprises et administrations,1,Charbon,1,Oui,1,euro/tCO2,MtCO2
Carbone,2019,28.140369748,0.516651901,3.4942447733145405,0.0,0.0,24.64612497422322,5.069197477609476,0.0,3.4942447733145405,24.64612497422322,2,False,Charbon - Grande consommation et quotas ETS,1,,2,Entreprises et administrations,1,Charbon,1,Oui,1,euro/tCO2,MtCO2
Carbone,2019,29.05,11.71971235,29.05,0.0,0.0,0.0,0.0,0.0,29.05,0.0,1,True,Méthane stockage déchets,1,Energie,1,Entreprises et administrations,1,Déchets et biomasse,1,Non,1,euro/tCO2,MtCO2
Carbone,2019,29.82414212,0.898505152,29.82414212025254,30.5,0.0,0.0,0.0,0.0,29.82414212025254,0.0,1,True,Gaz - Carburant,1,,2,,2,Gaz,1,Oui,1,euro/tCO2,MtCO2
Carbone,2019,32.214187749,31.329548346000003,7.568062775089124,0.0,0.0,24.64612497422322,12.680004711608065,2.1042579023587473,7.568062775089124,24.64612497422322,3,False,Gaz - Grande consommation et quotas ETS,1,,2,Entreprises et administrations,1,Gaz,1,Oui,1,euro/tCO2,MtCO2
Carbone,2019,41.613307459,26.834631851,41.61330745944885,44.6,0.0,0.0,0.0,0.0,41.61330745944885,0.0,1,True,Gaz - Combustible,1,Résidentiel ménages,1,Ménages,1,Gaz,1,Oui,1,euro/tCO2,MtCO2
Carbone,2019,42.072454243,15.704854354,42.07245424309414,44.6,0.0,0.0,0.0,0.0,42.07245424309414,0.0,1,True,Gaz - Combustible,1,,3,Entreprises et administrations,1,Gaz,1,Oui,1,euro/tCO2,MtCO2
Carbone,2019,44.711538462,0.109475075,44.71153846153846,44.6,0.0,0.0,0.0,0.0,44.71153846153846,0.0,1,True,Fioul lourd - Combustible,1,,3,Entreprises et administrations,1,Pétrole,1,Oui,1,euro/tCO2,MtCO2
Carbone,2019,51.842141746,0.456466309,27.196016771488466,14.27802993722839,0.0,24.64612497422322,4.087672168273358,0.0,27.196016771488466,24.64612497422322,2,False,GPL - Combustible,1,,2,Entreprises et administrations,1,Pétrole,1,Oui,1,euro/tCO2,MtCO2
Carbone,2019,57.589070771,10.611473211,57.58907077056574,44.6,0.0,0.0,0.0,0.0,57.58907077056574,0.0,1,True,Fioul domestique - Combustible,1,Résidentiel ménages,1,Ménages,1,Pétrole,1,Oui,1,euro/tCO2,MtCO2
Carbone,2019,58.224488579,6.715215157,58.2244885787559,44.6,0.0,0.0,0.0,0.0,58.2244885787559,0.0,1,True,Fioul domestique - Combustible,1,,5,Entreprises et administrations,1,Pétrole,1,Oui,1,euro/tCO2,MtCO2
Carbone,2019,61.781338621,2.946240422,61.78133862114272,44.6,0.0,0.0,0.0,0.0,61.78133862114272,0.0,1,True,Gazole Non Routier,1,Industrie,1,Entreprises et administrations,1,Pétrole,1,Oui,1,euro/tCO2,MtCO2
Carbone,2019,66.718579217,0.8888129039999999,42.07245424309414,44.60000000000001,0.0,24.64612497422322,2.167475181385324,0.0,42.07245424309414,24.64612497422322,2,False,Gaz - Combustible,1,,2,Entreprises et administrations,1,Gaz,1,Oui,1,euro/tCO2,MtCO2
Carbone,2019,68.578305126,0.254032287,68.57830512631837,0.0,0.0,0.0,0.0,0.0,68.57830512631837,0.0,1,True,E85 - transport routier,1,,6,,2,Pétrole,1,Oui,1,euro/tCO2,MtCO2
Carbone,2019,69.357663436,0.250179437,44.71153846153845,44.6,0.0,24.646124974223216,3.172609771292838,0.0,44.71153846153845,24.646124974223216,2,False,Fioul lourd - Combustible,1,,2,Entreprises et administrations,1,Pétrole,1,Oui,1,euro/tCO2,MtCO2
Carbone,2019,70.152680861,1.997221325,70.1526808612155,44.6,0.0,0.0,0.0,0.0,70.1526808612155,0.0,1,True,Gazole Non Routier,1,,3,Entreprises et administrations,1,Pétrole,1,Oui,1,euro/tCO2,MtCO2
Carbone,2019,82.870613553,0.278065172,58.2244885787559,44.599999999999994,0.0,24.64612497422322,5.130151224466512,0.0,58.2244885787559,24.64612497422322,2,False,Fioul domestique - Combustible,1,,2,Entreprises et administrations,1,Pétrole,1,Oui,1,euro/tCO2,MtCO2
Carbone,2019,84.947589099,0.15055285,84.94758909853249,44.6,0.0,0.0,0.0,0.0,84.94758909853249,0.0,1,True,GPL - Carburant,1,,2,,2,Pétrole,1,Oui,1,euro/tCO2,MtCO2
Carbone,2019,86.427463595,0.100244592,61.78133862114273,44.60000000000001,0.0,24.64612497422322,5.768040593216083,0.0,61.78133862114273,24.64612497422322,2,False,Gazole Non Routier,1,Industrie,1,Entreprises et administrations,1,Pétrole,1,Oui,1,euro/tCO2,MtCO2
Carbone,2019,94.798805835,0.151482995,70.1526808612155,44.6,0.0,24.64612497422322,2.977840249497732,0.0,70.1526808612155,24.64612497422322,2,False,Gazole Non Routier,1,Energie,1,Entreprises et administrations,1,Pétrole,1,Oui,1,euro/tCO2,MtCO2
Carbone,2019,112.572314666,0.394523778,112.5723146657124,0.0,0.0,0.0,0.0,0.0,112.5723146657124,0.0,1,True,Gazole - Taxis,1,Transports entreprises,1,Entreprises et administrations,1,Pétrole,1,Oui,1,euro/tCO2,MtCO2
Carbone,2019,146.083079859,2.162964948,146.0830798592473,0.0,0.0,0.0,0.0,0.0,146.0830798592473,0.0,1,True,Gazole - Transport public,1,Transports entreprises,1,Entreprises et administrations,1,Pétrole,1,Oui,1,euro/tCO2,MtCO2
Carbone,2019,150.788237077,0.952538671,150.7882370774595,44.6,0.0,0.0,0.0,0.0,150.7882370774595,0.0,1,True,Kerosene - Carburant armée,1,Tertiaire,1,Entreprises et administrations,1,Pétrole,1,Oui,1,euro/tCO2,MtCO2
Carbone,2019,154.785994604,0.041904416,154.7859946038754,0.0,0.0,0.0,0.0,0.0,154.7859946038754,0.0,1,True,Essence - Taxis,1,Transports entreprises,1,Entreprises et administrations,1,Pétrole,1,Oui,1,euro/tCO2,MtCO2
Carbone,2019,160.993320212,20.718170849,160.9933202123218,0.0,0.0,0.0,0.0,0.0,160.9933202123218,0.0,1,True,Gazole - Transport marchandises,1,,5,Entreprises et administrations,1,Pétrole,1,Oui,1,euro/tCO2,MtCO2
Carbone,2019,180.536907675,0.5446638,180.5369076745275,44.6,0.0,0.0,0.0,0.0,180.5369076745275,0.0,1,True,Kerosene combustible,1,Résidentiel ménages,1,Ménages,1,Pétrole,1,Oui,1,euro/tCO2,MtCO2
Carbone,2019,221.417069243,2.046806401,221.4170692431562,44.6,0.0,0.0,0.0,0.0,221.4170692431562,0.0,1,True,Gazole - transport routier,1,,6,,2,Pétrole,1,Oui,1,euro/tCO2,MtCO2
Carbone,2019,225.442834138,9.685681851,225.4428341384863,44.6,0.0,0.0,0.0,0.0,225.4428341384863,0.0,1,True,Gazole - transport routier,1,,6,,2,Pétrole,1,Oui,1,euro/tCO2,MtCO2
Carbone,2019,226.449275362,52.695236278,226.4492753623189,44.6,0.0,0.0,0.0,0.0,226.4492753623189,0.0,1,True,Gazole - transport routier,1,,6,,2,Pétrole,1,Oui,1,euro/tCO2,MtCO2
Carbone,2019,233.494363929,7.168738765,233.4943639291466,44.6,0.0,0.0,0.0,0.0,233.4943639291466,0.0,1,True,Gazole - transport routier,1,,6,,2,Pétrole,1,Oui,1,euro/tCO2,MtCO2
Carbone,2019,252.989642185,0.068080648,252.9896421845575,44.6,0.0,0.0,0.0,0.0,252.9896421845575,0.0,1,True,E10 - transport routier,1,,5,,2,Pétrole,1,Oui,1,euro/tCO2,MtCO2
Carbone,2019,253.554613936,0.361711184,253.5546139359699,44.6,0.0,0.0,0.0,0.0,253.5546139359699,0.0,1,True,E10 - transport routier,1,,5,,2,Pétrole,1,Oui,1,euro/tCO2,MtCO2
Carbone,2019,254.576943772,0.00635488,254.576943771859,44.6,0.0,0.0,0.0,0.0,254.576943771859,0.0,1,True,Essence - transport routier,1,,5,,2,Pétrole,1,Oui,1,euro/tCO2,MtCO2
Carbone,2019,257.415254237,0.085943902,257.4152542372882,44.6,0.0,0.0,0.0,0.0,257.4152542372882,0.0,1,True,E10 - transport routier,1,,5,,2,Pétrole,1,Oui,1,euro/tCO2,MtCO2
Carbone,2019,258.36023675,0.028204069,258.3602367500673,44.6,0.0,0.0,0.0,0.0,258.3602367500673,0.0,1,True,Essence - transport routier,1,,5,,2,Pétrole,1,Oui,1,euro/tCO2,MtCO2
Carbone,2019,260.556228141,0.050933767,260.5562281409739,44.6,0.0,0.0,0.0,0.0,260.5562281409739,0.0,1,True,Essence - transport routier,1,,5,,2,Pétrole,1,Oui,1,euro/tCO2,MtCO2
Carbone,2019,261.121199892,0.261503522,261.1211998923864,44.6,0.0,0.0,0.0,0.0,261.1211998923864,0.0,1,True,Essence - transport routier,1,,5,,2,Pétrole,1,Oui,1,euro/tCO2,MtCO2
Carbone,2019,264.981840194,0.046110254,264.9818401937047,44.6,0.0,0.0,0.0,0.0,264.9818401937047,0.0,1,True,Essence - transport routier,1,,5,,2,Pétrole,1,Oui,1,euro/tCO2,MtCO2
Carbone,2019,288.313251165,1.487832922,288.3132511650724,44.6,0.0,0.0,0.0,0.0,288.3132511650724,0.0,1,True,E10 - transport routier,1,,6,,2,Pétrole,1,Oui,1,euro/tCO2,MtCO2
Carbone,2019,288.957106941,7.904827986,288.9571069413785,44.6,0.0,0.0,0.0,0.0,288.9571069413785,0.0,1,True,E10 - transport routier,1,,6,,2,Pétrole,1,Oui,1,euro/tCO2,MtCO2
Carbone,2019,290.122179299,0.215005895,290.1221792985038,44.6,0.0,0.0,0.0,0.0,290.1221792985038,0.0,1,True,Essence - transport routier,1,,6,,2,Pétrole,1,Oui,1,euro/tCO2,MtCO2
Carbone,2019,293.356788079,1.878216074,293.3567880794702,44.6,0.0,0.0,0.0,0.0,293.3567880794702,0.0,1,True,E10 - transport routier,1,,6,,2,Pétrole,1,Oui,1,euro/tCO2,MtCO2
Carbone,2019,294.433713515,0.95423374,294.4337135148393,44.6,0.0,0.0,0.0,0.0,294.4337135148393,0.0,1,True,Essence - transport routier,1,,6,,2,Pétrole,1,Oui,1,euro/tCO2,MtCO2
Carbone,2019,296.936319598,1.723252027,296.9363195977434,44.6,0.0,0.0,0.0,0.0,296.9363195977434,0.0,1,True,Essence - transport routier,1,,6,,2,Pétrole,1,Oui,1,euro/tCO2,MtCO2
Carbone,2019,297.580175374,8.847499496,297.5801753740496,44.6,0.0,0.0,0.0,0.0,297.5801753740496,0.0,1,True,Essence - transport routier,1,,6,,2,Pétrole,1,Oui,1,euro/tCO2,MtCO2
Carbone,2019,301.979856512,1.560057179,301.9798565121413,44.6,0.0,0.0,0.0,0.0,301.9798565121413,0.0,1,True,Essence - transport routier,1,,6,,2,Pétrole,1,Oui,1,euro/tCO2,MtCO2
Carbone,2020,0.0,107.184742021,0.0,0.0,0.0,0.0,0.0,0.0,0.0,0.0,1,True,,34,,7,,2,,5,,2,euro/tCO2,MtCO2
Carbone,2020,0.592499651,0.441148925,0.5924996514707932,0.0,0.0,0.0,0.0,0.0,0.5924996514707932,0.0,1,True,Gaz - Agriculture,1,Agriculture,1,Entreprises et administrations,1,Gaz,1,Oui,1,euro/tCO2,MtCO2
Carbone,2020,0.594729345,0.06240156,0.5947293447293448,0.0,0.0,0.0,0.0,0.0,0.5947293447293448,0.0,1,True,Fioul lourd - Agriculture,1,Agriculture,1,Entreprises et administrations,1,Pétrole,1,Oui,1,euro/tCO2,MtCO2
Carbone,2020,3.089304258,0.164496876,3.089304257528557,0.0,0.0,0.0,0.0,0.0,3.089304257528557,0.0,1,True,Charbon - Grande consommation et quotas ETS,1,,5,Entreprises et administrations,1,Charbon,1,Oui,1,euro/tCO2,MtCO2
Carbone,2020,3.272827283,0.029282725,3.272827282728273,0.0,0.0,0.0,0.0,0.0,3.272827282728273,0.0,1,True,Charbon - Grande consommation et quotas ETS,1,,4,Entreprises et administrations,1,Charbon,1,Oui,1,euro/tCO2,MtCO2
Carbone,2020,3.494244773,0.453096356,3.494244773314541,0.0,0.0,0.0,0.0,0.0,3.494244773314541,0.0,1,True,Charbon - Grande consommation et quotas ETS,1,,5,Entreprises et administrations,1,Charbon,1,Oui,1,euro/tCO2,MtCO2
Carbone,2020,3.731656184,0.706216629,3.731656184486373,0.0,0.0,0.0,0.0,0.0,3.731656184486373,0.0,1,True,GPL - Agriculture,1,Agriculture,1,Entreprises et administrations,1,Pétrole,1,Oui,1,euro/tCO2,MtCO2
Carbone,2020,4.08,8.52042986,4.08,0.0,0.0,0.0,0.0,0.0,4.08,0.0,1,True,,2,Energie,1,Entreprises et administrations,1,,2,,2,euro/tCO2,MtCO2
Carbone,2020,7.568062775,0.953200065,7.568062775089124,0.0,0.0,0.0,0.0,0.0,7.568062775089124,0.0,1,True,Gaz - Grande consommation et quotas ETS,1,Energie,1,Entreprises et administrations,1,Gaz,1,Oui,1,euro/tCO2,MtCO2
Carbone,2020,7.966381869,2.942375305,7.966381868514868,7.0,0.0,0.0,0.0,0.0,7.966381868514868,0.0,1,True,Gaz - Grande consommation et fuite carbone,1,Industrie,1,Entreprises et administrations,1,Gaz,1,Oui,1,euro/tCO2,MtCO2
Carbone,2020,14.386676547,8.81591018,14.3866765472155,0.0,0.0,0.0,0.0,0.0,14.3866765472155,0.0,1,True,Gazole Non Routier - Agriculture,1,Agriculture,1,Entreprises et administrations,1,Pétrole,1,Oui,1,euro/tCO2,MtCO2
Carbone,2020,16.5,10.080836181,0.0,0.0,0.0,16.5,0.0,0.0,0.0,16.5,1,True,HFC règlement F-Gaz,1,,7,,2,Non combustible,1,Non,1,euro/tCO2,MtCO2
Carbone,2020,24.952500884,51.625830493,0.0,0.0,0.0,24.952500883709735,2.5062786562395707,1.811721400856915,0.0,24.952500883709735,3,False,,26,,3,Entreprises et administrations,1,,4,,2,euro/tCO2,MtCO2
Carbone,2020,26.883706934,1.753552768,26.88370693358569,14.27802993722839,0.0,0.0,0.0,0.0,26.88370693358569,0.0,1,True,GPL - Combustible,1,Résidentiel ménages,1,Ménages,1,Pétrole,1,Oui,1,euro/tCO2,MtCO2
Carbone,2020,27.196016771,0.945214191,27.19601677148847,14.27802993722839,0.0,0.0,0.0,0.0,27.19601677148847,0.0,1,True,GPL - Combustible,1,,3,Entreprises et administrations,1,Pétrole,1,Oui,1,euro/tCO2,MtCO2
Carbone,2020,28.041805141,0.158810245,3.089304257528557,0.0,0.0,24.95250088370974,2.0850055088187016,0.0,3.089304257528557,24.95250088370974,2,False,Charbon - Grande consommation et quotas ETS,1,,2,Entreprises et administrations,1,Charbon,1,Oui,1,euro/tCO2,MtCO2
Carbone,2020,28.225328166,0.038754344999999996,3.2728272827282736,0.0,0.0,24.95250088370974,4.898439312821926,0.0,3.2728272827282736,24.95250088370974,2,False,Charbon - Grande consommation et quotas ETS,1,,2,Entreprises et administrations,1,Charbon,1,Oui,1,euro/tCO2,MtCO2
Carbone,2020,28.446745657,0.5826462490000001,3.494244773314541,0.0,0.0,24.95250088370974,3.60703174044277,0.0,3.494244773314541,24.95250088370974,2,False,Charbon - Grande consommation et quotas ETS,1,,2,Entreprises et administrations,1,Charbon,1,Oui,1,euro/tCO2,MtCO2
Carbone,2020,29.05,11.732094847,29.05,0.0,0.0,0.0,0.0,0.0,29.05,0.0,1,True,Méthane stockage déchets,1,Energie,1,Entreprises et administrations,1,Déchets et biomasse,1,Non,1,euro/tCO2,MtCO2
Carbone,2020,29.82414212,0.884539143,29.82414212025254,30.5,0.0,0.0,0.0,0.0,29.82414212025254,0.0,1,True,Gaz - Carburant,1,,2,,2,Gaz,1,Oui,1,euro/tCO2,MtCO2
Carbone,2020,32.520563659,29.346745297000002,7.568062775089123,0.0,0.0,24.952500883709735,8.37194321430333,5.876916717956986,7.568062775089123,24.952500883709735,3,False,Gaz - Grande consommation et quotas ETS,1,,2,Entreprises et administrations,1,Gaz,1,Oui,1,euro/tCO2,MtCO2
Carbone,2020,41.58930844,25.409304775,41.5893084399702,44.6,0.0,0.0,0.0,0.0,41.5893084399702,0.0,1,True,Gaz - Combustible,1,Résidentiel ménages,1,Ménages,1,Gaz,1,Oui,1,euro/tCO2,MtCO2
Carbone,2020,42.072454243,13.921778314,42.07245424309414,44.6,0.0,0.0,0.0,0.0,42.07245424309414,0.0,1,True,Gaz - Combustible,1,,3,Entreprises et administrations,1,Gaz,1,Oui,1,euro/tCO2,MtCO2
Carbone,2020,44.711538462,0.121170048,44.71153846153846,44.6,0.0,0.0,0.0,0.0,44.71153846153846,0.0,1,True,Fioul lourd - Combustible,1,,3,Entreprises et administrations,1,Pétrole,1,Oui,1,euro/tCO2,MtCO2
Carbone,2020,52.148517655,0.41181778,27.196016771488466,14.278029937228386,0.0,24.95250088370974,2.7332926071927783,0.0,27.196016771488466,24.95250088370974,2,False,GPL - Combustible,1,,2,Entreprises et administrations,1,Pétrole,1,Oui,1,euro/tCO2,MtCO2
Carbone,2020,57.555858288,10.178564348,57.5558582884162,44.6,0.0,0.0,0.0,0.0,57.5558582884162,0.0,1,True,Fioul domestique - Combustible,1,Résidentiel ménages,1,Ménages,1,Pétrole,1,Oui,1,euro/tCO2,MtCO2
Carbone,2020,58.224488579,6.936859748,58.2244885787559,44.6,0.0,0.0,0.0,0.0,58.2244885787559,0.0,1,True,Fioul domestique - Combustible,1,,5,Entreprises et administrations,1,Pétrole,1,Oui,1,euro/tCO2,MtCO2
Carbone,2020,62.299806938,2.970465273,62.29980693848265,44.6,0.0,0.0,0.0,0.0,62.29980693848265,0.0,1,True,Gazole Non Routier,1,Industrie,1,Entreprises et administrations,1,Pétrole,1,Oui,1,euro/tCO2,MtCO2
Carbone,2020,67.024955127,0.955885683,42.07245424309415,44.60000000000001,0.0,24.95250088370974,0.7154308404990759,0.0,42.07245424309415,24.95250088370974,2,False,Gaz - Combustible,1,,2,Entreprises et administrations,1,Gaz,1,Oui,1,euro/tCO2,MtCO2
Carbone,2020,68.578305126,0.264591374,68.57830512631837,0.0,0.0,0.0,0.0,0.0,68.57830512631837,0.0,1,True,E85 - transport routier,1,,6,,2,Pétrole,1,Oui,1,euro/tCO2,MtCO2
Carbone,2020,69.664039345,0.154318086,44.71153846153846,44.599999999999994,0.0,24.95250088370974,2.4241451536900946,0.0,44.71153846153846,24.95250088370974,2,False,Fioul lourd - Combustible,1,,2,Entreprises et administrations,1,Pétrole,1,Oui,1,euro/tCO2,MtCO2
Carbone,2020,70.152680861,2.039944029,70.1526808612155,44.6,0.0,0.0,0.0,0.0,70.1526808612155,0.0,1,True,Gazole Non Routier,1,,3,Entreprises et administrations,1,Pétrole,1,Oui,1,euro/tCO2,MtCO2
Carbone,2020,83.176989462,0.250446715,58.22448857875591,44.6,0.0,24.95250088370974,3.292686234585954,0.0,58.22448857875591,24.95250088370974,2,False,Fioul domestique - Combustible,1,,2,Entreprises et administrations,1,Pétrole,1,Oui,1,euro/tCO2,MtCO2
Carbone,2020,84.947589099,0.106395596,84.94758909853249,44.6,0.0,0.0,0.0,0.0,84.94758909853249,0.0,1,True,GPL - Carburant,1,,2,,2,Pétrole,1,Oui,1,euro/tCO2,MtCO2
Carbone,2020,87.252307822,0.08401587099999999,62.29980693848265,44.60000000000001,0.0,24.95250088370974,4.077066884407198,0.0,62.29980693848265,24.95250088370974,2,False,Gazole Non Routier,1,Industrie,1,Entreprises et administrations,1,Pétrole,1,Oui,1,euro/tCO2,MtCO2
Carbone,2020,95.105181745,0.13160919199999999,70.15268086121552,44.60000000000001,0.0,24.95250088370974,0.9844712183830494,0.0,70.15268086121552,24.95250088370974,2,False,Gazole Non Routier,1,Energie,1,Entreprises et administrations,1,Pétrole,1,Oui,1,euro/tCO2,MtCO2
Carbone,2020,112.572314666,0.406595197,112.5723146657124,0.0,0.0,0.0,0.0,0.0,112.5723146657124,0.0,1,True,Gazole - Taxis,1,Transports entreprises,1,Entreprises et administrations,1,Pétrole,1,Oui,1,euro/tCO2,MtCO2
Carbone,2020,146.083079859,1.990790749,146.0830798592473,0.0,0.0,0.0,0.0,0.0,146.0830798592473,0.0,1,True,Gazole - Transport public,1,Transports entreprises,1,Entreprises et administrations,1,Pétrole,1,Oui,1,euro/tCO2,MtCO2
Carbone,2020,150.788237077,0.860784826,150.7882370774595,44.6,0.0,0.0,0.0,0.0,150.7882370774595,0.0,1,True,Kerosene - Carburant armée,1,Tertiaire,1,Entreprises et administrations,1,Pétrole,1,Oui,1,euro/tCO2,MtCO2
Carbone,2020,154.785994604,0.045009956,154.7859946038754,0.0,0.0,0.0,0.0,0.0,154.7859946038754,0.0,1,True,Essence - Taxis,1,Transports entreprises,1,Entreprises et administrations,1,Pétrole,1,Oui,1,euro/tCO2,MtCO2
Carbone,2020,168.448440389,21.1107837,168.4484403888591,0.0,0.0,0.0,0.0,0.0,168.4484403888591,0.0,1,True,Gazole - Transport marchandises,1,,5,Entreprises et administrations,1,Pétrole,1,Oui,1,euro/tCO2,MtCO2
Carbone,2020,180.432789328,0.50016878,180.4327893280557,44.6,0.0,0.0,0.0,0.0,180.4327893280557,0.0,1,True,Kerosene combustible,1,Résidentiel ménages,1,Ménages,1,Pétrole,1,Oui,1,euro/tCO2,MtCO2
Carbone,2020,221.417069243,1.695675,221.4170692431562,44.6,0.0,0.0,0.0,0.0,221.4170692431562,0.0,1,True,Gazole - transport routier,1,,6,,2,Pétrole,1,Oui,1,euro/tCO2,MtCO2
Carbone,2020,225.442834138,7.857307284,225.4428341384863,44.6,0.0,0.0,0.0,0.0,225.4428341384863,0.0,1,True,Gazole - transport routier,1,,6,,2,Pétrole,1,Oui,1,euro/tCO2,MtCO2
Carbone,2020,226.449275362,42.765375966,226.4492753623189,44.6,0.0,0.0,0.0,0.0,226.4492753623189,0.0,1,True,Gazole - transport routier,1,,6,,2,Pétrole,1,Oui,1,euro/tCO2,MtCO2
Carbone,2020,233.494363929,5.825860055,233.4943639291466,44.6,0.0,0.0,0.0,0.0,233.4943639291466,0.0,1,True,Gazole - transport routier,1,,6,,2,Pétrole,1,Oui,1,euro/tCO2,MtCO2
Carbone,2020,252.989642185,0.084060781,252.9896421845575,44.6,0.0,0.0,0.0,0.0,252.9896421845575,0.0,1,True,E10 - transport routier,1,,5,,2,Pétrole,1,Oui,1,euro/tCO2,MtCO2
Carbone,2020,253.554613936,0.446250422,253.5546139359699,44.6,0.0,0.0,0.0,0.0,253.5546139359699,0.0,1,True,E10 - transport routier,1,,5,,2,Pétrole,1,Oui,1,euro/tCO2,MtCO2
Carbone,2020,254.576943772,0.007353481,254.576943771859,44.6,0.0,0.0,0.0,0.0,254.576943771859,0.0,1,True,Essence - transport routier,1,,5,,2,Pétrole,1,Oui,1,euro/tCO2,MtCO2
Carbone,2020,257.415254237,0.106971946,257.4152542372882,44.6,0.0,0.0,0.0,0.0,257.4152542372882,0.0,1,True,E10 - transport routier,1,,5,,2,Pétrole,1,Oui,1,euro/tCO2,MtCO2
Carbone,2020,258.36023675,0.035293048,258.3602367500673,44.6,0.0,0.0,0.0,0.0,258.3602367500673,0.0,1,True,Essence - transport routier,1,,5,,2,Pétrole,1,Oui,1,euro/tCO2,MtCO2
Carbone,2020,260.556228141,0.059338462,260.5562281409739,44.6,0.0,0.0,0.0,0.0,260.5562281409739,0.0,1,True,Essence - transport routier,1,,5,,2,Pétrole,1,Oui,1,euro/tCO2,MtCO2
Carbone,2020,261.121199892,0.305180771,261.1211998923864,44.6,0.0,0.0,0.0,0.0,261.1211998923864,0.0,1,True,Essence - transport routier,1,,5,,2,Pétrole,1,Oui,1,euro/tCO2,MtCO2
Carbone,2020,264.981840194,0.053618431,264.9818401937047,44.6,0.0,0.0,0.0,0.0,264.9818401937047,0.0,1,True,Essence - transport routier,1,,5,,2,Pétrole,1,Oui,1,euro/tCO2,MtCO2
Carbone,2020,288.313251165,1.307284293,288.3132511650724,44.6,0.0,0.0,0.0,0.0,288.3132511650724,0.0,1,True,E10 - transport routier,1,,6,,2,Pétrole,1,Oui,1,euro/tCO2,MtCO2
Carbone,2020,288.957106941,6.939932719,288.9571069413785,44.6,0.0,0.0,0.0,0.0,288.9571069413785,0.0,1,True,E10 - transport routier,1,,6,,2,Pétrole,1,Oui,1,euro/tCO2,MtCO2
Carbone,2020,290.122179299,0.177044375,290.1221792985038,44.6,0.0,0.0,0.0,0.0,290.1221792985038,0.0,1,True,Essence - transport routier,1,,6,,2,Pétrole,1,Oui,1,euro/tCO2,MtCO2
Carbone,2020,293.356788079,1.66359082,293.3567880794702,44.6,0.0,0.0,0.0,0.0,293.3567880794702,0.0,1,True,E10 - transport routier,1,,6,,2,Pétrole,1,Oui,1,euro/tCO2,MtCO2
Carbone,2020,294.433713515,0.849724811,294.4337135148393,44.6,0.0,0.0,0.0,0.0,294.4337135148393,0.0,1,True,Essence - transport routier,1,,6,,2,Pétrole,1,Oui,1,euro/tCO2,MtCO2
Carbone,2020,296.936319598,1.428648614,296.9363195977434,44.6,0.0,0.0,0.0,0.0,296.9363195977434,0.0,1,True,Essence - transport routier,1,,6,,2,Pétrole,1,Oui,1,euro/tCO2,MtCO2
Carbone,2020,297.580175374,7.347613512,297.5801753740496,44.6,0.0,0.0,0.0,0.0,297.5801753740496,0.0,1,True,Essence - transport routier,1,,6,,2,Pétrole,1,Oui,1,euro/tCO2,MtCO2
Carbone,2020,301.979856512,1.290931627,301.9798565121413,44.6,0.0,0.0,0.0,0.0,301.9798565121413,0.0,1,True,Essence - transport routier,1,,6,,2,Pétrole,1,Oui,1,euro/tCO2,MtCO2
Carbone,2021,0.0,109.286686368,0.0,0.0,0.0,0.0,0.0,0.0,0.0,0.0,1,True,,34,,7,,2,,5,,2,euro/tCO2,MtCO2
Carbone,2021,0.592499651,0.525061297,0.5924996514707932,0.0,0.0,0.0,0.0,0.0,0.5924996514707932,0.0,1,True,Gaz - Agriculture,1,Agriculture,1,Entreprises et administrations,1,Gaz,1,Oui,1,euro/tCO2,MtCO2
Carbone,2021,0.594729345,0.06240156,0.5947293447293448,0.0,0.0,0.0,0.0,0.0,0.5947293447293448,0.0,1,True,Fioul lourd - Agriculture,1,Agriculture,1,Entreprises et administrations,1,Pétrole,1,Oui,1,euro/tCO2,MtCO2
Carbone,2021,3.089304258,0.119842157,3.089304257528557,0.0,0.0,0.0,0.0,0.0,3.089304257528557,0.0,1,True,Charbon - Grande consommation et quotas ETS,1,,5,Entreprises et administrations,1,Charbon,1,Oui,1,euro/tCO2,MtCO2
Carbone,2021,3.272827283,0.025154992,3.272827282728273,0.0,0.0,0.0,0.0,0.0,3.272827282728273,0.0,1,True,Charbon - Grande consommation et quotas ETS,1,,4,Entreprises et administrations,1,Charbon,1,Oui,1,euro/tCO2,MtCO2
Carbone,2021,3.494244773,0.571632285,3.494244773314541,0.0,0.0,0.0,0.0,0.0,3.494244773314541,0.0,1,True,Charbon - Grande consommation et quotas ETS,1,,5,Entreprises et administrations,1,Charbon,1,Oui,1,euro/tCO2,MtCO2
Carbone,2021,3.731656184,0.70648635,3.731656184486373,0.0,0.0,0.0,0.0,0.0,3.731656184486373,0.0,1,True,GPL - Agriculture,1,Agriculture,1,Entreprises et administrations,1,Pétrole,1,Oui,1,euro/tCO2,MtCO2
Carbone,2021,4.08,8.52042986,4.08,0.0,0.0,0.0,0.0,0.0,4.08,0.0,1,True,,2,Energie,1,Entreprises et administrations,1,,2,,2,euro/tCO2,MtCO2
Carbone,2021,7.568062775,0.90126293,7.568062775089124,0.0,0.0,0.0,0.0,0.0,7.568062775089124,0.0,1,True,Gaz - Grande consommation et quotas ETS,1,Energie,1,Entreprises et administrations,1,Gaz,1,Oui,1,euro/tCO2,MtCO2
Carbone,2021,7.966381869,1.844872847,7.966381868514868,7.0,0.0,0.0,0.0,0.0,7.966381868514868,0.0,1,True,Gaz - Grande consommation et fuite carbone,1,Industrie,1,Entreprises et administrations,1,Gaz,1,Oui,1,euro/tCO2,MtCO2
Carbone,2021,14.386694641,8.911731272,14.38669464094628,0.0,0.0,0.0,0.0,0.0,14.38669464094628,0.0,1,True,Gazole Non Routier - Agriculture,1,Agriculture,1,Entreprises et administrations,1,Pétrole,1,Oui,1,euro/tCO2,MtCO2
Carbone,2021,16.5,8.910962271,0.0,0.0,0.0,16.5,0.0,0.0,0.0,16.5,1,True,HFC règlement F-Gaz,1,,7,,2,Non combustible,1,Non,1,euro/tCO2,MtCO2
Carbone,2021,26.040110733,1.188378337,26.04011073270798,30.5,0.0,0.0,0.0,0.0,26.04011073270798,0.0,1,True,Gaz - Carburant,1,,2,,2,Gaz,1,Oui,1,euro/tCO2,MtCO2
Carbone,2021,26.902040901,2.000448529,26.90204090081549,14.27802993722839,0.0,0.0,0.0,0.0,26.90204090081549,0.0,1,True,GPL - Combustible,1,Résidentiel ménages,1,Ménages,1,Pétrole,1,Oui,1,euro/tCO2,MtCO2
Carbone,2021,27.196016771,0.97493691,27.19601677148847,14.27802993722839,0.0,0.0,0.0,0.0,27.19601677148847,0.0,1,True,GPL - Combustible,1,,3,Entreprises et administrations,1,Pétrole,1,Oui,1,euro/tCO2,MtCO2
Carbone,2021,29.05,11.034878128,29.05,0.0,0.0,0.0,0.0,0.0,29.05,0.0,1,True,Méthane stockage déchets,1,Energie,1,Entreprises et administrations,1,Déchets et biomasse,1,Non,1,euro/tCO2,MtCO2
Carbone,2021,29.205065019,27.912337783,41.51916786922461,44.6,-12.31410285054668,0.0,0.0,0.0,29.205065018677928,0.0,1,True,Gaz - Combustible,1,Résidentiel ménages,1,Ménages,1,Gaz,1,Oui,1,euro/tCO2,MtCO2
Carbone,2021,41.97287447,16.533628245,41.9728744697377,44.6,0.0,0.0,0.0,0.0,41.9728744697377,0.0,1,True,Gaz - Combustible,1,,3,Entreprises et administrations,1,Gaz,1,Oui,1,euro/tCO2,MtCO2
Carbone,2021,44.711538462,0.145422364,44.71153846153846,44.6,0.0,0.0,0.0,0.0,44.71153846153846,0.0,1,True,Fioul lourd - Combustible,1,,3,Entreprises et administrations,1,Pétrole,1,Oui,1,euro/tCO2,MtCO2
Carbone,2021,52.934588828,57.26600475199999,0.0,0.0,0.0,52.934588828403825,12.332499571698715,2.8197794810942263,0.0,52.934588828403825,3,False,,26,,3,Entreprises et administrations,1,,4,,2,euro/tCO2,MtCO2
Carbone,2021,56.023893086,0.143578902,3.0893042575285565,0.0,0.0,52.93458882840382,11.902852139441148,0.0,3.0893042575285565,52.93458882840382,2,False,Charbon - Grande consommation et quotas ETS,1,,2,Entreprises et administrations,1,Charbon,1,Oui,1,euro/tCO2,MtCO2
Carbone,2021,56.207416111,0.030130796,3.272827282728273,0.0,0.0,52.93458882840382,18.209562111935924,0.0,3.272827282728273,52.93458882840382,2,False,Charbon - Grande consommation et quotas ETS,1,,2,Entreprises et administrations,1,Charbon,1,Oui,1,euro/tCO2,MtCO2
Carbone,2021,56.428833602,0.659150121,3.494244773314541,0.0,0.0,52.93458882840382,15.780001049993604,0.0,3.494244773314541,52.93458882840382,2,False,Charbon - Grande consommation et quotas ETS,1,,2,Entreprises et administrations,1,Charbon,1,Oui,1,euro/tCO2,MtCO2
Carbone,2021,57.59510984,9.74270226,57.59510984038221,44.6,0.0,0.0,0.0,0.0,57.59510984038221,0.0,1,True,Fioul domestique - Combustible,1,Résidentiel ménages,1,Ménages,1,Pétrole,1,Oui,1,euro/tCO2,MtCO2
Carbone,2021,58.224488579,7.080848658,58.2244885787559,44.6,0.0,0.0,0.0,0.0,58.2244885787559,0.0,1,True,Fioul domestique - Combustible,1,,5,Entreprises et administrations,1,Pétrole,1,Oui,1,euro/tCO2,MtCO2
Carbone,2021,60.502651603,29.387014723,7.568062775089124,0.0,0.0,52.934588828403825,24.198895921539975,7.810337218927476,7.568062775089124,52.934588828403825,3,False,Gaz - Grande consommation et quotas ETS,1,,2,Entreprises et administrations,1,Gaz,1,Oui,1,euro/tCO2,MtCO2
Carbone,2021,62.017835397,3.019461413,62.01783539670892,44.6,0.0,0.0,0.0,0.0,62.01783539670892,0.0,1,True,Gazole Non Routier,1,Industrie,1,Entreprises et administrations,1,Pétrole,1,Oui,1,euro/tCO2,MtCO2
Carbone,2021,68.578305126,0.341922272,68.57830512631837,0.0,0.0,0.0,0.0,0.0,68.57830512631837,0.0,1,True,E85 - transport routier,1,,6,,2,Pétrole,1,Oui,1,euro/tCO2,MtCO2
Carbone,2021,70.152680861,2.091814123,70.1526808612155,44.6,0.0,0.0,0.0,0.0,70.1526808612155,0.0,1,True,Gazole Non Routier,1,,3,Entreprises et administrations,1,Pétrole,1,Oui,1,euro/tCO2,MtCO2
Carbone,2021,80.1306056,0.33022306500000004,27.19601677148847,14.27802993722839,0.0,52.93458882840381,12.733216365200159,0.0,27.19601677148847,52.93458882840381,2,False,GPL - Combustible,1,,2,Entreprises et administrations,1,Pétrole,1,Oui,1,euro/tCO2,MtCO2
Carbone,2021,84.947589099,0.145279524,84.94758909853249,44.6,0.0,0.0,0.0,0.0,84.94758909853249,0.0,1,True,GPL - Carburant,1,,2,,2,Pétrole,1,Oui,1,euro/tCO2,MtCO2
Carbone,2021,94.907463298,0.631146317,41.9728744697377,44.60000000000001,0.0,52.93458882840382,5.235519202939139,0.0,41.9728744697377,52.93458882840382,2,False,Gaz - Combustible,1,,2,Entreprises et administrations,1,Gaz,1,Oui,1,euro/tCO2,MtCO2
Carbone,2021,97.64612729,0.18458468700000003,44.71153846153846,44.6,0.0,52.93458882840382,11.223152138133257,0.0,44.71153846153846,52.93458882840382,2,False,Fioul lourd - Combustible,1,,2,Entreprises et administrations,1,Pétrole,1,Oui,1,euro/tCO2,MtCO2
Carbone,2021,111.159077407,0.23880263799999998,58.2244885787559,44.599999999999994,0.0,52.93458882840382,13.525794475406302,0.0,58.2244885787559,52.93458882840382,2,False,Fioul domestique - Combustible,1,,2,Entreprises et administrations,1,Pétrole,1,Oui,1,euro/tCO2,MtCO2
Carbone,2021,112.572314666,0.406595197,112.5723146657124,0.0,0.0,0.0,0.0,0.0,112.5723146657124,0.0,1,True,Gazole - Taxis,1,Transports entreprises,1,Entreprises et administrations,1,Pétrole,1,Oui,1,euro/tCO2,MtCO2
Carbone,2021,114.952424225,0.084711271,62.01783539670892,44.6,0.0,52.93458882840382,15.018897231708669,0.0,62.01783539670892,52.93458882840382,2,False,Gazole Non Routier,1,Industrie,1,Entreprises et administrations,1,Pétrole,1,Oui,1,euro/tCO2,MtCO2
Carbone,2021,123.08726969,0.106037535,70.1526808612155,44.6,0.0,52.93458882840382,12.789452707718786,0.0,70.1526808612155,52.93458882840382,2,False,Gazole Non Routier,1,Energie,1,Entreprises et administrations,1,Pétrole,1,Oui,1,euro/tCO2,MtCO2
Carbone,2021,146.083079859,1.990790749,146.0830798592473,0.0,0.0,0.0,0.0,0.0,146.0830798592473,0.0,1,True,Gazole - Transport public,1,Transports entreprises,1,Entreprises et administrations,1,Pétrole,1,Oui,1,euro/tCO2,MtCO2
Carbone,2021,150.788237077,1.332920637,150.7882370774595,44.6,0.0,0.0,0.0,0.0,150.7882370774595,0.0,1,True,Kerosene - Carburant armée,1,Tertiaire,1,Entreprises et administrations,1,Pétrole,1,Oui,1,euro/tCO2,MtCO2
Carbone,2021,154.785994604,0.045009956,154.7859946038754,0.0,0.0,0.0,0.0,0.0,154.7859946038754,0.0,1,True,Essence - Taxis,1,Transports entreprises,1,Entreprises et administrations,1,Pétrole,1,Oui,1,euro/tCO2,MtCO2
Carbone,2021,168.448440389,21.1107837,168.4484403888591,0.0,0.0,0.0,0.0,0.0,168.4484403888591,0.0,1,True,Gazole - Transport marchandises,1,,5,Entreprises et administrations,1,Pétrole,1,Oui,1,euro/tCO2,MtCO2
Carbone,2021,221.417069243,1.806477682,221.4170692431562,44.6,0.0,0.0,0.0,0.0,221.4170692431562,0.0,1,True,Gazole - transport routier,1,,6,,2,Pétrole,1,Oui,1,euro/tCO2,MtCO2
Carbone,2021,223.819384436,0.54611376,223.8193844356055,44.6,0.0,0.0,0.0,0.0,223.8193844356055,0.0,1,True,Kerosene combustible,1,Résidentiel ménages,1,Ménages,1,Pétrole,1,Oui,1,euro/tCO2,MtCO2
Carbone,2021,225.442834138,8.816160337,225.4428341384863,44.6,0.0,0.0,0.0,0.0,225.4428341384863,0.0,1,True,Gazole - transport routier,1,,6,,2,Pétrole,1,Oui,1,euro/tCO2,MtCO2
Carbone,2021,226.449275362,47.965155856,226.4492753623189,44.6,0.0,0.0,0.0,0.0,226.4492753623189,0.0,1,True,Gazole - transport routier,1,,6,,2,Pétrole,1,Oui,1,euro/tCO2,MtCO2
Carbone,2021,233.494363929,6.525256828,233.4943639291466,44.6,0.0,0.0,0.0,0.0,233.4943639291466,0.0,1,True,Gazole - transport routier,1,,6,,2,Pétrole,1,Oui,1,euro/tCO2,MtCO2
Carbone,2021,252.989642185,0.086808349,252.9896421845575,44.6,0.0,0.0,0.0,0.0,252.9896421845575,0.0,1,True,E10 - transport routier,1,,5,,2,Pétrole,1,Oui,1,euro/tCO2,MtCO2
Carbone,2021,253.554613936,0.461200177,253.5546139359699,44.6,0.0,0.0,0.0,0.0,253.5546139359699,0.0,1,True,E10 - transport routier,1,,5,,2,Pétrole,1,Oui,1,euro/tCO2,MtCO2
Carbone,2021,254.576943772,0.006773068,254.576943771859,44.6,0.0,0.0,0.0,0.0,254.576943771859,0.0,1,True,Essence - transport routier,1,,5,,2,Pétrole,1,Oui,1,euro/tCO2,MtCO2
Carbone,2021,257.415254237,0.109580662,257.4152542372882,44.6,0.0,0.0,0.0,0.0,257.4152542372882,0.0,1,True,E10 - transport routier,1,,5,,2,Pétrole,1,Oui,1,euro/tCO2,MtCO2
Carbone,2021,258.36023675,0.03170278,258.3602367500673,44.6,0.0,0.0,0.0,0.0,258.3602367500673,0.0,1,True,Essence - transport routier,1,,5,,2,Pétrole,1,Oui,1,euro/tCO2,MtCO2
Carbone,2021,260.556228141,0.054270085,260.5562281409739,44.6,0.0,0.0,0.0,0.0,260.5562281409739,0.0,1,True,Essence - transport routier,1,,5,,2,Pétrole,1,Oui,1,euro/tCO2,MtCO2
Carbone,2021,261.121199892,0.278636724,261.1211998923864,44.6,0.0,0.0,0.0,0.0,261.1211998923864,0.0,1,True,Essence - transport routier,1,,5,,2,Pétrole,1,Oui,1,euro/tCO2,MtCO2
Carbone,2021,264.981840194,0.049130018,264.9818401937047,44.6,0.0,0.0,0.0,0.0,264.9818401937047,0.0,1,True,Essence - transport routier,1,,5,,2,Pétrole,1,Oui,1,euro/tCO2,MtCO2
Carbone,2021,288.313251165,1.63418271,288.3132511650724,44.6,0.0,0.0,0.0,0.0,288.3132511650724,0.0,1,True,E10 - transport routier,1,,6,,2,Pétrole,1,Oui,1,euro/tCO2,MtCO2
Carbone,2021,288.957106941,8.682175919,288.9571069413785,44.6,0.0,0.0,0.0,0.0,288.9571069413785,0.0,1,True,E10 - transport routier,1,,6,,2,Pétrole,1,Oui,1,euro/tCO2,MtCO2
Carbone,2021,290.122179299,0.19739543,290.1221792985038,44.6,0.0,0.0,0.0,0.0,290.1221792985038,0.0,1,True,Essence - transport routier,1,,6,,2,Pétrole,1,Oui,1,euro/tCO2,MtCO2
Carbone,2021,293.356788079,2.06287559,293.3567880794702,44.6,0.0,0.0,0.0,0.0,293.3567880794702,0.0,1,True,E10 - transport routier,1,,6,,2,Pétrole,1,Oui,1,euro/tCO2,MtCO2
Carbone,2021,294.433713515,0.923951083,294.4337135148393,44.6,0.0,0.0,0.0,0.0,294.4337135148393,0.0,1,True,Essence - transport routier,1,,6,,2,Pétrole,1,Oui,1,euro/tCO2,MtCO2
Carbone,2021,296.936319598,1.581656381,296.9363195977434,44.6,0.0,0.0,0.0,0.0,296.9363195977434,0.0,1,True,Essence - transport routier,1,,6,,2,Pétrole,1,Oui,1,euro/tCO2,MtCO2
Carbone,2021,297.580175374,8.120634968,297.5801753740496,44.6,0.0,0.0,0.0,0.0,297.5801753740496,0.0,1,True,Essence - transport routier,1,,6,,2,Pétrole,1,Oui,1,euro/tCO2,MtCO2
Carbone,2021,301.979856512,1.431853419,301.9798565121413,44.6,0.0,0.0,0.0,0.0,301.9798565121413,0.0,1,True,Essence - transport routier,1,,6,,2,Pétrole,1,Oui,1,euro/tCO2,MtCO2
Carbone,2022,-167.054221685,22.502454933,41.32019286076056,42.2162270183853,-208.3744145457927,0.0,0.0,0.0,-167.05422168503213,0.0,1,True,Gaz - Combustible,1,Résidentiel ménages,1,Ménages,1,Gaz,1,Oui,1,euro/tCO2,MtCO2
Carbone,2022,-36.197247615,1.216652673,26.04011073270798,26.0401107,-62.2373583477724,0.0,0.0,0.0,-36.19724761506442,0.0,1,True,Gaz - Carburant,1,,2,,2,Gaz,1,Oui,1,euro/tCO2,MtCO2
Carbone,2022,-32.20776459,9.113000896,14.38673651316226,0.0,-46.59450110335779,0.0,0.0,0.0,-32.20776459019553,0.0,1,True,Gazole Non Routier - Agriculture,1,Agriculture,1,Entreprises et administrations,1,Pétrole,1,Oui,1,euro/tCO2,MtCO2
Carbone,2022,-14.63312369,0.186102998,84.94758909853249,44.6,-99.58071278825996,0.0,0.0,0.0,-14.63312368972747,0.0,1,True,GPL - Carburant,1,,2,,2,Pétrole,1,Oui,1,euro/tCO2,MtCO2
Carbone,2022,0.0,116.392839311,0.0,0.0,0.0,0.0,0.0,0.0,0.0,0.0,1,True,,34,,7,,2,,5,,2,euro/tCO2,MtCO2
Carbone,2022,0.594729345,0.06240156,0.5947293447293448,0.0,0.0,0.0,0.0,0.0,0.5947293447293448,0.0,1,True,Fioul lourd - Agriculture,1,Agriculture,1,Entreprises et administrations,1,Pétrole,1,Oui,1,euro/tCO2,MtCO2
Carbone,2022,2.688653881,0.3922408,2.688653880623768,0.0,0.0,0.0,0.0,0.0,2.688653880623768,0.0,1,True,Gaz - Agriculture,1,Agriculture,1,Entreprises et administrations,1,Gaz,1,Oui,1,euro/tCO2,MtCO2
Carbone,2022,3.089304258,0.117577327,3.089304257528557,0.0,0.0,0.0,0.0,0.0,3.089304257528557,0.0,1,True,Charbon - Grande consommation et quotas ETS,1,,5,Entreprises et administrations,1,Charbon,1,Oui,1,euro/tCO2,MtCO2
Carbone,2022,3.272827283,0.010581781,3.272827282728273,0.0,0.0,0.0,0.0,0.0,3.272827282728273,0.0,1,True,Charbon - Grande consommation et quotas ETS,1,,4,Entreprises et administrations,1,Charbon,1,Oui,1,euro/tCO2,MtCO2
Carbone,2022,3.494244773,0.281742835,3.494244773314541,0.0,0.0,0.0,0.0,0.0,3.494244773314541,0.0,1,True,Charbon - Grande consommation et quotas ETS,1,,5,Entreprises et administrations,1,Charbon,1,Oui,1,euro/tCO2,MtCO2
Carbone,2022,3.731656184,0.842751203,3.731656184486373,0.0,0.0,0.0,0.0,0.0,3.731656184486373,0.0,1,True,GPL - Agriculture,1,Agriculture,1,Entreprises et administrations,1,Pétrole,1,Oui,1,euro/tCO2,MtCO2
Carbone,2022,4.08,8.52042986,4.08,0.0,0.0,0.0,0.0,0.0,4.08,0.0,1,True,,2,Energie,1,Entreprises et administrations,1,,2,,2,euro/tCO2,MtCO2
Carbone,2022,5.457867524,0.061492114,7.568062775089124,0.0,-2.110195251462299,0.0,0.0,0.0,5.457867523626825,0.0,1,True,Gaz - Grande consommation et quotas ETS,1,Energie,1,Entreprises et administrations,1,Gaz,1,Oui,1,euro/tCO2,MtCO2
Carbone,2022,5.856186617,1.662318734,7.966381868514868,7.0,-2.110195251462299,0.0,0.0,0.0,5.856186617052569,0.0,1,True,Gaz - Grande consommation et fuite carbone,1,Industrie,1,Entreprises et administrations,1,Gaz,1,Oui,1,euro/tCO2,MtCO2
Carbone,2022,16.37071602,3.048298205,62.96521712293226,44.6,-46.59450110335779,0.0,0.0,0.0,16.370716019574466,0.0,1,True,Gazole Non Routier,1,Industrie,1,Entreprises et administrations,1,Pétrole,1,Oui,1,euro/tCO2,MtCO2
Carbone,2022,16.5,7.66923867,0.0,0.0,0.0,16.5,0.0,0.0,0.0,16.5,1,True,HFC règlement F-Gaz,1,,7,,2,Non combustible,1,Non,1,euro/tCO2,MtCO2
Carbone,2022,23.558179758,2.100141232,70.1526808612155,44.6,-46.59450110335779,0.0,0.0,0.0,23.558179757857708,0.0,1,True,Gazole Non Routier,1,,3,Entreprises et administrations,1,Pétrole,1,Oui,1,euro/tCO2,MtCO2
Carbone,2022,26.836786219,1.631616881,26.83678621877101,14.27802993722839,0.0,0.0,0.0,0.0,26.83678621877101,0.0,1,True,GPL - Combustible,1,Résidentiel ménages,1,Ménages,1,Pétrole,1,Oui,1,euro/tCO2,MtCO2
Carbone,2022,27.196016771,0.749008815,27.19601677148847,14.27802993722839,0.0,0.0,0.0,0.0,27.19601677148847,0.0,1,True,GPL - Combustible,1,,3,Entreprises et administrations,1,Pétrole,1,Oui,1,euro/tCO2,MtCO2
Carbone,2022,29.05,11.383878982,29.05,0.0,0.0,0.0,0.0,0.0,29.05,0.0,1,True,Méthane stockage déchets,1,Energie,1,Entreprises et administrations,1,Déchets et biomasse,1,Non,1,euro/tCO2,MtCO2
Carbone,2022,41.873294696,14.093506627,41.87329469638127,42.2162270183853,0.0,0.0,0.0,0.0,41.87329469638127,0.0,1,True,Gaz - Combustible,1,,3,Entreprises et administrations,1,Gaz,1,Oui,1,euro/tCO2,MtCO2
Carbone,2022,44.711538462,0.072823408,44.71153846153846,44.6,0.0,0.0,0.0,0.0,44.71153846153846,0.0,1,True,Fioul lourd - Combustible,1,,3,Entreprises et administrations,1,Pétrole,1,Oui,1,euro/tCO2,MtCO2
Carbone,2022,57.455404805,8.214523487,57.45540480484951,44.6,0.0,0.0,0.0,0.0,57.45540480484951,0.0,1,True,Fioul domestique - Combustible,1,Résidentiel ménages,1,Ménages,1,Pétrole,1,Oui,1,euro/tCO2,MtCO2
Carbone,2022,58.224488579,5.47720039,58.2244885787559,44.6,0.0,0.0,0.0,0.0,58.2244885787559,0.0,1,True,Fioul domestique - Combustible,1,,5,Entreprises et administrations,1,Pétrole,1,Oui,1,euro/tCO2,MtCO2
Carbone,2022,65.977813562,0.406595197,112.5723146657124,0.0,-46.59450110335779,0.0,0.0,0.0,65.97781356235461,0.0,1,True,Gazole - Taxis,1,Transports entreprises,1,Entreprises et administrations,1,Pétrole,1,Oui,1,euro/tCO2,MtCO2
Carbone,2022,68.578305126,0.646490168,68.57830512631837,0.0,0.0,0.0,0.0,0.0,68.57830512631837,0.0,1,True,E85 - transport routier,1,,6,,2,Pétrole,1,Oui,1,euro/tCO2,MtCO2
Carbone,2022,81.0,54.68952359200001,0.0,0.0,0.0,80.99999999999999,16.956527375263832,2.1193284207191216,0.0,80.99999999999999,3,False,,26,,3,Entreprises et administrations,1,,4,,2,euro/tCO2,MtCO2
Carbone,2022,84.089304258,0.129819164,3.089304257528557,0.0,0.0,81.0,25.828815774842,0.0,3.089304257528557,81.0,2,False,Charbon - Grande consommation et quotas ETS,1,,2,Entreprises et administrations,1,Charbon,1,Oui,1,euro/tCO2,MtCO2
Carbone,2022,84.272827283,0.011079807,3.272827282728273,0.0,0.0,81.0,31.67707849062714,0.0,3.272827282728273,81.0,2,False,Charbon - Grande consommation et quotas ETS,1,,2,Entreprises et administrations,1,Charbon,1,Oui,1,euro/tCO2,MtCO2
Carbone,2022,84.494244773,0.311491778,3.4942447733145414,0.0,0.0,81.0,24.979718350703948,0.0,3.4942447733145414,81.0,2,False,Charbon - Grande consommation et quotas ETS,1,,2,Entreprises et administrations,1,Charbon,1,Oui,1,euro/tCO2,MtCO2
Carbone,2022,86.457867524,31.359616038,7.568062775089124,0.0,-2.110195251462299,81.0,34.477516815019946,6.444432804738341,5.457867523626825,81.0,3,False,Gaz - Grande consommation et quotas ETS,1,,2,Entreprises et administrations,1,Gaz,1,Oui,1,euro/tCO2,MtCO2
Carbone,2022,97.37071602,0.08836452,62.96521712293226,44.6,-46.59450110335779,81.0,25.503265134015326,0.0,16.370716019574466,81.0,2,False,Gazole Non Routier,1,Industrie,1,Entreprises et administrations,1,Pétrole,1,Oui,1,euro/tCO2,MtCO2
Carbone,2022,99.488578756,1.990790749,146.0830798592473,0.0,-46.59450110335779,0.0,0.0,0.0,99.4885787558895,0.0,1,True,Gazole - Transport public,1,Transports entreprises,1,Entreprises et administrations,1,Pétrole,1,Oui,1,euro/tCO2,MtCO2
Carbone,2022,101.131346578,0.045009956,154.7859946038754,0.0,-53.65464802550895,0.0,0.0,0.0,101.13134657836645,0.0,1,True,Essence - Taxis,1,Transports entreprises,1,Entreprises et administrations,1,Pétrole,1,Oui,1,euro/tCO2,MtCO2
Carbone,2022,104.558179758,0.152949585,70.1526808612155,44.6,-46.594501103357786,81.0,33.491420104212764,0.0,23.558179757857715,81.0,2,False,Gazole Non Routier,1,Energie,1,Entreprises et administrations,1,Pétrole,1,Oui,1,euro/tCO2,MtCO2
Carbone,2022,108.196016771,0.343349632,27.19601677148847,14.27802993722839,0.0,81.0,18.885509127325932,0.0,27.19601677148847,81.0,2,False,GPL - Combustible,1,,2,Entreprises et administrations,1,Pétrole,1,Oui,1,euro/tCO2,MtCO2
Carbone,2022,121.853939286,21.1107837,168.4484403888591,0.0,-46.59450110335779,0.0,0.0,0.0,121.8539392855013,0.0,1,True,Gazole - Transport marchandises,1,,5,Entreprises et administrations,1,Pétrole,1,Oui,1,euro/tCO2,MtCO2
Carbone,2022,122.873294696,0.809906999,41.87329469638127,42.2162270183853,0.0,81.0,4.471345182189245,0.0,41.87329469638127,81.0,2,False,Gaz - Combustible,1,,2,Entreprises et administrations,1,Gaz,1,Oui,1,euro/tCO2,MtCO2
Carbone,2022,125.711538462,0.15040533299999997,44.71153846153847,44.6,0.0,81.0,13.40381941111091,0.0,44.71153846153847,81.0,2,False,Fioul lourd - Combustible,1,,2,Entreprises et administrations,1,Pétrole,1,Oui,1,euro/tCO2,MtCO2
Carbone,2022,139.224488579,0.19838634700000002,58.224488578755896,44.599999999999994,0.0,80.99999999999999,24.343722962951677,0.0,58.224488578755896,80.99999999999999,2,False,Fioul domestique - Combustible,1,,2,Entreprises et administrations,1,Pétrole,1,Oui,1,euro/tCO2,MtCO2
Carbone,2022,150.788237077,1.330440207,150.7882370774595,44.6,0.0,0.0,0.0,0.0,150.7882370774595,0.0,1,True,Kerosene - Carburant armée,1,Tertiaire,1,Entreprises et administrations,1,Pétrole,1,Oui,1,euro/tCO2,MtCO2
Carbone,2022,174.82256814,1.827416539,221.4170692431562,44.6,-46.59450110335779,0.0,0.0,0.0,174.8225681397984,0.0,1,True,Gazole - transport routier,1,,6,,2,Pétrole,1,Oui,1,euro/tCO2,MtCO2
Carbone,2022,178.848333035,8.856401051,225.4428341384863,44.6,-46.59450110335779,0.0,0.0,0.0,178.8483330351285,0.0,1,True,Gazole - transport routier,1,,6,,2,Pétrole,1,Oui,1,euro/tCO2,MtCO2
Carbone,2022,179.854774259,48.184089277,226.4492753623189,44.6,-46.59450110335779,0.0,0.0,0.0,179.8547742589611,0.0,1,True,Gazole - transport routier,1,,6,,2,Pétrole,1,Oui,1,euro/tCO2,MtCO2
Carbone,2022,186.899862826,6.555040882,233.4943639291466,44.6,-46.59450110335779,0.0,0.0,0.0,186.8998628257888,0.0,1,True,Gazole - transport routier,1,,6,,2,Pétrole,1,Oui,1,euro/tCO2,MtCO2
Carbone,2022,205.9086629,0.092141964,252.9896421845575,44.6,-47.08097928436912,0.0,0.0,0.0,205.9086629001884,0.0,1,True,E10 - transport routier,1,,5,,2,Pétrole,1,Oui,1,euro/tCO2,MtCO2
Carbone,2022,206.473634652,0.489536901,253.5546139359699,44.6,-47.08097928436912,0.0,0.0,0.0,206.47363465160078,0.0,1,True,E10 - transport routier,1,,5,,2,Pétrole,1,Oui,1,euro/tCO2,MtCO2
Carbone,2022,207.495964487,0.005514014,254.576943771859,44.6,-47.08097928436912,0.0,0.0,0.0,207.49596448748986,0.0,1,True,Essence - transport routier,1,,5,,2,Pétrole,1,Oui,1,euro/tCO2,MtCO2
Carbone,2022,210.334274953,0.116313437,257.4152542372882,44.6,-47.08097928436912,0.0,0.0,0.0,210.3342749529191,0.0,1,True,E10 - transport routier,1,,5,,2,Pétrole,1,Oui,1,euro/tCO2,MtCO2
Carbone,2022,211.279257466,0.030377804,258.3602367500673,44.6,-47.08097928436912,0.0,0.0,0.0,211.2792574656982,0.0,1,True,Essence - transport routier,1,,5,,2,Pétrole,1,Oui,1,euro/tCO2,MtCO2
Carbone,2022,213.380663353,0.550335368,266.4350820283721,44.6,-53.05441867515538,0.0,0.0,0.0,213.38066335321673,0.0,1,True,Kerosene combustible,1,Résidentiel ménages,1,Ménages,1,Pétrole,1,Oui,1,euro/tCO2,MtCO2
Carbone,2022,213.475248857,0.044181746,260.5562281409739,44.6,-47.08097928436912,0.0,0.0,0.0,213.47524885660476,0.0,1,True,Essence - transport routier,1,,5,,2,Pétrole,1,Oui,1,euro/tCO2,MtCO2
Carbone,2022,214.040220608,0.226840569,261.1211998923864,44.6,-47.08097928436912,0.0,0.0,0.0,214.0402206080173,0.0,1,True,Essence - transport routier,1,,5,,2,Pétrole,1,Oui,1,euro/tCO2,MtCO2
Carbone,2022,217.900860909,0.039997173,264.9818401937047,44.6,-47.08097928436912,0.0,0.0,0.0,217.90086090933562,0.0,1,True,Essence - transport routier,1,,5,,2,Pétrole,1,Oui,1,euro/tCO2,MtCO2
Carbone,2022,234.65860314,2.040535538,288.3132511650724,44.6,-53.65464802550895,0.0,0.0,0.0,234.65860313956347,0.0,1,True,E10 - transport routier,1,,6,,2,Pétrole,1,Oui,1,euro/tCO2,MtCO2
Carbone,2022,235.302458916,10.841069615,288.9571069413785,44.6,-53.65464802550895,0.0,0.0,0.0,235.30245891586958,0.0,1,True,E10 - transport routier,1,,6,,2,Pétrole,1,Oui,1,euro/tCO2,MtCO2
Carbone,2022,236.467531273,0.189045807,290.1221792985038,44.6,-53.65464802550895,0.0,0.0,0.0,236.46753127299485,0.0,1,True,Essence - transport routier,1,,6,,2,Pétrole,1,Oui,1,euro/tCO2,MtCO2
Carbone,2022,239.702140054,2.575826393,293.3567880794702,44.6,-53.65464802550895,0.0,0.0,0.0,239.70214005396127,0.0,1,True,E10 - transport routier,1,,6,,2,Pétrole,1,Oui,1,euro/tCO2,MtCO2
Carbone,2022,240.779065489,1.041491175,294.4337135148393,44.6,-53.65464802550895,0.0,0.0,0.0,240.77906548933038,0.0,1,True,Essence - transport routier,1,,6,,2,Pétrole,1,Oui,1,euro/tCO2,MtCO2
Carbone,2022,243.281671572,1.514753949,296.9363195977434,44.6,-53.65464802550895,0.0,0.0,0.0,243.28167157223447,0.0,1,True,Essence - transport routier,1,,6,,2,Pétrole,1,Oui,1,euro/tCO2,MtCO2
Carbone,2022,243.925527349,7.777140491,297.5801753740496,44.6,-53.65464802550895,0.0,0.0,0.0,243.92552734854064,0.0,1,True,Essence - transport routier,1,,6,,2,Pétrole,1,Oui,1,euro/tCO2,MtCO2
Carbone,2022,248.325208487,1.371287498,301.9798565121413,44.6,-53.65464802550895,0.0,0.0,0.0,248.32520848663233,0.0,1,True,Essence - transport routier,1,,6,,2,Pétrole,1,Oui,1,euro/tCO2,MtCO2
Carbone,2023,-55.059147993,21.114603321,41.06561841126557,42.2162270183853,-96.1247664047249,0.0,0.0,0.0,-55.05914799345933,0.0,1,True,Gaz - Combustible,1,Résidentiel ménages,1,Ménages,1,Gaz,1,Oui,1,euro/tCO2,MtCO2
Carbone,2023,0.0,115.452085829,0.0,0.0,0.0,0.0,0.0,0.0,0.0,0.0,1,True,,34,,7,,2,,5,,2,euro/tCO2,MtCO2
Carbone,2023,0.594729345,0.059636117,0.5947293447293448,0.0,0.0,0.0,0.0,0.0,0.5947293447293448,0.0,1,True,Fioul lourd - Agriculture,1,Agriculture,1,Entreprises et administrations,1,Pétrole,1,Oui,1,euro/tCO2,MtCO2
Carbone,2023,2.608041439,0.0370225,7.568062775089124,0.0,-4.960021336193924,0.0,0.0,0.0,2.6080414388952002,0.0,1,True,Gaz - Grande consommation et quotas ETS,1,Energie,1,Entreprises et administrations,1,Gaz,1,Oui,1,euro/tCO2,MtCO2
Carbone,2023,2.688653881,0.3922408,2.688653880623768,0.0,0.0,0.0,0.0,0.0,2.688653880623768,0.0,1,True,Gaz - Agriculture,1,Agriculture,1,Entreprises et administrations,1,Gaz,1,Oui,1,euro/tCO2,MtCO2
Carbone,2023,3.006360532,1.712459786,7.966381868514868,7.0,-4.960021336193924,0.0,0.0,0.0,3.0063605323209446,0.0,1,True,Gaz - Grande consommation et fuite carbone,1,Industrie,1,Entreprises et administrations,1,Gaz,1,Oui,1,euro/tCO2,MtCO2
Carbone,2023,3.089304258,0.102910043,3.089304257528557,0.0,0.0,0.0,0.0,0.0,3.089304257528557,0.0,1,True,Charbon - Grande consommation et quotas ETS,1,,4,Entreprises et administrations,1,Charbon,1,Oui,1,euro/tCO2,MtCO2
Carbone,2023,3.272827283,0.010157176,3.272827282728273,0.0,0.0,0.0,0.0,0.0,3.272827282728273,0.0,1,True,Charbon - Grande consommation et quotas ETS,1,,3,Entreprises et administrations,1,Charbon,1,Oui,1,euro/tCO2,MtCO2
Carbone,2023,3.494244773,0.254922792,3.494244773314541,0.0,0.0,0.0,0.0,0.0,3.494244773314541,0.0,1,True,Charbon - Grande consommation et quotas ETS,1,,4,Entreprises et administrations,1,Charbon,1,Oui,1,euro/tCO2,MtCO2
Carbone,2023,3.731656184,0.805403094,3.731656184486373,0.0,0.0,0.0,0.0,0.0,3.731656184486373,0.0,1,True,GPL - Agriculture,1,Agriculture,1,Entreprises et administrations,1,Pétrole,1,Oui,1,euro/tCO2,MtCO2
Carbone,2023,4.08,8.52042986,4.08,0.0,0.0,0.0,0.0,0.0,4.08,0.0,1,True,,2,Energie,1,Entreprises et administrations,1,,2,,2,euro/tCO2,MtCO2
Carbone,2023,14.386621653,8.577270395,14.38662165269982,0.0,0.0,0.0,0.0,0.0,14.38662165269982,0.0,1,True,Gazole Non Routier - Agriculture,1,Agriculture,1,Entreprises et administrations,1,Pétrole,1,Oui,1,euro/tCO2,MtCO2
Carbone,2023,16.5,7.225001643,0.0,0.0,0.0,16.5,0.0,0.0,0.0,16.5,1,True,HFC règlement F-Gaz,1,,7,,2,Non combustible,1,Non,1,euro/tCO2,MtCO2
Carbone,2023,26.040110733,1.216652673,26.04011073270798,26.0401107,0.0,0.0,0.0,0.0,26.04011073270798,0.0,1,True,Gaz - Carburant,1,,2,,2,Gaz,1,Oui,1,euro/tCO2,MtCO2
Carbone,2023,26.798906397,1.420029053,26.79890639681842,14.27802993722839,0.0,0.0,0.0,0.0,26.79890639681842,0.0,1,True,GPL - Combustible,1,Résidentiel ménages,1,Ménages,1,Pétrole,1,Oui,1,euro/tCO2,MtCO2
Carbone,2023,27.196016771,0.753542701,27.19601677148847,14.27802993722839,0.0,0.0,0.0,0.0,27.19601677148847,0.0,1,True,GPL - Combustible,1,,3,Entreprises et administrations,1,Pétrole,1,Oui,1,euro/tCO2,MtCO2
Carbone,2023,29.05,11.383878982,29.05,0.0,0.0,0.0,0.0,0.0,29.05,0.0,1,True,Méthane stockage déchets,1,Energie,1,Entreprises et administrations,1,Déchets et biomasse,1,Non,1,euro/tCO2,MtCO2
Carbone,2023,41.67413515,13.547414989,41.67413514966839,42.2162270183853,0.0,0.0,0.0,0.0,41.67413514966839,0.0,1,True,Gaz - Combustible,1,,3,Entreprises et administrations,1,Gaz,1,Oui,1,euro/tCO2,MtCO2
Carbone,2023,44.711538462,0.075588538,44.71153846153846,44.6,0.0,0.0,0.0,0.0,44.71153846153846,0.0,1,True,Fioul lourd - Combustible,1,,3,Entreprises et administrations,1,Pétrole,1,Oui,1,euro/tCO2,MtCO2
Carbone,2023,57.374307147,6.704474028,57.37430714708677,44.6,0.0,0.0,0.0,0.0,57.37430714708677,0.0,1,True,Fioul domestique - Combustible,1,Résidentiel ménages,1,Ménages,1,Pétrole,1,Oui,1,euro/tCO2,MtCO2
Carbone,2023,58.224488579,5.039768053,58.2244885787559,44.6,0.0,0.0,0.0,0.0,58.2244885787559,0.0,1,True,Fioul domestique - Combustible,1,,5,Entreprises et administrations,1,Pétrole,1,Oui,1,euro/tCO2,MtCO2
Carbone,2023,63.049353388,2.879869228,63.04935338841463,44.6,0.0,0.0,0.0,0.0,63.04935338841463,0.0,1,True,Gazole Non Routier,1,Industrie,1,Entreprises et administrations,1,Pétrole,1,Oui,1,euro/tCO2,MtCO2
Carbone,2023,68.578305126,0.679483723,68.57830512631837,0.0,0.0,0.0,0.0,0.0,68.57830512631837,0.0,1,True,E85 - transport routier,1,,6,,2,Pétrole,1,Oui,1,euro/tCO2,MtCO2
Carbone,2023,70.152680861,2.063815391,70.1526808612155,44.6,0.0,0.0,0.0,0.0,70.1526808612155,0.0,1,True,Gazole Non Routier,1,,3,Entreprises et administrations,1,Pétrole,1,Oui,1,euro/tCO2,MtCO2
Carbone,2023,84.947589099,0.179607559,84.94758909853249,44.6,0.0,0.0,0.0,0.0,84.94758909853249,0.0,1,True,GPL - Carburant,1,,2,,2,Pétrole,1,Oui,1,euro/tCO2,MtCO2
Carbone,2023,87.77,46.461869169,0.0,0.0,0.0,87.77,8.907906436858013,6.339255783531131,0.0,87.77,3,False,,26,,3,Entreprises et administrations,1,,4,,2,euro/tCO2,MtCO2
Carbone,2023,90.378041439,25.226776046999998,7.568062775089125,0.0,-4.960021336193924,87.77,19.996621285223636,17.836591803533683,2.608041438895201,87.77,3,False,Gaz - Grande consommation et quotas ETS,1,,2,Entreprises et administrations,1,Gaz,1,Oui,1,euro/tCO2,MtCO2
Carbone,2023,90.859304258,0.113876147,3.089304257528557,0.0,0.0,87.77000000000001,25.259042085872473,0.0,3.089304257528557,87.77000000000001,2,False,Charbon - Grande consommation et quotas ETS,1,,2,Entreprises et administrations,1,Charbon,1,Oui,1,euro/tCO2,MtCO2
Carbone,2023,91.042827283,0.009666260999999999,3.2728272827282736,0.0,0.0,87.77000000000001,23.063873123227275,0.0,3.2728272827282736,87.77000000000001,2,False,Charbon - Grande consommation et quotas ETS,1,,2,Entreprises et administrations,1,Charbon,1,Oui,1,euro/tCO2,MtCO2
Carbone,2023,91.264244773,0.272911842,3.494244773314541,0.0,0.0,87.77,22.509668510500177,0.0,3.494244773314541,87.77,2,False,Charbon - Grande consommation et quotas ETS,1,,2,Entreprises et administrations,1,Charbon,1,Oui,1,euro/tCO2,MtCO2
Carbone,2023,112.572314666,0.406595197,112.5723146657124,0.0,0.0,0.0,0.0,0.0,112.5723146657124,0.0,1,True,Gazole - Taxis,1,Transports entreprises,1,Entreprises et administrations,1,Pétrole,1,Oui,1,euro/tCO2,MtCO2
Carbone,2023,114.966016771,0.317443099,27.196016771488466,14.27802993722839,0.0,87.77,13.993455256590723,0.0,27.196016771488466,87.77,2,False,GPL - Combustible,1,,2,Entreprises et administrations,1,Pétrole,1,Oui,1,euro/tCO2,MtCO2
Carbone,2023,129.44413515,0.697255602,41.67413514966839,42.216227018385304,0.0,87.77,4.1186325361355784,0.0,41.67413514966839,87.77,2,False,Gaz - Combustible,1,,2,Entreprises et administrations,1,Gaz,1,Oui,1,euro/tCO2,MtCO2
Carbone,2023,132.481538462,0.148423925,44.71153846153846,44.6,0.0,87.76999999999998,16.719574308858896,0.0,44.71153846153846,87.76999999999998,2,False,Fioul lourd - Combustible,1,,2,Entreprises et administrations,1,Pétrole,1,Oui,1,euro/tCO2,MtCO2
Carbone,2023,145.994488579,0.17399047,58.22448857875591,44.6,0.0,87.77,19.26933312088875,0.0,58.22448857875591,87.77,2,False,Fioul domestique - Combustible,1,,2,Entreprises et administrations,1,Pétrole,1,Oui,1,euro/tCO2,MtCO2
Carbone,2023,146.083079859,1.990790749,146.0830798592473,0.0,0.0,0.0,0.0,0.0,146.0830798592473,0.0,1,True,Gazole - Transport public,1,Transports entreprises,1,Entreprises et administrations,1,Pétrole,1,Oui,1,euro/tCO2,MtCO2
Carbone,2023,150.788237077,1.433962955,150.7882370774595,44.6,0.0,0.0,0.0,0.0,150.7882370774595,0.0,1,True,Kerosene - Carburant armée,1,Tertiaire,1,Entreprises et administrations,1,Pétrole,1,Oui,1,euro/tCO2,MtCO2
Carbone,2023,150.819353388,0.079466537,63.04935338841463,44.6,0.0,87.77,18.521343980548693,0.0,63.04935338841463,87.77,2,False,Gazole Non Routier,1,Industrie,1,Entreprises et administrations,1,Pétrole,1,Oui,1,euro/tCO2,MtCO2
Carbone,2023,154.785994604,0.045009956,154.7859946038754,0.0,0.0,0.0,0.0,0.0,154.7859946038754,0.0,1,True,Essence - Taxis,1,Transports entreprises,1,Entreprises et administrations,1,Pétrole,1,Oui,1,euro/tCO2,MtCO2
Carbone,2023,157.922680861,0.163207305,70.15268086121549,44.599999999999994,0.0,87.76999999999998,39.39505852792557,0.0,70.15268086121549,87.76999999999998,2,False,Gazole Non Routier,1,Energie,1,Entreprises et administrations,1,Pétrole,1,Oui,1,euro/tCO2,MtCO2
Carbone,2023,168.448440389,21.1107837,168.4484403888591,0.0,0.0,0.0,0.0,0.0,168.4484403888591,0.0,1,True,Gazole - Transport marchandises,1,,5,Entreprises et administrations,1,Pétrole,1,Oui,1,euro/tCO2,MtCO2
Carbone,2023,221.417069243,1.739753532,221.4170692431562,44.6,0.0,0.0,0.0,0.0,221.4170692431562,0.0,1,True,Gazole - transport routier,1,,6,,2,Pétrole,1,Oui,1,euro/tCO2,MtCO2
Carbone,2023,225.442834138,8.246557748,225.4428341384863,44.6,0.0,0.0,0.0,0.0,225.4428341384863,0.0,1,True,Gazole - transport routier,1,,6,,2,Pétrole,1,Oui,1,euro/tCO2,MtCO2
Carbone,2023,226.449275362,44.866178989,226.4492753623189,44.6,0.0,0.0,0.0,0.0,226.4492753623189,0.0,1,True,Gazole - transport routier,1,,6,,2,Pétrole,1,Oui,1,euro/tCO2,MtCO2
Carbone,2023,233.494363929,6.103667038,233.4943639291466,44.6,0.0,0.0,0.0,0.0,233.4943639291466,0.0,1,True,Gazole - transport routier,1,,6,,2,Pétrole,1,Oui,1,euro/tCO2,MtCO2
Carbone,2023,252.989642185,0.093839942,252.9896421845575,44.6,0.0,0.0,0.0,0.0,252.9896421845575,0.0,1,True,E10 - transport routier,1,,5,,2,Pétrole,1,Oui,1,euro/tCO2,MtCO2
Carbone,2023,253.554613936,0.498558012,253.5546139359699,44.6,0.0,0.0,0.0,0.0,253.5546139359699,0.0,1,True,E10 - transport routier,1,,5,,2,Pétrole,1,Oui,1,euro/tCO2,MtCO2
Carbone,2023,254.576943772,0.005095736,254.576943771859,44.6,0.0,0.0,0.0,0.0,254.576943771859,0.0,1,True,Essence - transport routier,1,,5,,2,Pétrole,1,Oui,1,euro/tCO2,MtCO2
Carbone,2023,257.415254237,0.118456844,257.4152542372882,44.6,0.0,0.0,0.0,0.0,257.4152542372882,0.0,1,True,E10 - transport routier,1,,5,,2,Pétrole,1,Oui,1,euro/tCO2,MtCO2
Carbone,2023,258.36023675,0.03038576,258.3602367500673,44.6,0.0,0.0,0.0,0.0,258.3602367500673,0.0,1,True,Essence - transport routier,1,,5,,2,Pétrole,1,Oui,1,euro/tCO2,MtCO2
Carbone,2023,260.556228141,0.040830246,260.5562281409739,44.6,0.0,0.0,0.0,0.0,260.5562281409739,0.0,1,True,Essence - transport routier,1,,5,,2,Pétrole,1,Oui,1,euro/tCO2,MtCO2
Carbone,2023,261.121199892,0.209633096,261.1211998923864,44.6,0.0,0.0,0.0,0.0,261.1211998923864,0.0,1,True,Essence - transport routier,1,,5,,2,Pétrole,1,Oui,1,euro/tCO2,MtCO2
Carbone,2023,264.981840194,0.036963103,264.9818401937047,44.6,0.0,0.0,0.0,0.0,264.9818401937047,0.0,1,True,Essence - transport routier,1,,5,,2,Pétrole,1,Oui,1,euro/tCO2,MtCO2
Carbone,2023,282.68770015,0.521639733,282.68770015045,44.6,0.0,0.0,0.0,0.0,282.68770015045,0.0,1,True,Kerosene combustible,1,Résidentiel ménages,1,Ménages,1,Pétrole,1,Oui,1,euro/tCO2,MtCO2
Carbone,2023,288.313251165,2.235615721,288.3132511650724,44.6,0.0,0.0,0.0,0.0,288.3132511650724,0.0,1,True,E10 - transport routier,1,,6,,2,Pétrole,1,Oui,1,euro/tCO2,MtCO2
Carbone,2023,288.957106941,11.877502357,288.9571069413785,44.6,0.0,0.0,0.0,0.0,288.9571069413785,0.0,1,True,E10 - transport routier,1,,6,,2,Pétrole,1,Oui,1,euro/tCO2,MtCO2
Carbone,2023,290.122179299,0.187944187,290.1221792985038,44.6,0.0,0.0,0.0,0.0,290.1221792985038,0.0,1,True,Essence - transport routier,1,,6,,2,Pétrole,1,Oui,1,euro/tCO2,MtCO2
Carbone,2023,293.356788079,2.822081689,293.3567880794702,44.6,0.0,0.0,0.0,0.0,293.3567880794702,0.0,1,True,E10 - transport routier,1,,6,,2,Pétrole,1,Oui,1,euro/tCO2,MtCO2
Carbone,2023,294.433713515,1.120706899,294.4337135148393,44.6,0.0,0.0,0.0,0.0,294.4337135148393,0.0,1,True,Essence - transport routier,1,,6,,2,Pétrole,1,Oui,1,euro/tCO2,MtCO2
Carbone,2023,296.936319598,1.505927069,296.9363195977434,44.6,0.0,0.0,0.0,0.0,296.9363195977434,0.0,1,True,Essence - transport routier,1,,6,,2,Pétrole,1,Oui,1,euro/tCO2,MtCO2
Carbone,2023,297.580175374,7.731821,297.5801753740496,44.6,0.0,0.0,0.0,0.0,297.5801753740496,0.0,1,True,Essence - transport routier,1,,6,,2,Pétrole,1,Oui,1,euro/tCO2,MtCO2
Carbone,2023,301.979856512,1.363296636,301.9798565121413,44.6,0.0,0.0,0.0,0.0,301.9798565121413,0.0,1,True,Essence - transport routier,1,,6,,2,Pétrole,1,Oui,1,euro/tCO2,MtCO2
Carbone,2024*,0.0,114.649307869,0.0,0.0,0.0,0.0,0.0,0.0,0.0,0.0,1,True,,34,,7,,2,,5,,2,euro/tCO2,MtCO2
Carbone,2024*,0.594729345,0.059636117,0.5947293447293448,0.0,0.0,0.0,0.0,0.0,0.5947293447293448,0.0,1,True,Fioul lourd - Agriculture,1,Agriculture,1,Entreprises et administrations,1,Pétrole,1,Oui,1,euro/tCO2,MtCO2
Carbone,2024*,2.688653881,0.3922408,2.688653880623768,0.0,0.0,0.0,0.0,0.0,2.688653880623768,0.0,1,True,Gaz - Agriculture,1,Agriculture,1,Entreprises et administrations,1,Gaz,1,Oui,1,euro/tCO2,MtCO2
Carbone,2024*,3.731656184,0.805403094,3.731656184486373,0.0,0.0,0.0,0.0,0.0,3.731656184486373,0.0,1,True,GPL - Agriculture,1,Agriculture,1,Entreprises et administrations,1,Pétrole,1,Oui,1,euro/tCO2,MtCO2
Carbone,2024*,4.08,1.449681971,4.08,0.0,0.0,0.0,0.0,0.0,4.08,0.0,1,True,,2,Energie,1,Entreprises et administrations,1,,2,,2,euro/tCO2,MtCO2
Carbone,2024*,7.242990654,0.102910043,7.242990654205608,40.4766540452977,0.0,0.0,0.0,0.0,7.242990654205608,0.0,1,True,Charbon - Grande consommation et quotas ETS,1,,5,Entreprises et administrations,1,Charbon,1,Oui,1,euro/tCO2,MtCO2
Carbone,2024*,7.568062775,0.0370225,7.568062775089124,0.0,0.0,0.0,0.0,0.0,7.568062775089124,0.0,1,True,Gaz - Grande consommation et quotas ETS,1,,2,Entreprises et administrations,1,Gaz,1,Oui,1,euro/tCO2,MtCO2
Carbone,2024*,7.673267327,0.010157176,7.673267326732674,40.4766540452977,0.0,0.0,0.0,0.0,7.673267326732674,0.0,1,True,Charbon - Grande consommation et quotas ETS,1,,5,Entreprises et administrations,1,Charbon,1,Oui,1,euro/tCO2,MtCO2
Carbone,2024*,7.966381869,1.712459786,7.966381868514868,7.0,0.0,0.0,0.0,0.0,7.966381868514868,0.0,1,True,Gaz - Grande consommation et fuite carbone,1,Industrie,1,Entreprises et administrations,1,Gaz,1,Oui,1,euro/tCO2,MtCO2
Carbone,2024*,8.192389006,0.254922792,8.192389006342495,40.4766540452977,0.0,0.0,0.0,0.0,8.192389006342495,0.0,1,True,Charbon - Grande consommation et quotas ETS,1,,5,Entreprises et administrations,1,Charbon,1,Oui,1,euro/tCO2,MtCO2
Carbone,2024*,14.386621653,8.577270395,14.38662165269982,0.0,0.0,0.0,0.0,0.0,14.38662165269982,0.0,1,True,Gazole Non Routier - Agriculture,1,Agriculture,1,Entreprises et administrations,1,Pétrole,1,Oui,1,euro/tCO2,MtCO2
Carbone,2024*,16.5,8.027779603,0.0,0.0,0.0,16.5,0.0,0.0,0.0,16.5,1,True,HFC règlement F-Gaz,1,,7,,2,Non combustible,1,Non,1,euro/tCO2,MtCO2
Carbone,2024*,26.040110733,1.216652673,26.04011073270798,26.0401107,0.0,0.0,0.0,0.0,26.04011073270798,0.0,1,True,Gaz - Carburant,1,,2,,2,Gaz,1,Oui,1,euro/tCO2,MtCO2
Carbone,2024*,26.798906397,1.420029053,26.79890639681842,14.27802993722839,0.0,0.0,0.0,0.0,26.79890639681842,0.0,1,True,GPL - Combustible,1,Résidentiel ménages,1,Ménages,1,Pétrole,1,Oui,1,euro/tCO2,MtCO2
Carbone,2024*,27.196016771,0.753542701,27.19601677148847,14.27802993722839,0.0,0.0,0.0,0.0,27.19601677148847,0.0,1,True,GPL - Combustible,1,,3,Entreprises et administrations,1,Pétrole,1,Oui,1,euro/tCO2,MtCO2
Carbone,2024*,29.05,11.383878982,29.05,0.0,0.0,0.0,0.0,0.0,29.05,0.0,1,True,Méthane stockage déchets,1,Energie,1,Entreprises et administrations,1,Déchets et biomasse,1,Non,1,euro/tCO2,MtCO2
Carbone,2024*,44.711538462,0.075588538,44.71153846153846,44.6,0.0,0.0,0.0,0.0,44.71153846153846,0.0,1,True,Fioul lourd - Combustible,1,,3,Entreprises et administrations,1,Pétrole,1,Oui,1,euro/tCO2,MtCO2
Carbone,2024*,57.374307147,6.704474028,57.37430714708677,44.6,0.0,0.0,0.0,0.0,57.37430714708677,0.0,1,True,Fioul domestique - Combustible,1,Résidentiel ménages,1,Ménages,1,Pétrole,1,Oui,1,euro/tCO2,MtCO2
Carbone,2024*,58.224488579,5.039768053,58.2244885787559,44.6,0.0,0.0,0.0,0.0,58.2244885787559,0.0,1,True,Fioul domestique - Combustible,1,,5,Entreprises et administrations,1,Pétrole,1,Oui,1,euro/tCO2,MtCO2
Carbone,2024*,65.97,46.461869169,0.0,0.0,0.0,65.97,4.749546615236552,6.710579756861794,0.0,65.97,3,False,,26,,3,Entreprises et administrations,1,,4,,2,euro/tCO2,MtCO2
Carbone,2024*,67.098755419,21.114603321,80.31591079957197,44.6,-13.21715538064967,0.0,0.0,0.0,67.0987554189223,0.0,1,True,Gaz - Combustible,1,Résidentiel ménages,1,Ménages,1,Gaz,1,Oui,1,euro/tCO2,MtCO2
Carbone,2024*,68.578305126,0.679483723,68.57830512631837,0.0,0.0,0.0,0.0,0.0,68.57830512631837,0.0,1,True,E85 - transport routier,1,,6,,2,Pétrole,1,Oui,1,euro/tCO2,MtCO2
Carbone,2024*,70.05,7.070747889,4.080000000000001,0.0,0.0,65.97000000000001,1.0446970451010082,40.43386674603829,4.080000000000001,65.97000000000001,3,False,CO2 énergétique incinération déchets,1,Energie,1,Entreprises et administrations,1,Déchets et biomasse,1,Oui,1,euro/tCO2,MtCO2
Carbone,2024*,73.212990654,0.113876147,7.242990654205608,40.4766540452977,0.0,65.97,18.985291174718093,0.0,7.242990654205608,65.97,2,False,Charbon - Grande consommation et quotas ETS,1,,2,Entreprises et administrations,1,Charbon,1,Oui,1,euro/tCO2,MtCO2
Carbone,2024*,73.538062775,25.226776046,7.568062775089124,0.0,0.0,65.97,9.554958384683475,18.881375981668715,7.568062775089124,65.97,3,False,Gaz - Grande consommation et quotas ETS,1,,2,Entreprises et administrations,1,Gaz,1,Oui,1,euro/tCO2,MtCO2
Carbone,2024*,73.643267327,0.009666260999999999,7.673267326732675,40.47665404529771,0.0,65.97,17.33535046074175,0.0,7.673267326732675,65.97,2,False,Charbon - Grande consommation et quotas ETS,1,,2,Entreprises et administrations,1,Charbon,1,Oui,1,euro/tCO2,MtCO2
Carbone,2024*,73.936381869,0.0,7.966381868514868,7.0,0.0,65.97,32.985,0.0,7.966381868514868,65.97,2,False,Gaz - Grande consommation et fuite carbone,1,Industrie,1,Entreprises et administrations,1,Gaz,1,Oui,1,euro/tCO2,MtCO2
Carbone,2024*,74.162389006,0.272911842,8.192389006342495,40.4766540452977,0.0,65.97,16.918797215878964,0.0,8.192389006342495,65.97,2,False,Charbon - Grande consommation et quotas ETS,1,,2,Entreprises et administrations,1,Charbon,1,Oui,1,euro/tCO2,MtCO2
Carbone,2024*,81.506044492,13.547414989,81.50604449224274,44.6,0.0,0.0,0.0,0.0,81.50604449224274,0.0,1,True,Gaz - Combustible,1,,3,Entreprises et administrations,1,Gaz,1,Oui,1,euro/tCO2,MtCO2
Carbone,2024*,83.116602421,2.879869228,83.11660242117782,44.6,0.0,0.0,0.0,0.0,83.11660242117782,0.0,1,True,Gazole Non Routier,1,Industrie,1,Entreprises et administrations,1,Pétrole,1,Oui,1,euro/tCO2,MtCO2
Carbone,2024*,84.947589099,0.179607559,84.94758909853249,44.6,0.0,0.0,0.0,0.0,84.94758909853249,0.0,1,True,GPL - Carburant,1,,2,,2,Pétrole,1,Oui,1,euro/tCO2,MtCO2
Carbone,2024*,92.48076579,2.063815391,92.48076578994454,44.6,0.0,0.0,0.0,0.0,92.48076578994454,0.0,1,True,Gazole Non Routier,1,,3,Entreprises et administrations,1,Pétrole,1,Oui,1,euro/tCO2,MtCO2
Carbone,2024*,93.166016771,0.317443099,27.196016771488466,14.27802993722839,0.0,65.97,10.517810678788766,0.0,27.196016771488466,65.97,2,False,GPL - Combustible,1,,2,Entreprises et administrations,1,Pétrole,1,Oui,1,euro/tCO2,MtCO2
Carbone,2024*,110.681538462,0.148423925,44.71153846153846,44.6,0.0,65.97,12.566825990149498,0.0,44.71153846153846,65.97,2,False,Fioul lourd - Combustible,1,,2,Entreprises et administrations,1,Pétrole,1,Oui,1,euro/tCO2,MtCO2
Carbone,2024*,112.572314666,0.406595197,112.5723146657124,0.0,0.0,0.0,0.0,0.0,112.5723146657124,0.0,1,True,Gazole - Taxis,1,Transports entreprises,1,Entreprises et administrations,1,Pétrole,1,Oui,1,euro/tCO2,MtCO2
Carbone,2024*,124.194488579,0.17399047,58.22448857875591,44.6,0.0,65.97,14.48328478962095,0.0,58.22448857875591,65.97,2,False,Fioul domestique - Combustible,1,,2,Entreprises et administrations,1,Pétrole,1,Oui,1,euro/tCO2,MtCO2
Carbone,2024*,146.083079859,1.990790749,146.0830798592473,0.0,0.0,0.0,0.0,0.0,146.0830798592473,0.0,1,True,Gazole - Transport public,1,Transports entreprises,1,Entreprises et administrations,1,Pétrole,1,Oui,1,euro/tCO2,MtCO2
Carbone,2024*,147.476044492,0.697255602,81.50604449224275,44.6,0.0,65.97,3.095661255655282,0.0,81.50604449224275,65.97,2,False,Gaz - Combustible,1,,2,Entreprises et administrations,1,Gaz,1,Oui,1,euro/tCO2,MtCO2
Carbone,2024*,149.086602421,0.079466537,83.1166024211778,44.6,0.0,65.97,13.921078527934343,0.0,83.1166024211778,65.97,2,False,Gazole Non Routier,1,Industrie,1,Entreprises et administrations,1,Pétrole,1,Oui,1,euro/tCO2,MtCO2
Carbone,2024*,150.788237077,1.433962955,150.7882370774595,44.6,0.0,0.0,0.0,0.0,150.7882370774595,0.0,1,True,Kerosene - Carburant armée,1,Tertiaire,1,Entreprises et administrations,1,Pétrole,1,Oui,1,euro/tCO2,MtCO2
Carbone,2024*,154.785994604,0.045009956,154.7859946038754,0.0,0.0,0.0,0.0,0.0,154.7859946038754,0.0,1,True,Essence - Taxis,1,Transports entreprises,1,Entreprises et administrations,1,Pétrole,1,Oui,1,euro/tCO2,MtCO2
Carbone,2024*,158.45076579,0.163207305,92.48076578994454,44.599999999999994,0.0,65.97,29.61025419946736,0.0,92.48076578994454,65.97,2,False,Gazole Non Routier,1,Energie,1,Entreprises et administrations,1,Pétrole,1,Oui,1,euro/tCO2,MtCO2
Carbone,2024*,168.448440389,21.1107837,168.4484403888591,0.0,0.0,0.0,0.0,0.0,168.4484403888591,0.0,1,True,Gazole - Transport marchandises,1,,5,Entreprises et administrations,1,Pétrole,1,Oui,1,euro/tCO2,MtCO2
Carbone,2024*,221.417069243,1.739753532,221.4170692431562,44.6,0.0,0.0,0.0,0.0,221.4170692431562,0.0,1,True,Gazole - transport routier,1,,6,,2,Pétrole,1,Oui,1,euro/tCO2,MtCO2
Carbone,2024*,225.442834138,8.246557748,225.4428341384863,44.6,0.0,0.0,0.0,0.0,225.4428341384863,0.0,1,True,Gazole - transport routier,1,,6,,2,Pétrole,1,Oui,1,euro/tCO2,MtCO2
Carbone,2024*,226.449275362,44.866178989,226.4492753623189,44.6,0.0,0.0,0.0,0.0,226.4492753623189,0.0,1,True,Gazole - transport routier,1,,6,,2,Pétrole,1,Oui,1,euro/tCO2,MtCO2
Carbone,2024*,233.494363929,6.103667038,233.4943639291466,44.6,0.0,0.0,0.0,0.0,233.4943639291466,0.0,1,True,Gazole - transport routier,1,,6,,2,Pétrole,1,Oui,1,euro/tCO2,MtCO2
Carbone,2024*,252.989642185,0.093839942,252.9896421845575,44.6,0.0,0.0,0.0,0.0,252.9896421845575,0.0,1,True,E10 - transport routier,1,,6,,2,Pétrole,1,Oui,1,euro/tCO2,MtCO2
Carbone,2024*,253.554613936,0.498558012,253.5546139359699,44.6,0.0,0.0,0.0,0.0,253.5546139359699,0.0,1,True,E10 - transport routier,1,,6,,2,Pétrole,1,Oui,1,euro/tCO2,MtCO2
Carbone,2024*,254.576943772,0.005095736,254.576943771859,44.6,0.0,0.0,0.0,0.0,254.576943771859,0.0,1,True,Essence - transport routier,1,,6,,2,Pétrole,1,Oui,1,euro/tCO2,MtCO2
Carbone,2024*,257.415254237,0.118456844,257.4152542372882,44.6,0.0,0.0,0.0,0.0,257.4152542372882,0.0,1,True,E10 - transport routier,1,,6,,2,Pétrole,1,Oui,1,euro/tCO2,MtCO2
Carbone,2024*,258.36023675,0.03038576,258.3602367500673,44.6,0.0,0.0,0.0,0.0,258.3602367500673,0.0,1,True,Essence - transport routier,1,,6,,2,Pétrole,1,Oui,1,euro/tCO2,MtCO2
Carbone,2024*,260.556228141,0.040830246,260.5562281409739,44.6,0.0,0.0,0.0,0.0,260.5562281409739,0.0,1,True,Essence - transport routier,1,,6,,2,Pétrole,1,Oui,1,euro/tCO2,MtCO2
Carbone,2024*,261.121199892,0.209633096,261.1211998923864,44.6,0.0,0.0,0.0,0.0,261.1211998923864,0.0,1,True,Essence - transport routier,1,,6,,2,Pétrole,1,Oui,1,euro/tCO2,MtCO2
Carbone,2024*,264.981840194,0.036963103,264.9818401937047,44.6,0.0,0.0,0.0,0.0,264.9818401937047,0.0,1,True,Essence - transport routier,1,,6,,2,Pétrole,1,Oui,1,euro/tCO2,MtCO2
Carbone,2024*,286.888749842,0.521639733,286.8887498415936,44.6,0.0,0.0,0.0,0.0,286.8887498415936,0.0,1,True,Kerosene combustible,1,Résidentiel ménages,1,Ménages,1,Pétrole,1,Oui,1,euro/tCO2,MtCO2
Carbone,2024*,288.313251165,2.235615721,288.3132511650724,44.6,0.0,0.0,0.0,0.0,288.3132511650724,0.0,1,True,E10 - transport routier,1,,6,,2,Pétrole,1,Oui,1,euro/tCO2,MtCO2
Carbone,2024*,288.957106941,11.877502357,288.9571069413785,44.6,0.0,0.0,0.0,0.0,288.9571069413785,0.0,1,True,E10 - transport routier,1,,6,,2,Pétrole,1,Oui,1,euro/tCO2,MtCO2
Carbone,2024*,290.122179299,0.187944187,290.1221792985038,44.6,0.0,0.0,0.0,0.0,290.1221792985038,0.0,1,True,Essence - transport routier,1,,6,,2,Pétrole,1,Oui,1,euro/tCO2,MtCO2
Carbone,2024*,293.356788079,2.822081689,293.3567880794702,44.6,0.0,0.0,0.0,0.0,293.3567880794702,0.0,1,True,E10 - transport routier,1,,6,,2,Pétrole,1,Oui,1,euro/tCO2,MtCO2
Carbone,2024*,294.433713515,1.120706899,294.4337135148393,44.6,0.0,0.0,0.0,0.0,294.4337135148393,0.0,1,True,Essence - transport routier,1,,6,,2,Pétrole,1,Oui,1,euro/tCO2,MtCO2
Carbone,2024*,296.936319598,1.505927069,296.9363195977434,44.6,0.0,0.0,0.0,0.0,296.9363195977434,0.0,1,True,Essence - transport routier,1,,6,,2,Pétrole,1,Oui,1,euro/tCO2,MtCO2
Carbone,2024*,297.580175374,7.731821,297.5801753740496,44.6,0.0,0.0,0.0,0.0,297.5801753740496,0.0,1,True,Essence - transport routier,1,,6,,2,Pétrole,1,Oui,1,euro/tCO2,MtCO2
Carbone,2024*,301.979856512,1.363296636,301.9798565121413,44.6,0.0,0.0,0.0,0.0,301.9798565121413,0.0,1,True,Essence - transport routier,1,,6,,2,Pétrole,1,Oui,1,euro/tCO2,MtCO2
Energie,2017,0.0,411.451034932,0.0,0.10875474908641956,0.0,0.0,0.0,0.0,0.0,0.0,2,False,,28,,7,,2,,5,,0,euro/MWh,TWh
Energie,2017,0.119,2.2157805,0.119,0.0,0.0,0.0,0.0,0.0,0.119,0.0,1,True,Gaz - Agriculture,1,Agriculture,1,Entreprises et administrations,1,,2,,0,euro/MWh,TWh
Energie,2017,0.167,0.222227778,0.167,0.0,0.0,0.0,0.0,0.0,0.167,0.0,1,True,Fioul lourd - Agriculture,1,Agriculture,1,Entreprises et administrations,1,Pétrole,1,,0,euro/MWh,TWh
Energie,2017,0.5,12.878453499,0.5,0.0,0.0,0.0,0.0,0.0,0.5,0.0,1,True,,2,,2,Entreprises et administrations,1,Électricité,1,,0,euro/MWh,TWh
Energie,2017,1.0,5.53917381,1.0,0.0,0.0,0.0,0.0,0.0,1.0,0.0,1,True,Consommations >3kWh/€ de VA (fuite carbone),1,Industrie,1,Entreprises et administrations,1,Électricité,1,,0,euro/MWh,TWh
Energie,2017,1.101574659,39.454249018,0.0,0.13627702996662955,0.0,1.101574658995131,0.10597651565304197,0.0,0.0,1.101574658995131,4,False,,4,,2,Entreprises et administrations,1,Pétrole,1,,0,euro/MWh,TWh
Energie,2017,1.159563212,35.383522636,0.0,0.0,0.0,1.1595632117988368,0.040122405152582426,0.0,0.0,1.1595632117988368,2,False,,3,Industrie,1,Entreprises et administrations,1,,2,,0,euro/MWh,TWh
Energie,2017,1.19,2.350425502,1.19,0.0,0.0,0.0,0.0,0.0,1.19,0.0,1,True,Charbon - Grande consommation et quotas ETS,1,,5,Entreprises et administrations,1,Charbon,1,,0,euro/MWh,TWh
Energie,2017,1.52,0.172596377,1.52,0.0,0.0,0.0,0.0,0.0,1.52,0.0,1,True,Gaz - Grande consommation et quotas ETS,1,,2,Entreprises et administrations,1,,2,,0,euro/MWh,TWh
Energie,2017,1.523498538,15.83317796,0.0,0.0,0.0,1.5234985378177952,0.7769966193214038,0.0,0.0,1.5234985378177952,2,False,Kerosene - Aéronefs,1,Transports entreprises,1,Entreprises et administrations,1,Pétrole,1,,0,euro/MWh,TWh
Energie,2017,1.548855539,13.358110633999999,0.0,0.0,0.0,1.548855539402211,0.08136782943782249,0.0,0.0,1.548855539402211,2,False,,4,Industrie,1,Entreprises et administrations,1,Pétrole,1,,0,euro/MWh,TWh
Energie,2017,1.6,2.274904288,1.6,1.405908,0.0,0.0,0.0,0.0,1.6,0.0,1,True,Gaz - Grande consommation et fuite carbone,1,Industrie,1,Entreprises et administrations,1,,2,,0,euro/MWh,TWh
Energie,2017,1.621185347,1.863648151,0.0,0.0,0.0,1.6211853472003819,0.03141755845187199,0.0,0.0,1.6211853472003819,2,False,,2,Industrie,1,Entreprises et administrations,1,Pétrole,1,,0,euro/MWh,TWh
Energie,2017,1.716793714,28.565174798999998,0.0,0.0,0.0,1.716793713830147,0.13556937003826616,0.0,0.0,1.716793713830147,2,False,,3,,2,Entreprises et administrations,1,Pétrole,1,,0,euro/MWh,TWh
Energie,2017,1.966206844,5.835495020000001,0.0,0.0,0.0,1.9662068441686678,0.06947400484506802,0.0,0.0,1.9662068441686678,2,False,,2,Industrie,1,Entreprises et administrations,1,Charbon,1,,0,euro/MWh,TWh
Energie,2017,2.0,11.375468986,2.0,0.0,0.0,0.0,0.0,0.0,2.0,0.0,1,True,Consommations >3kWh/€ de VA,1,Industrie,1,Entreprises et administrations,1,Électricité,1,,0,euro/MWh,TWh
Energie,2017,2.09922718,0.073114438,0.0,0.0,0.0,2.0992271803492115,0.05306171612163685,0.0,0.0,2.0992271803492115,2,False,,2,Industrie,1,Entreprises et administrations,1,Charbon,1,,0,euro/MWh,TWh
Energie,2017,2.223933746,2.223022008,0.0,0.0,0.0,2.2239337455184716,0.0956882799541395,0.0,0.0,2.2239337455184716,2,False,,2,Industrie,1,Entreprises et administrations,1,Charbon,1,,0,euro/MWh,TWh
Energie,2017,2.5,3.645078977,2.5,0.0,0.0,0.0,0.0,0.0,2.5,0.0,1,True,"Consommations entre 1,5 et 3kWh/€ de VA (fuite carbone)",1,Industrie,1,Entreprises et administrations,1,Électricité,1,,0,euro/MWh,TWh
Energie,2017,2.679563212,56.672030316000004,1.52,0.0,0.0,1.159563211798837,0.19800829799634395,0.0,1.52,1.159563211798837,2,False,Gaz - Grande consommation et quotas ETS,1,,2,Entreprises et administrations,1,,2,,0,euro/MWh,TWh
Energie,2017,2.759563212,0.0,1.6,1.405908,0.0,1.159563211798837,0.5797816058994185,0.0,1.6,1.159563211798837,2,False,Gaz - Grande consommation et fuite carbone,1,Industrie,1,Entreprises et administrations,1,,2,,0,euro/MWh,TWh
Energie,2017,3.156206844,3.953928158,1.19,0.0,0.0,1.966206844168668,0.8471710278150183,0.0,1.19,1.966206844168668,2,False,Charbon - Grande consommation et quotas ETS,1,,2,Entreprises et administrations,1,Charbon,1,,0,euro/MWh,TWh
Energie,2017,3.28922718,0.08623133399999999,1.19,0.0,0.0,2.099227180349212,0.43397058932614135,0.0,1.19,2.099227180349212,2,False,Charbon - Grande consommation et quotas ETS,1,,2,Entreprises et administrations,1,Charbon,1,,0,euro/MWh,TWh
Energie,2017,3.413933746,0.511957473,1.19,0.0,0.0,2.2239337455184716,0.6501120607557118,0.0,1.19,2.2239337455184716,2,False,Charbon - Grande consommation et quotas ETS,1,,2,Entreprises et administrations,1,Charbon,1,,0,euro/MWh,TWh
Energie,2017,3.86,25.439142748,3.86,0.0,0.0,0.0,0.0,0.0,3.86,0.0,1,True,Gazole Non Routier - Agriculture,1,Agriculture,1,Entreprises et administrations,1,Pétrole,1,,0,euro/MWh,TWh
Energie,2017,5.0,14.902632423,5.0,0.0,0.0,0.0,0.0,0.0,5.0,0.0,1,True,"Consommations entre 1,5 et 3kWh/€ de VA",1,,2,Entreprises et administrations,1,Électricité,1,,0,euro/MWh,TWh
Energie,2017,5.5,1.673678567,5.5,0.0,0.0,0.0,0.0,0.0,5.5,0.0,1,True,"Consommations < 1,5kWh/€ de VA (fuite carbone)",1,Industrie,1,Entreprises et administrations,1,Électricité,1,,0,euro/MWh,TWh
Energie,2017,5.88,237.694882463,5.88,6.125742,0.0,0.0,0.0,0.0,5.88,0.0,1,True,Gaz - Combustible,1,,4,,2,,2,,0,euro/MWh,TWh
Energie,2017,5.99,4.453986347,5.99,6.125742,0.0,0.0,0.0,0.0,5.99,0.0,1,True,Gaz - Carburant,1,,2,,2,,2,,0,euro/MWh,TWh
Energie,2017,7.039563212,29.47633631,5.88,6.125742000000001,0.0,1.159563211798837,0.10637964418217223,0.0,5.88,1.159563211798837,2,False,Gaz - Combustible,1,,2,Entreprises et administrations,1,,2,,0,euro/MWh,TWh
Energie,2017,7.5,32.231630311,7.5,0.0,0.0,0.0,0.0,0.0,7.5,0.0,1,True,,2,,2,Entreprises et administrations,1,Électricité,1,,0,euro/MWh,TWh
Energie,2017,8.586,0.558257452,8.586,8.5644,0.0,0.0,0.0,0.0,8.586,0.0,1,True,Fioul lourd - Combustible,1,,3,Entreprises et administrations,1,Pétrole,1,,0,euro/MWh,TWh
Energie,2017,10.207185347,1.686918177,8.586,8.5644,0.0,1.621185347200382,0.2484479195390565,0.0,8.586,1.621185347200382,2,False,Fioul lourd - Combustible,1,,2,Entreprises et administrations,1,Pétrole,1,,0,euro/MWh,TWh
Energie,2017,11.89,93.111921503,11.89,8.182296,0.0,0.0,0.0,0.0,11.89,0.0,1,True,Fioul domestique combustible,1,,6,,2,Pétrole,1,,0,euro/MWh,TWh
Energie,2017,12.0,1.90846273,12.0,0.0,0.0,0.0,0.0,0.0,12.0,0.0,1,True,Datacenters,1,Tertiaire,1,Entreprises et administrations,1,Électricité,1,,0,euro/MWh,TWh
Energie,2017,12.9132,0.959827326,12.9132,5.8194,0.0,0.0,0.0,0.0,12.9132,0.0,1,True,GPL - Carburant,1,,2,,2,Pétrole,1,,0,euro/MWh,TWh
Energie,2017,13.438855539,1.194962217,11.89,8.182296,0.0,1.548855539402211,0.26695977549650995,0.0,11.89,1.548855539402211,2,False,Fioul domestique combustible,1,,2,Entreprises et administrations,1,Pétrole,1,,0,euro/MWh,TWh
Energie,2017,14.2335,0.879281914,14.2335,7.958304,0.0,0.0,0.0,0.0,14.2335,0.0,1,True,E85 - transport routier,1,,6,,2,,2,,0,euro/MWh,TWh
Energie,2017,15.09,3.872474715,15.09,8.182296,0.0,0.0,0.0,0.0,15.09,0.0,1,True,Gazole Non Routier,1,,4,Entreprises et administrations,1,Pétrole,1,,0,euro/MWh,TWh
Energie,2017,16.638855539,0.105186534,15.09,8.182296,0.0,1.548855539402211,0.1186171326790846,0.0,15.09,1.548855539402211,2,False,Gazole Non Routier,1,,2,Entreprises et administrations,1,Pétrole,1,,0,euro/MWh,TWh
Energie,2017,25.573,168.364585854,25.573,0.0,0.0,0.0,0.0,0.0,25.573,0.0,1,True,Electricité - entreprises,1,,5,Entreprises et administrations,1,Électricité,1,,0,euro/MWh,TWh
Energie,2017,30.2,1.664669767,30.2,0.0,0.0,0.0,0.0,0.0,30.2,0.0,1,True,Gazole - Taxis,1,Transports entreprises,1,Entreprises et administrations,1,,2,,0,euro/MWh,TWh
Energie,2017,31.717,161.31533,31.717,0.0,0.0,0.0,0.0,0.0,31.717,0.0,1,True,Electricité - ménages,1,,2,Ménages,1,Électricité,1,,0,euro/MWh,TWh
Energie,2017,39.19,9.715842371,39.19,0.0,0.0,0.0,0.0,0.0,39.19,0.0,1,True,Gazole - Transport public,1,Transports entreprises,1,Entreprises et administrations,1,,2,,0,euro/MWh,TWh
Energie,2017,39.79,3.463727778,39.79,8.04834,0.0,0.0,0.0,0.0,39.79,0.0,1,True,Kerosene - Carburant avions,1,Tertiaire,1,Entreprises et administrations,1,Pétrole,1,,0,euro/MWh,TWh
Energie,2017,40.388,0.159356302,40.388,0.0,0.0,0.0,0.0,0.0,40.388,0.0,1,True,Essence - Taxis,1,Transports entreprises,1,Entreprises et administrations,1,,2,,0,euro/MWh,TWh
Energie,2017,43.19,81.484112708,43.19,0.0,0.0,0.0,0.0,0.0,43.19,0.0,1,True,Gazole - Transport marchandises,1,,5,Entreprises et administrations,1,,2,,0,euro/MWh,TWh
Energie,2017,44.354,2.102124444,44.354,8.04834,0.0,0.0,0.0,0.0,44.354,0.0,1,True,Kerosene combustible,1,Résidentiel ménages,1,Ménages,1,Pétrole,1,,0,euro/MWh,TWh
Energie,2017,53.07,8.51400363,53.07,8.182296,0.0,0.0,0.0,0.0,53.07,0.0,1,True,Gazole - transport routier,1,,6,,2,,2,,0,euro/MWh,TWh
Energie,2017,54.42,275.481376919,54.42,8.182296,0.0,0.0,0.0,0.0,54.42,0.0,1,True,Gazole - transport routier,1,,6,,2,,2,,0,euro/MWh,TWh
Energie,2017,56.31,31.797773496,56.31,8.182296,0.0,0.0,0.0,0.0,56.31,0.0,1,True,Gazole - transport routier,1,,6,,2,,2,,0,euro/MWh,TWh
Energie,2017,71.717013124,28.763829155,71.71701312415145,8.001181699971013,0.0,0.0,0.0,0.0,71.71701312415145,0.0,2,False,E10 - transport routier,1,,6,,2,,2,,0,euro/MWh,TWh
Energie,2017,72.078515449,0.783090077,72.0785154488212,7.9875148104496185,0.0,0.0,0.0,0.0,72.0785154488212,0.0,2,False,Essence - transport routier,1,,6,,2,,2,,0,euro/MWh,TWh
Energie,2017,72.863586061,6.588568761,72.86358606124602,8.001181700031422,0.0,0.0,0.0,0.0,72.86358606124602,0.0,2,False,E10 - transport routier,1,,6,,2,,2,,0,euro/MWh,TWh
Energie,2017,73.2038,3.590551278,73.2038,7.987514809772435,0.0,0.0,0.0,0.0,73.2038,0.0,2,False,Essence - transport routier,1,,6,,2,,2,,0,euro/MWh,TWh
Energie,2017,74.024759116,47.132208373,74.02475911553668,7.98751480984692,0.0,0.0,0.0,0.0,74.02475911553668,0.0,2,False,Essence - transport routier,1,,6,,2,,2,,0,euro/MWh,TWh
Energie,2017,75.172255381,6.57801287,75.1722553814614,7.987514809840415,0.0,0.0,0.0,0.0,75.1722553814614,0.0,2,False,Essence - transport routier,1,,6,,2,,2,,0,euro/MWh,TWh
Energie,2018,0.0,392.29054572,0.0,0.0,0.0,0.0,0.0,0.0,0.0,0.0,1,True,,26,,7,,2,,5,,0,euro/MWh,TWh
Energie,2018,0.119,2.550482694,0.119,0.0,0.0,0.0,0.0,0.0,0.119,0.0,1,True,Gaz - Agriculture,1,Agriculture,1,Entreprises et administrations,1,,2,,0,euro/MWh,TWh
Energie,2018,0.167,0.222227778,0.167,0.0,0.0,0.0,0.0,0.0,0.167,0.0,1,True,Fioul lourd - Agriculture,1,Agriculture,1,Entreprises et administrations,1,Pétrole,1,,0,euro/MWh,TWh
Energie,2018,0.5,12.860323417,0.5,0.0,0.0,0.0,0.0,0.0,0.5,0.0,1,True,,2,,2,Entreprises et administrations,1,Électricité,1,,0,euro/MWh,TWh
Energie,2018,0.712,3.312495385,0.712,0.0,0.0,0.0,0.0,0.0,0.712,0.0,1,True,GPL - Agriculture,1,Agriculture,1,Entreprises et administrations,1,Pétrole,1,,0,euro/MWh,TWh
Energie,2018,1.0,5.512055568,1.0,0.0,0.0,0.0,0.0,0.0,1.0,0.0,1,True,Consommations >3kWh/€ de VA (fuite carbone),1,Industrie,1,Entreprises et administrations,1,Électricité,1,,0,euro/MWh,TWh
Energie,2018,1.19,2.513933764,1.19,0.0,0.0,0.0,0.0,0.0,1.19,0.0,1,True,Charbon - Grande consommation et quotas ETS,1,,5,Entreprises et administrations,1,Charbon,1,,0,euro/MWh,TWh
Energie,2018,1.52,0.300837194,1.52,0.0,0.0,0.0,0.0,0.0,1.52,0.0,1,True,Gaz - Grande consommation et quotas ETS,1,,2,Entreprises et administrations,1,,2,,0,euro/MWh,TWh
Energie,2018,1.6,2.968220571,1.6,1.405908,0.0,0.0,0.0,0.0,1.6,0.0,1,True,Gaz - Grande consommation et fuite carbone,1,Industrie,1,Entreprises et administrations,1,,2,,0,euro/MWh,TWh
Energie,2018,2.0,11.3204413,2.0,0.0,0.0,0.0,0.0,0.0,2.0,0.0,1,True,Consommations >3kWh/€ de VA,1,Industrie,1,Entreprises et administrations,1,Électricité,1,,0,euro/MWh,TWh
Energie,2018,2.5,3.627173069,2.5,0.0,0.0,0.0,0.0,0.0,2.5,0.0,1,True,"Consommations entre 1,5 et 3kWh/€ de VA (fuite carbone)",1,Industrie,1,Entreprises et administrations,1,Électricité,1,,0,euro/MWh,TWh
Energie,2018,2.876974643,36.407587575,0.0,0.0,0.0,2.8769746426524527,0.47514366464869146,0.0,0.0,2.8769746426524527,2,False,,3,,2,Entreprises et administrations,1,Pétrole,1,,0,euro/MWh,TWh
Energie,2018,3.02842293,33.645106651,0.0,0.0,0.0,3.028422930444912,0.28145464032435785,0.0,0.0,3.028422930444912,2,False,,3,Industrie,1,Entreprises et administrations,1,,2,,0,euro/MWh,TWh
Energie,2018,3.86,31.085503102,3.86,0.0,0.0,0.0,0.0,0.0,3.86,0.0,1,True,Gazole Non Routier - Agriculture,1,Agriculture,1,Entreprises et administrations,1,Pétrole,1,,0,euro/MWh,TWh
Energie,2018,3.978910213,16.058249961999998,0.0,0.0,0.0,3.9789102133287697,2.0565874927853898,0.0,0.0,3.9789102133287697,2,False,Kerosene - Aéronefs,1,Transports entreprises,1,Entreprises et administrations,1,Pétrole,1,,0,euro/MWh,TWh
Energie,2018,4.045134913,11.746423534,0.0,0.0,0.0,4.045134912650203,0.6802527333932895,0.0,0.0,4.045134912650203,2,False,,4,Industrie,1,Entreprises et administrations,1,Pétrole,1,,0,euro/MWh,TWh
Energie,2018,4.234038153,1.382023658,0.0,0.0,0.0,4.234038153337572,0.40671935645311225,0.0,0.0,4.234038153337572,2,False,,2,Industrie,1,Entreprises et administrations,1,Pétrole,1,,0,euro/MWh,TWh
Energie,2018,4.483737839,26.959879404,0.0,0.0,0.0,4.483737839303633,0.6129134602138776,0.0,0.0,4.483737839303633,2,False,,3,,2,Entreprises et administrations,1,Pétrole,1,,0,euro/MWh,TWh
Energie,2018,4.54842293,57.399803435,1.5200000000000002,0.0,0.0,3.028422930444912,0.6438234431878531,0.0,1.5200000000000002,3.028422930444912,2,False,Gaz - Grande consommation et quotas ETS,1,,2,Entreprises et administrations,1,,2,,0,euro/MWh,TWh
Energie,2018,4.62842293,0.0,1.6,1.405908,0.0,3.028422930444912,1.514211465222456,0.0,1.6,3.028422930444912,2,False,Gaz - Grande consommation et fuite carbone,1,Industrie,1,Entreprises et administrations,1,,2,,0,euro/MWh,TWh
Energie,2018,5.0,14.779916745,5.0,0.0,0.0,0.0,0.0,0.0,5.0,0.0,1,True,"Consommations entre 1,5 et 3kWh/€ de VA",1,,2,Entreprises et administrations,1,Électricité,1,,0,euro/MWh,TWh
Energie,2018,5.135128324,5.502061061,0.0,0.0,0.0,5.135128324432491,0.5627892774120788,0.0,0.0,5.135128324432491,2,False,,2,Industrie,1,Entreprises et administrations,1,Charbon,1,,0,euro/MWh,TWh
Energie,2018,5.189,15.38705442,5.189,2.724248112023177,0.0,0.0,0.0,0.0,5.189,0.0,1,True,GPL - Combustible,1,,4,,2,Pétrole,1,,0,euro/MWh,TWh
Energie,2018,5.482536583,0.08793416700000001,0.0,0.0,0.0,5.482536583167881,0.4703683119424676,0.0,0.0,5.482536583167881,2,False,,2,Industrie,1,Entreprises et administrations,1,Charbon,1,,0,euro/MWh,TWh
Energie,2018,5.5,1.665513875,5.5,0.0,0.0,0.0,0.0,0.0,5.5,0.0,1,True,"Consommations < 1,5kWh/€ de VA (fuite carbone)",1,Industrie,1,Entreprises et administrations,1,Électricité,1,,0,euro/MWh,TWh
Energie,2018,5.808231826,2.519993302,0.0,0.0,0.0,5.808231825732309,0.2997055265380932,0.0,0.0,5.808231825732309,2,False,,2,Industrie,1,Entreprises et administrations,1,Charbon,1,,0,euro/MWh,TWh
Energie,2018,5.99,4.709191958,5.99,6.125742,0.0,0.0,0.0,0.0,5.99,0.0,1,True,Gaz - Carburant,1,,2,,2,,2,,0,euro/MWh,TWh
Energie,2018,6.325128324,4.455449117000001,1.19,0.0,0.0,5.13512832443249,2.169552042918439,0.0,1.19,5.13512832443249,2,False,Charbon - Grande consommation et quotas ETS,1,,2,Entreprises et administrations,1,Charbon,1,,0,euro/MWh,TWh
Energie,2018,6.672536583,0.16282022899999998,1.19,0.0,0.0,5.482536583167881,1.415241591040399,0.0,1.19,5.482536583167881,2,False,Charbon - Grande consommation et quotas ETS,1,,2,Entreprises et administrations,1,Charbon,1,,0,euro/MWh,TWh
Energie,2018,6.998231826,0.640323016,1.19,0.0,0.0,5.808231825732309,1.7990226772748876,0.0,1.19,5.808231825732309,2,False,Charbon - Grande consommation et quotas ETS,1,,2,Entreprises et administrations,1,Charbon,1,,0,euro/MWh,TWh
Energie,2018,7.5,32.076916505,7.5,0.0,0.0,0.0,0.0,0.0,7.5,0.0,1,True,,2,,2,Entreprises et administrations,1,Électricité,1,,0,euro/MWh,TWh
Energie,2018,8.065974643,2.287443839,5.189,2.724248112023177,0.0,2.8769746426524536,0.518349361754669,0.0,5.189,2.8769746426524536,2,False,GPL - Combustible,1,,2,Entreprises et administrations,1,Pétrole,1,,0,euro/MWh,TWh
Energie,2018,8.45,227.303737099,8.45,8.478875899280576,0.0,0.0,0.0,0.0,8.45,0.0,1,True,Gaz - Combustible,1,,4,,2,,2,,0,euro/MWh,TWh
Energie,2018,11.47842293,37.478651032,8.45,8.478875899280576,0.0,3.0284229304449117,0.4196425890902851,0.0,8.45,3.0284229304449117,2,False,Gaz - Combustible,1,,2,Entreprises et administrations,1,,2,,0,euro/MWh,TWh
Energie,2018,12.0,1.90846273,12.0,0.0,0.0,0.0,0.0,0.0,12.0,0.0,1,True,Datacenters,1,Tertiaire,1,Entreprises et administrations,1,Électricité,1,,0,euro/MWh,TWh
Energie,2018,12.555,0.378703029,12.555,12.52368,0.0,0.0,0.0,0.0,12.555,0.0,1,True,Fioul lourd - Combustible,1,,3,Entreprises et administrations,1,Pétrole,1,,0,euro/MWh,TWh
Energie,2018,15.62,68.136422087,15.62,11.9649312,0.0,0.0,0.0,0.0,15.62,0.0,1,True,Fioul domestique combustible,1,,6,,2,Pétrole,1,,0,euro/MWh,TWh
Energie,2018,16.208,0.82575537,16.208,8.50968,0.0,0.0,0.0,0.0,16.208,0.0,1,True,GPL - Carburant,1,,2,,2,Pétrole,1,,0,euro/MWh,TWh
Energie,2018,16.789038153,1.592812924,12.555,12.523679999999999,0.0,4.234038153337572,0.6079295255954029,0.0,12.555,4.234038153337572,2,False,Fioul lourd - Combustible,1,,2,Entreprises et administrations,1,Pétrole,1,,0,euro/MWh,TWh
Energie,2018,17.894,1.350562981,17.894,11.6373888,0.0,0.0,0.0,0.0,17.894,0.0,1,True,E85 - transport routier,1,,6,,2,,2,,0,euro/MWh,TWh
Energie,2018,18.82,17.068176159,18.82,11.9649312,0.0,0.0,0.0,0.0,18.82,0.0,1,True,Gazole Non Routier,1,,4,Entreprises et administrations,1,Pétrole,1,,0,euro/MWh,TWh
Energie,2018,19.665134913,1.242069887,15.62,11.9649312,0.0,4.045134912650203,0.8203613684085799,0.0,15.62,4.045134912650203,2,False,Fioul domestique combustible,1,,2,Entreprises et administrations,1,Pétrole,1,,0,euro/MWh,TWh
Energie,2018,22.865134913,0.8903307250000001,18.82,11.9649312,0.0,4.045134912650203,0.7077343343121983,0.0,18.82,4.045134912650203,2,False,Gazole Non Routier,1,,2,Entreprises et administrations,1,Pétrole,1,,0,euro/MWh,TWh
Energie,2018,25.573,167.488747761,25.573,0.0,0.0,0.0,0.0,0.0,25.573,0.0,1,True,Electricité - entreprises,1,,5,Entreprises et administrations,1,Électricité,1,,0,euro/MWh,TWh
Energie,2018,30.2,1.71328956,30.2,0.0,0.0,0.0,0.0,0.0,30.2,0.0,1,True,Gazole - Taxis,1,Transports entreprises,1,Entreprises et administrations,1,,2,,0,euro/MWh,TWh
Energie,2018,31.717,160.47729,31.717,0.0,0.0,0.0,0.0,0.0,31.717,0.0,1,True,Electricité - ménages,1,,2,Ménages,1,Électricité,1,,0,euro/MWh,TWh
Energie,2018,39.19,9.728901559,39.19,0.0,0.0,0.0,0.0,0.0,39.19,0.0,1,True,Gazole - Transport public,1,Transports entreprises,1,Entreprises et administrations,1,,2,,0,euro/MWh,TWh
Energie,2018,39.79,3.695952809,39.79,11.769048,0.0,0.0,0.0,0.0,39.79,0.0,1,True,Kerosene - Carburant avions,1,Tertiaire,1,Entreprises et administrations,1,Pétrole,1,,0,euro/MWh,TWh
Energie,2018,40.388,0.17977482,40.388,0.0,0.0,0.0,0.0,0.0,40.388,0.0,1,True,Essence - Taxis,1,Transports entreprises,1,Entreprises et administrations,1,,2,,0,euro/MWh,TWh
Energie,2018,43.19,86.241083736,43.19,0.0,0.0,0.0,0.0,0.0,43.19,0.0,1,True,Gazole - Transport marchandises,1,,5,Entreprises et administrations,1,,2,,0,euro/MWh,TWh
Energie,2018,48.165723287,1.959836896,48.16572328726409,11.769048,0.0,0.0,0.0,0.0,48.16572328726409,0.0,1,True,Kerosene combustible,1,Résidentiel ménages,1,Ménages,1,Pétrole,1,,0,euro/MWh,TWh
Energie,2018,59.4,8.109484964,59.4,11.9649312,0.0,0.0,0.0,0.0,59.4,0.0,1,True,Gazole - transport routier,1,,6,,2,,2,,0,euro/MWh,TWh
Energie,2018,60.48,39.868998568,60.48,11.9649312,0.0,0.0,0.0,0.0,60.48,0.0,1,True,Gazole - transport routier,1,,6,,2,,2,,0,euro/MWh,TWh
Energie,2018,60.75,217.83427458,60.75,11.9649312,0.0,0.0,0.0,0.0,60.75,0.0,1,True,Gazole - transport routier,1,,6,,2,,2,,0,euro/MWh,TWh
Energie,2018,62.64,30.064523531,62.64,11.9649312,0.0,0.0,0.0,0.0,62.64,0.0,1,True,Gazole - transport routier,1,,6,,2,,2,,0,euro/MWh,TWh
Energie,2018,75.229,5.299019593,75.229,11.701333256187308,0.0,0.0,0.0,0.0,75.229,0.0,2,False,E10 - transport routier,1,,6,,2,,2,,0,euro/MWh,TWh
Energie,2018,75.397,27.922227508,75.397,11.70133325621595,0.0,0.0,0.0,0.0,75.397,0.0,2,False,E10 - transport routier,1,,6,,2,,2,,0,euro/MWh,TWh
Energie,2018,75.701,0.832508577,75.701,11.680937753157203,0.0,0.0,0.0,0.0,75.701,0.0,2,False,Essence - transport routier,1,,6,,2,,2,,0,euro/MWh,TWh
Energie,2018,76.545,7.250186993,76.545,11.701333256125825,0.0,0.0,0.0,0.0,76.545,0.0,2,False,E10 - transport routier,1,,6,,2,,2,,0,euro/MWh,TWh
Energie,2018,76.826,3.654980933,76.826,11.680937753180327,0.0,0.0,0.0,0.0,76.826,0.0,2,False,Essence - transport routier,1,,6,,2,,2,,0,euro/MWh,TWh
Energie,2018,77.479,7.2338620119999995,77.479,11.680937753123231,0.0,0.0,0.0,0.0,77.479,0.0,2,False,Essence - transport routier,1,,6,,2,,2,,0,euro/MWh,TWh
Energie,2018,77.647,37.847660714999996,77.647,11.68093775319164,0.0,0.0,0.0,0.0,77.647,0.0,2,False,Essence - transport routier,1,,6,,2,,2,,0,euro/MWh,TWh
Energie,2018,78.795,6.4128151120000005,78.79500000000002,11.680937753203906,0.0,0.0,0.0,0.0,78.79500000000002,0.0,2,False,Essence - transport routier,1,,6,,2,,2,,0,euro/MWh,TWh
Energie,2019,0.0,416.64160264,0.0,0.0,0.0,0.0,0.0,0.0,0.0,0.0,1,True,,26,,7,,2,,5,,0,euro/MWh,TWh
Energie,2019,0.119,2.632950722,0.119,0.0,0.0,0.0,0.0,0.0,0.119,0.0,1,True,Gaz - Agriculture,1,Agriculture,1,Entreprises et administrations,1,,2,,0,euro/MWh,TWh
Energie,2019,0.167,0.222227778,0.167,0.0,0.0,0.0,0.0,0.0,0.167,0.0,1,True,Fioul lourd - Agriculture,1,Agriculture,1,Entreprises et administrations,1,Pétrole,1,,0,euro/MWh,TWh
Energie,2019,0.5,12.814107891,0.5,0.0,0.0,0.0,0.0,0.0,0.5,0.0,1,True,,2,,2,Entreprises et administrations,1,Électricité,1,,0,euro/MWh,TWh
Energie,2019,0.712,3.628327713,0.712,0.0,0.0,0.0,0.0,0.0,0.712,0.0,1,True,GPL - Agriculture,1,Agriculture,1,Entreprises et administrations,1,Pétrole,1,,0,euro/MWh,TWh
Energie,2019,1.0,5.444003359,1.0,0.0,0.0,0.0,0.0,0.0,1.0,0.0,1,True,Consommations >3kWh/€ de VA (fuite carbone),1,Industrie,1,Entreprises et administrations,1,Électricité,1,,0,euro/MWh,TWh
Energie,2019,1.19,1.87432784,1.19,0.0,0.0,0.0,0.0,0.0,1.19,0.0,1,True,Charbon - Grande consommation et quotas ETS,1,,5,Entreprises et administrations,1,Charbon,1,,0,euro/MWh,TWh
Energie,2019,1.52,0.297231443,1.52,0.0,0.0,0.0,0.0,0.0,1.52,0.0,1,True,Gaz - Grande consommation et quotas ETS,1,,2,Entreprises et administrations,1,,2,,0,euro/MWh,TWh
Energie,2019,1.6,4.270119405,1.6,1.405908,0.0,0.0,0.0,0.0,1.6,0.0,1,True,Gaz - Grande consommation et fuite carbone,1,Industrie,1,Entreprises et administrations,1,,2,,0,euro/MWh,TWh
Energie,2019,2.0,11.179310357,2.0,0.0,0.0,0.0,0.0,0.0,2.0,0.0,1,True,Consommations >3kWh/€ de VA,1,Industrie,1,Entreprises et administrations,1,Électricité,1,,0,euro/MWh,TWh
Energie,2019,2.5,3.582401115,2.5,0.0,0.0,0.0,0.0,0.0,2.5,0.0,1,True,"Consommations entre 1,5 et 3kWh/€ de VA (fuite carbone)",1,Industrie,1,Entreprises et administrations,1,Électricité,1,,0,euro/MWh,TWh
Energie,2019,3.86,31.412581325,3.86,0.0,0.0,0.0,0.0,0.0,3.86,0.0,1,True,Gazole Non Routier - Agriculture,1,Agriculture,1,Entreprises et administrations,1,Pétrole,1,,0,euro/MWh,TWh
Energie,2019,4.702480645,37.062431544,0.0,0.0,0.0,4.702480645081791,0.5623344115197655,0.0,0.0,4.702480645081791,2,False,,3,,2,Entreprises et administrations,1,Pétrole,1,,0,euro/MWh,TWh
Energie,2019,4.950026324,35.533944166,0.0,0.0,0.0,4.950026324322889,0.3776286488967006,0.0,0.0,4.950026324322889,2,False,,3,Industrie,1,Entreprises et administrations,1,,2,,0,euro/MWh,TWh
Energie,2019,5.0,14.486889156,5.0,0.0,0.0,0.0,0.0,0.0,5.0,0.0,1,True,"Consommations entre 1,5 et 3kWh/€ de VA",1,,2,Entreprises et administrations,1,Électricité,1,,0,euro/MWh,TWh
Energie,2019,5.189,15.240634584,5.189,2.724248112023177,0.0,0.0,0.0,0.0,5.189,0.0,1,True,GPL - Combustible,1,,4,,2,Pétrole,1,,0,euro/MWh,TWh
Energie,2019,5.5,1.644878023,5.5,0.0,0.0,0.0,0.0,0.0,5.5,0.0,1,True,"Consommations < 1,5kWh/€ de VA (fuite carbone)",1,Industrie,1,Entreprises et administrations,1,Électricité,1,,0,euro/MWh,TWh
Energie,2019,5.99,4.563034142,5.99,6.125742,0.0,0.0,0.0,0.0,5.99,0.0,1,True,Gaz - Carburant,1,,2,,2,,2,,0,euro/MWh,TWh
Energie,2019,6.470026324,57.641630414,1.52,0.0,0.0,4.950026324322889,0.9850900453794187,0.0,1.52,4.950026324322889,2,False,Gaz - Grande consommation et quotas ETS,1,,2,Entreprises et administrations,1,,2,,0,euro/MWh,TWh
Energie,2019,6.503619458,15.997400334000002,0.0,0.0,0.0,6.503619458198024,3.426378869181527,0.0,0.0,6.503619458198024,2,False,Kerosene - Aéronefs,1,Transports entreprises,1,Entreprises et administrations,1,Pétrole,1,,0,euro/MWh,TWh
Energie,2019,6.550026324,0.0,1.6,1.405908,0.0,4.950026324322889,2.4750131621614444,0.0,1.6,4.950026324322889,2,False,Gaz - Grande consommation et fuite carbone,1,Industrie,1,Entreprises et administrations,1,,2,,0,euro/MWh,TWh
Energie,2019,6.611865239,9.050608455999999,0.0,0.0,0.0,6.6118652390848105,0.7499634216473229,0.0,0.0,6.6118652390848105,2,False,,4,Industrie,1,Entreprises et administrations,1,Pétrole,1,,0,euro/MWh,TWh
Energie,2019,6.920631893,0.9951635569999999,0.0,0.0,0.0,6.920631892761881,0.5378695311734145,0.0,0.0,6.920631892761881,2,False,,2,Industrie,1,Entreprises et administrations,1,Pétrole,1,,0,euro/MWh,TWh
Energie,2019,7.328771722,18.33624098,0.0,0.0,0.0,7.328771722335016,0.7373915783286027,0.0,0.0,7.328771722335016,2,False,,3,,2,Entreprises et administrations,1,Pétrole,1,,0,euro/MWh,TWh
Energie,2019,7.5,31.680209713,7.5,0.0,0.0,0.0,0.0,0.0,7.5,0.0,1,True,,2,,2,Entreprises et administrations,1,Électricité,1,,0,euro/MWh,TWh
Energie,2019,8.393484321,4.886002609999999,0.0,0.0,0.0,8.393484321221461,0.7102740076670802,0.0,0.0,8.393484321221461,2,False,,2,Industrie,1,Entreprises et administrations,1,Charbon,1,,0,euro/MWh,TWh
Energie,2019,8.45,225.070527861,8.45,8.478875899280576,0.0,0.0,0.0,0.0,8.45,0.0,1,True,Gaz - Combustible,1,,4,,2,,2,,0,euro/MWh,TWh
Energie,2019,8.961331041,0.080770405,0.0,0.0,0.0,8.961331040627561,0.7047350884963668,0.0,0.0,8.961331040627561,2,False,,2,Industrie,1,Entreprises et administrations,1,Charbon,1,,0,euro/MWh,TWh
Energie,2019,9.49368734,2.356565055,0.0,0.0,0.0,9.493687340070784,0.39277111863824177,0.0,0.0,9.493687340070784,2,False,,2,Industrie,1,Entreprises et administrations,1,Charbon,1,,0,euro/MWh,TWh
Energie,2019,9.583484321,2.3477221569999998,1.19,0.0,0.0,8.393484321221461,3.836682383537802,0.0,1.19,8.393484321221461,2,False,Charbon - Grande consommation et quotas ETS,1,,2,Entreprises et administrations,1,Charbon,1,,0,euro/MWh,TWh
Energie,2019,9.891480645,2.392901062,5.189,2.7242481120231767,0.0,4.702480645081791,0.7806946915466996,0.0,5.189,4.702480645081791,2,False,GPL - Combustible,1,,2,Entreprises et administrations,1,Pétrole,1,,0,euro/MWh,TWh
Energie,2019,10.151331041,0.096522841,1.19,0.0,0.0,8.961331040627563,2.543434338707545,0.0,1.19,8.961331040627563,2,False,Charbon - Grande consommation et quotas ETS,1,,2,Entreprises et administrations,1,Charbon,1,,0,euro/MWh,TWh
Energie,2019,10.68368734,0.567223057,1.19,0.0,0.0,9.493687340070784,3.0609517760267297,0.0,1.19,9.493687340070784,2,False,Charbon - Grande consommation et quotas ETS,1,,2,Entreprises et administrations,1,Charbon,1,,0,euro/MWh,TWh
Energie,2019,12.0,1.90846273,12.0,0.0,0.0,0.0,0.0,0.0,12.0,0.0,1,True,Datacenters,1,Tertiaire,1,Entreprises et administrations,1,Électricité,1,,0,euro/MWh,TWh
Energie,2019,12.555,0.389868499,12.555,12.52368,0.0,0.0,0.0,0.0,12.555,0.0,1,True,Fioul lourd - Combustible,1,,3,Entreprises et administrations,1,Pétrole,1,,0,euro/MWh,TWh
Energie,2019,13.400026324,20.097663341,8.45,8.478875899280576,0.0,4.950026324322889,0.6249972064163012,0.0,8.45,4.950026324322889,2,False,Gaz - Combustible,1,,2,Entreprises et administrations,1,,2,,0,euro/MWh,TWh
Energie,2019,15.62,64.154599869,15.62,11.9649312,0.0,0.0,0.0,0.0,15.62,0.0,1,True,Fioul domestique combustible,1,,6,,2,Pétrole,1,,0,euro/MWh,TWh
Energie,2019,16.208,0.789061058,16.208,8.50968,0.0,0.0,0.0,0.0,16.208,0.0,1,True,GPL - Carburant,1,,2,,2,Pétrole,1,,0,euro/MWh,TWh
Energie,2019,17.894,2.471071265,17.894,11.6373888,0.0,0.0,0.0,0.0,17.894,0.0,1,True,E85 - transport routier,1,,6,,2,,2,,0,euro/MWh,TWh
Energie,2019,18.82,17.187204259,18.82,11.9649312,0.0,0.0,0.0,0.0,18.82,0.0,1,True,Gazole Non Routier,1,,4,Entreprises et administrations,1,Pétrole,1,,0,euro/MWh,TWh
Energie,2019,19.475631893,0.890952409,12.555000000000001,12.52368,0.0,6.920631892761881,0.8908688201707103,0.0,12.555000000000001,6.920631892761881,2,False,Fioul lourd - Combustible,1,,2,Entreprises et administrations,1,Pétrole,1,,0,euro/MWh,TWh
Energie,2019,22.231865239,1.036504637,15.620000000000001,11.9649312,0.0,6.611865239084812,1.3762759190638878,0.0,15.620000000000001,6.611865239084812,2,False,Fioul domestique combustible,1,,2,Entreprises et administrations,1,Pétrole,1,,0,euro/MWh,TWh
Energie,2019,25.431865239,1.012108979,18.82,11.9649312,0.0,6.611865239084812,1.0969566705077693,0.0,18.82,6.611865239084812,2,False,Gazole Non Routier,1,,2,Entreprises et administrations,1,Pétrole,1,,0,euro/MWh,TWh
Energie,2019,25.573,163.588705102,25.573,0.0,0.0,0.0,0.0,0.0,25.573,0.0,1,True,Electricité - entreprises,1,,5,Entreprises et administrations,1,Électricité,1,,0,euro/MWh,TWh
Energie,2019,30.2,1.587833712,30.2,0.0,0.0,0.0,0.0,0.0,30.2,0.0,1,True,Gazole - Taxis,1,Transports entreprises,1,Entreprises et administrations,1,,2,,0,euro/MWh,TWh
Energie,2019,31.84,160.049593,31.84,0.0,0.0,0.0,0.0,0.0,31.84,0.0,1,True,Electricité - ménages,1,,2,Ménages,1,Électricité,1,,0,euro/MWh,TWh
Energie,2019,39.19,8.705251378,39.19,0.0,0.0,0.0,0.0,0.0,39.19,0.0,1,True,Gazole - Transport public,1,Transports entreprises,1,Entreprises et administrations,1,,2,,0,euro/MWh,TWh
Energie,2019,39.79,3.609741819,39.79,11.769048,0.0,0.0,0.0,0.0,39.79,0.0,1,True,Kerosene - Carburant avions,1,Tertiaire,1,Entreprises et administrations,1,Pétrole,1,,0,euro/MWh,TWh
Energie,2019,40.388,0.16976216,40.388,0.0,0.0,0.0,0.0,0.0,40.388,0.0,1,True,Essence - Taxis,1,Transports entreprises,1,Entreprises et administrations,1,,2,,0,euro/MWh,TWh
Energie,2019,43.19,83.312040852,43.19,0.0,0.0,0.0,0.0,0.0,43.19,0.0,1,True,Gazole - Transport marchandises,1,,5,Entreprises et administrations,1,,2,,0,euro/MWh,TWh
Energie,2019,48.165723287,2.041533096,48.16572328726409,11.769048,0.0,0.0,0.0,0.0,48.16572328726409,0.0,1,True,Kerosene combustible,1,Résidentiel ménages,1,Ménages,1,Pétrole,1,,0,euro/MWh,TWh
Energie,2019,59.4,8.333898886,59.4,11.9649312,0.0,0.0,0.0,0.0,59.4,0.0,1,True,Gazole - transport routier,1,,6,,2,,2,,0,euro/MWh,TWh
Energie,2019,60.48,39.436799267,60.48,11.9649312,0.0,0.0,0.0,0.0,60.48,0.0,1,True,Gazole - transport routier,1,,6,,2,,2,,0,euro/MWh,TWh
Energie,2019,60.75,214.557063449,60.75,11.9649312,0.0,0.0,0.0,0.0,60.75,0.0,1,True,Gazole - transport routier,1,,6,,2,,2,,0,euro/MWh,TWh
Energie,2019,62.64,29.188663846,62.64,11.9649312,0.0,0.0,0.0,0.0,62.64,0.0,1,True,Gazole - transport routier,1,,6,,2,,2,,0,euro/MWh,TWh
Energie,2019,75.229,6.360435538,75.229,11.69198282478255,0.0,0.0,0.0,0.0,75.229,0.0,2,False,E10 - transport routier,1,,6,,2,,2,,0,euro/MWh,TWh
Energie,2019,75.397,33.792872902,75.397,11.691982824671335,0.0,0.0,0.0,0.0,75.397,0.0,2,False,E10 - transport routier,1,,6,,2,,2,,0,euro/MWh,TWh
Energie,2019,75.701,0.874389624,75.701,11.674457780921822,0.0,0.0,0.0,0.0,75.701,0.0,2,False,Essence - transport routier,1,,6,,2,,2,,0,euro/MWh,TWh
Energie,2019,76.545,8.02931034,76.545,11.691982824736366,0.0,0.0,0.0,0.0,76.545,0.0,2,False,E10 - transport routier,1,,6,,2,,2,,0,euro/MWh,TWh
Energie,2019,76.826,3.880693979,76.826,11.674457781940394,0.0,0.0,0.0,0.0,76.826,0.0,2,False,Essence - transport routier,1,,6,,2,,2,,0,euro/MWh,TWh
Energie,2019,77.479,7.008150612000001,77.479,11.674457781831647,0.0,0.0,0.0,0.0,77.479,0.0,2,False,Essence - transport routier,1,,6,,2,,2,,0,euro/MWh,TWh
Energie,2019,77.647,35.981161218,77.647,11.67445778172687,0.0,0.0,0.0,0.0,77.647,0.0,2,False,Essence - transport routier,1,,6,,2,,2,,0,euro/MWh,TWh
Energie,2019,78.795,6.344467033,78.79500000000002,11.67445778171399,0.0,0.0,0.0,0.0,78.79500000000002,0.0,2,False,Essence - transport routier,1,,6,,2,,2,,0,euro/MWh,TWh
Energie,2020,0.0,350.481143249,0.0,0.0,0.0,0.0,0.0,0.0,0.0,0.0,1,True,,26,,7,,2,,5,,0,euro/MWh,TWh
Energie,2020,0.119,2.688527444,0.119,0.0,0.0,0.0,0.0,0.0,0.119,0.0,1,True,Gaz - Agriculture,1,Agriculture,1,Entreprises et administrations,1,,2,,0,euro/MWh,TWh
Energie,2020,0.167,0.222227778,0.167,0.0,0.0,0.0,0.0,0.0,0.167,0.0,1,True,Fioul lourd - Agriculture,1,Agriculture,1,Entreprises et administrations,1,Pétrole,1,,0,euro/MWh,TWh
Energie,2020,0.5,12.670942892,0.5,0.0,0.0,0.0,0.0,0.0,0.5,0.0,1,True,,2,,2,Entreprises et administrations,1,Électricité,1,,0,euro/MWh,TWh
Energie,2020,0.712,3.701345016,0.712,0.0,0.0,0.0,0.0,0.0,0.712,0.0,1,True,GPL - Agriculture,1,Agriculture,1,Entreprises et administrations,1,Pétrole,1,,0,euro/MWh,TWh
Energie,2020,1.0,5.231228444,1.0,0.0,0.0,0.0,0.0,0.0,1.0,0.0,1,True,Consommations >3kWh/€ de VA (fuite carbone),1,Industrie,1,Entreprises et administrations,1,Électricité,1,,0,euro/MWh,TWh
Energie,2020,1.19,1.897243886,1.19,0.0,0.0,0.0,0.0,0.0,1.19,0.0,1,True,Charbon - Grande consommation et quotas ETS,1,,5,Entreprises et administrations,1,Charbon,1,,0,euro/MWh,TWh
Energie,2020,1.52,0.365686117,1.52,0.0,0.0,0.0,0.0,0.0,1.52,0.0,1,True,Gaz - Grande consommation et quotas ETS,1,,2,Entreprises et administrations,1,,2,,0,euro/MWh,TWh
Energie,2020,1.6,10.692929017,1.6,1.405908,0.0,0.0,0.0,0.0,1.6,0.0,1,True,Gaz - Grande consommation et fuite carbone,1,Industrie,1,Entreprises et administrations,1,,2,,0,euro/MWh,TWh
Energie,2020,2.0,10.743502002,2.0,0.0,0.0,0.0,0.0,0.0,2.0,0.0,1,True,Consommations >3kWh/€ de VA,1,Industrie,1,Entreprises et administrations,1,Électricité,1,,0,euro/MWh,TWh
Energie,2020,2.5,3.441934941,2.5,0.0,0.0,0.0,0.0,0.0,2.5,0.0,1,True,"Consommations entre 1,5 et 3kWh/€ de VA (fuite carbone)",1,Industrie,1,Entreprises et administrations,1,Électricité,1,,0,euro/MWh,TWh
Energie,2020,3.86,31.844430951,3.86,0.0,0.0,0.0,0.0,0.0,3.86,0.0,1,True,Gazole Non Routier - Agriculture,1,Agriculture,1,Entreprises et administrations,1,Pétrole,1,,0,euro/MWh,TWh
Energie,2020,4.760937169,28.590276587,0.0,0.0,0.0,4.760937168611818,0.17071037998722968,0.0,0.0,4.760937168611818,2,False,,3,,2,Entreprises et administrations,1,Pétrole,1,,0,euro/MWh,TWh
Energie,2020,5.0,13.826555536,5.0,0.0,0.0,0.0,0.0,0.0,5.0,0.0,1,True,"Consommations entre 1,5 et 3kWh/€ de VA",1,,2,Entreprises et administrations,1,Électricité,1,,0,euro/MWh,TWh
Energie,2020,5.011560087,26.570138762,0.0,0.0,0.0,5.011560087487799,0.0888630700484869,0.0,0.0,5.011560087487799,2,False,,3,Industrie,1,Entreprises et administrations,1,,2,,0,euro/MWh,TWh
Energie,2020,5.189,14.03896437,5.189,2.724248112023177,0.0,0.0,0.0,0.0,5.189,0.0,1,True,GPL - Combustible,1,,4,,2,Pétrole,1,,0,euro/MWh,TWh
Energie,2020,5.5,1.580420152,5.5,0.0,0.0,0.0,0.0,0.0,5.5,0.0,1,True,"Consommations < 1,5kWh/€ de VA (fuite carbone)",1,Industrie,1,Entreprises et administrations,1,Électricité,1,,0,euro/MWh,TWh
Energie,2020,5.99,4.500778124,5.99,5.2299999934308,0.0,0.0,0.0,0.0,5.99,0.0,1,True,Gaz - Carburant,1,,2,,2,,2,,0,euro/MWh,TWh
Energie,2020,6.531560087,53.034681941,1.5199999999999998,0.0,0.0,5.011560087487799,0.6212330256379733,0.0,1.5199999999999998,5.011560087487799,2,False,Gaz - Grande consommation et quotas ETS,1,,2,Entreprises et administrations,1,,2,,0,euro/MWh,TWh
Energie,2020,6.584465933,7.04600955,0.0,0.0,0.0,6.584465933193326,0.0,0.0,0.0,6.584465933193326,2,False,Kerosene - Aéronefs,1,Transports entreprises,1,Entreprises et administrations,1,Pétrole,1,,0,euro/MWh,TWh
Energie,2020,6.611560087,0.0,1.6,1.405908,0.0,5.011560087487799,2.5057800437438993,0.0,1.6,5.011560087487799,2,False,Gaz - Grande consommation et fuite carbone,1,Industrie,1,Entreprises et administrations,1,,2,,0,euro/MWh,TWh
Energie,2020,6.694057317,7.915572218,0.0,0.0,0.0,6.694057317074578,0.20969471572962545,0.0,0.0,6.694057317074578,2,False,,4,Industrie,1,Entreprises et administrations,1,Pétrole,1,,0,euro/MWh,TWh
Energie,2020,7.006662248,0.6491856890000001,0.0,0.0,0.0,7.006662248145695,0.11653328060253589,0.0,0.0,7.006662248145695,2,False,,2,Industrie,1,Entreprises et administrations,1,Pétrole,1,,0,euro/MWh,TWh
Energie,2020,7.419875663,22.678729403000002,0.0,0.0,0.0,7.419875662779926,0.21916980439535502,0.0,0.0,7.419875662779926,2,False,,3,,2,Entreprises et administrations,1,Pétrole,1,,0,euro/MWh,TWh
Energie,2020,7.5,30.454877756,7.5,0.0,0.0,0.0,0.0,0.0,7.5,0.0,1,True,,2,,2,Entreprises et administrations,1,Électricité,1,,0,euro/MWh,TWh
Energie,2020,8.45,208.599145903,8.45,8.478875899280576,0.0,0.0,0.0,0.0,8.45,0.0,1,True,Gaz - Combustible,1,,4,,2,,2,,0,euro/MWh,TWh
Energie,2020,8.497823701,4.188117061000001,0.0,0.0,0.0,8.497823700956186,0.1174059478459764,0.0,0.0,8.497823700956186,2,False,,2,Industrie,1,Entreprises et administrations,1,Charbon,1,,0,euro/MWh,TWh
Energie,2020,9.072729321,0.060707901,0.0,0.0,0.0,9.07272932131686,0.17498000853173998,0.0,0.0,9.07272932131686,2,False,,2,Industrie,1,Entreprises et administrations,1,Charbon,1,,0,euro/MWh,TWh
Energie,2020,9.61170334,1.5916906990000002,0.0,0.0,0.0,9.611703340404992,0.0034269361664927035,0.0,0.0,9.611703340404992,2,False,,2,Industrie,1,Entreprises et administrations,1,Charbon,1,,0,euro/MWh,TWh
Energie,2020,9.687823701,2.6288651290000002,1.19,0.0,0.0,8.497823700956188,3.529536204076981,0.0,1.19,8.497823700956188,2,False,Charbon - Grande consommation et quotas ETS,1,,2,Entreprises et administrations,1,Charbon,1,,0,euro/MWh,TWh
Energie,2020,9.949937169,2.158787242,5.189,2.7242481120231776,0.0,4.760937168611819,0.5222506509287531,0.0,5.189,4.760937168611819,2,False,GPL - Combustible,1,,2,Entreprises et administrations,1,Pétrole,1,,0,euro/MWh,TWh
Energie,2020,10.262729321,0.107268319,1.19,0.0,0.0,9.07272932131686,1.82289162043084,0.0,1.19,9.07272932131686,2,False,Charbon - Grande consommation et quotas ETS,1,,2,Entreprises et administrations,1,Charbon,1,,0,euro/MWh,TWh
Energie,2020,10.80170334,0.497625144,1.19,0.0,0.0,9.611703340404992,2.181977499864594,0.0,1.19,9.611703340404992,2,False,Charbon - Grande consommation et quotas ETS,1,,2,Entreprises et administrations,1,Charbon,1,,0,euro/MWh,TWh
Energie,2020,12.0,1.90846273,12.0,0.0,0.0,0.0,0.0,0.0,12.0,0.0,1,True,Datacenters,1,Tertiaire,1,Entreprises et administrations,1,Électricité,1,,0,euro/MWh,TWh
Energie,2020,12.555,0.431517264,12.555,12.52368,0.0,0.0,0.0,0.0,12.555,0.0,1,True,Fioul lourd - Combustible,1,,3,Entreprises et administrations,1,Pétrole,1,,0,euro/MWh,TWh
Energie,2020,13.461560087,24.671411483,8.45,8.478875899280576,0.0,5.011560087487799,0.33520553683150617,0.0,8.45,5.011560087487799,2,False,Gaz - Combustible,1,,2,Entreprises et administrations,1,,2,,0,euro/MWh,TWh
Energie,2020,15.62,63.363067759,15.62,11.9649312,0.0,0.0,0.0,0.0,15.62,0.0,1,True,Fioul domestique combustible,1,,6,,2,Pétrole,1,,0,euro/MWh,TWh
Energie,2020,16.208,0.557628908,16.208,8.50968,0.0,0.0,0.0,0.0,16.208,0.0,1,True,GPL - Carburant,1,,2,,2,Pétrole,1,,0,euro/MWh,TWh
Energie,2020,17.894,2.510833719,17.894,11.6373888,0.0,0.0,0.0,0.0,17.894,0.0,1,True,E85 - transport routier,1,,6,,2,,2,,0,euro/MWh,TWh
Energie,2020,18.82,17.523042209,18.82,11.9649312,0.0,0.0,0.0,0.0,18.82,0.0,1,True,Gazole Non Routier,1,,4,Entreprises et administrations,1,Pétrole,1,,0,euro/MWh,TWh
Energie,2020,19.561662248,0.549565831,12.555,12.523679999999999,0.0,7.006662248145695,0.6806999468994951,0.0,12.555,7.006662248145695,2,False,Fioul lourd - Combustible,1,,2,Entreprises et administrations,1,Pétrole,1,,0,euro/MWh,TWh
Energie,2020,22.314057317,0.933555177,15.619999999999997,11.964931199999999,0.0,6.694057317074577,0.8833355193696124,0.0,15.619999999999997,6.694057317074577,2,False,Fioul domestique combustible,1,,2,Entreprises et administrations,1,Pétrole,1,,0,euro/MWh,TWh
Energie,2020,25.514057317,0.867822836,18.82,11.964931199999999,0.0,6.694057317074577,0.587372467905134,0.0,18.82,6.694057317074577,2,False,Gazole Non Routier,1,,2,Entreprises et administrations,1,Pétrole,1,,0,euro/MWh,TWh
Energie,2020,25.695,145.278009942,25.695,0.0,0.0,0.0,0.0,0.0,25.695,0.0,1,True,Electricité - entreprises,1,,5,Entreprises et administrations,1,Électricité,1,,0,euro/MWh,TWh
Energie,2020,30.2,1.64301176,30.2,0.0,0.0,0.0,0.0,0.0,30.2,0.0,1,True,Gazole - Taxis,1,Transports entreprises,1,Entreprises et administrations,1,,2,,0,euro/MWh,TWh
Energie,2020,31.963,161.922813,31.963,0.0,0.0,0.0,0.0,0.0,31.963,0.0,1,True,Electricité - ménages,1,,2,Ménages,1,Électricité,1,,0,euro/MWh,TWh
Energie,2020,39.19,8.044592351,39.19,0.0,0.0,0.0,0.0,0.0,39.19,0.0,1,True,Gazole - Transport public,1,Transports entreprises,1,Entreprises et administrations,1,,2,,0,euro/MWh,TWh
Energie,2020,39.79,3.262031326,39.79,11.769048,0.0,0.0,0.0,0.0,39.79,0.0,1,True,Kerosene - Carburant avions,1,Tertiaire,1,Entreprises et administrations,1,Pétrole,1,,0,euro/MWh,TWh
Energie,2020,40.388,0.18288057,40.388,0.0,0.0,0.0,0.0,0.0,40.388,0.0,1,True,Essence - Taxis,1,Transports entreprises,1,Entreprises et administrations,1,,2,,0,euro/MWh,TWh
Energie,2020,45.19,85.235240005,45.19,0.0,0.0,0.0,0.0,0.0,45.19,0.0,1,True,Gazole - Transport marchandises,1,,5,Entreprises et administrations,1,,2,,0,euro/MWh,TWh
Energie,2020,48.165723287,1.873673682,48.16572328726409,11.769048,0.0,0.0,0.0,0.0,48.16572328726409,0.0,1,True,Kerosene combustible,1,Résidentiel ménages,1,Ménages,1,Pétrole,1,,0,euro/MWh,TWh
Energie,2020,59.4,6.866196171,59.4,11.9649312,0.0,0.0,0.0,0.0,59.4,0.0,1,True,Gazole - transport routier,1,,6,,2,,2,,0,euro/MWh,TWh
Energie,2020,60.48,31.816128201,60.48,11.9649312,0.0,0.0,0.0,0.0,60.48,0.0,1,True,Gazole - transport routier,1,,6,,2,,2,,0,euro/MWh,TWh
Energie,2020,60.75,173.167299571,60.75,11.9649312,0.0,0.0,0.0,0.0,60.75,0.0,1,True,Gazole - transport routier,1,,6,,2,,2,,0,euro/MWh,TWh
Energie,2020,62.64,23.590309465,62.64,11.9649312,0.0,0.0,0.0,0.0,62.64,0.0,1,True,Gazole - transport routier,1,,6,,2,,2,,0,euro/MWh,TWh
Energie,2020,75.229,5.5992185469999995,75.229,11.699420221165107,0.0,0.0,0.0,0.0,75.229,0.0,2,False,E10 - transport routier,1,,6,,2,,2,,0,euro/MWh,TWh
Energie,2020,75.397,29.724368439,75.397,11.69942022103076,0.0,0.0,0.0,0.0,75.397,0.0,2,False,E10 - transport routier,1,,6,,2,,2,,0,euro/MWh,TWh
Energie,2020,75.701,0.721294683,75.701,11.679512448939644,0.0,0.0,0.0,0.0,75.701,0.0,2,False,Essence - transport routier,1,,6,,2,,2,,0,euro/MWh,TWh
Energie,2020,76.545,7.125312085,76.545,11.699420220936817,0.0,0.0,0.0,0.0,76.545,0.0,2,False,E10 - transport routier,1,,6,,2,,2,,0,euro/MWh,TWh
Energie,2020,76.826,3.4618551899999996,76.82600000000001,11.679512449654627,0.0,0.0,0.0,0.0,76.82600000000001,0.0,2,False,Essence - transport routier,1,,6,,2,,2,,0,euro/MWh,TWh
Energie,2020,77.479,5.8204427569999995,77.47900000000001,11.679512449393904,0.0,0.0,0.0,0.0,77.47900000000001,0.0,2,False,Essence - transport routier,1,,6,,2,,2,,0,euro/MWh,TWh
Energie,2020,77.647,29.934837314,77.647,11.679512449514755,0.0,0.0,0.0,0.0,77.647,0.0,2,False,Essence - transport routier,1,,6,,2,,2,,0,euro/MWh,TWh
Energie,2020,78.795,5.2593713829999995,78.795,11.679512449626792,0.0,0.0,0.0,0.0,78.795,0.0,2,False,Essence - transport routier,1,,6,,2,,2,,0,euro/MWh,TWh
Energie,2021,0.0,390.545051534,0.0,0.0,0.0,0.0,0.0,0.0,0.0,0.0,1,True,,26,,7,,2,,5,,0,euro/MWh,TWh
Energie,2021,0.119,3.257795917,0.119,0.0,0.0,0.0,0.0,0.0,0.119,0.0,1,True,Gaz - Agriculture,1,Agriculture,1,Entreprises et administrations,1,,2,,0,euro/MWh,TWh
Energie,2021,0.167,0.222227778,0.167,0.0,0.0,0.0,0.0,0.0,0.167,0.0,1,True,Fioul lourd - Agriculture,1,Agriculture,1,Entreprises et administrations,1,Pétrole,1,,0,euro/MWh,TWh
Energie,2021,0.5,12.803969006,0.5,0.0,0.0,0.0,0.0,0.0,0.5,0.0,1,True,,2,,2,Entreprises et administrations,1,Électricité,1,,0,euro/MWh,TWh
Energie,2021,0.712,3.702758647,0.712,0.0,0.0,0.0,0.0,0.0,0.712,0.0,1,True,GPL - Agriculture,1,Agriculture,1,Entreprises et administrations,1,Pétrole,1,,0,euro/MWh,TWh
Energie,2021,1.0,5.42882742,1.0,0.0,0.0,0.0,0.0,0.0,1.0,0.0,1,True,Consommations >3kWh/€ de VA (fuite carbone),1,Industrie,1,Entreprises et administrations,1,Électricité,1,,0,euro/MWh,TWh
Energie,2021,1.19,2.12181271,1.19,0.0,0.0,0.0,0.0,0.0,1.19,0.0,1,True,Charbon - Grande consommation et quotas ETS,1,,5,Entreprises et administrations,1,Charbon,1,,0,euro/MWh,TWh
Energie,2021,1.52,0.286161436,1.52,0.0,0.0,0.0,0.0,0.0,1.52,0.0,1,True,Gaz - Grande consommation et quotas ETS,1,,2,Entreprises et administrations,1,,2,,0,euro/MWh,TWh
Energie,2021,1.6,6.5741384,1.6,1.405908,0.0,0.0,0.0,0.0,1.6,0.0,1,True,Gaz - Grande consommation et fuite carbone,1,Industrie,1,Entreprises et administrations,1,,2,,0,euro/MWh,TWh
Energie,2021,2.0,11.148323422,2.0,0.0,0.0,0.0,0.0,0.0,2.0,0.0,1,True,Consommations >3kWh/€ de VA,1,Industrie,1,Entreprises et administrations,1,Électricité,1,,0,euro/MWh,TWh
Energie,2021,2.5,3.572057671,2.5,0.0,0.0,0.0,0.0,0.0,2.5,0.0,1,True,"Consommations entre 1,5 et 3kWh/€ de VA (fuite carbone)",1,Industrie,1,Entreprises et administrations,1,Électricité,1,,0,euro/MWh,TWh
Energie,2021,3.86,32.23008061,3.86,0.0,0.0,0.0,0.0,0.0,3.86,0.0,1,True,Gazole Non Routier - Agriculture,1,Agriculture,1,Entreprises et administrations,1,Pétrole,1,,0,euro/MWh,TWh
Energie,2021,5.0,13.953122926,5.0,0.0,0.0,0.0,0.0,0.0,5.0,0.0,1,True,"Consommations entre 1,5 et 3kWh/€ de VA",1,,2,Entreprises et administrations,1,Électricité,1,,0,euro/MWh,TWh
Energie,2021,5.189,15.480946149,5.189,2.724248112023177,0.0,0.0,0.0,0.0,5.189,0.0,1,True,GPL - Combustible,1,,4,,2,Pétrole,1,,0,euro/MWh,TWh
Energie,2021,5.23,6.015698613,5.23,5.2299999934308,0.0,0.0,0.0,0.0,5.23,0.0,1,True,Gaz - Carburant,1,,2,,2,,2,,0,euro/MWh,TWh
Energie,2021,5.5,1.640160147,5.5,0.0,0.0,0.0,0.0,0.0,5.5,0.0,1,True,"Consommations < 1,5kWh/€ de VA (fuite carbone)",1,Industrie,1,Entreprises et administrations,1,Électricité,1,,0,euro/MWh,TWh
Energie,2021,5.956786327,137.47295825,8.43,8.478875899280576,-2.473213672915197,0.0,0.0,0.0,5.956786327084803,0.0,1,True,Gaz - Combustible,1,Résidentiel ménages,1,Ménages,1,,2,,0,euro/MWh,TWh
Energie,2021,7.5,31.593042116,7.5,0.0,0.0,0.0,0.0,0.0,7.5,0.0,1,True,,2,,2,Entreprises et administrations,1,Électricité,1,,0,euro/MWh,TWh
Energie,2021,8.43,98.321196233,8.43,8.478875899280576,0.0,0.0,0.0,0.0,8.43,0.0,1,True,Gaz - Combustible,1,,3,Entreprises et administrations,1,,2,,0,euro/MWh,TWh
Energie,2021,10.099919548,23.879716211999998,0.0,0.0,0.0,10.09991954845945,2.127920079441933,0.0,0.0,10.09991954845945,2,False,,3,,2,Entreprises et administrations,1,Pétrole,1,,0,euro/MWh,TWh
Energie,2021,10.631594559,32.698550439,0.0,0.0,0.0,10.63159455865194,1.6024718707213497,0.0,0.0,10.63159455865194,2,False,,3,Industrie,1,Entreprises et administrations,1,,2,,0,euro/MWh,TWh
Energie,2021,12.0,1.90846273,12.0,0.0,0.0,0.0,0.0,0.0,12.0,0.0,1,True,Datacenters,1,Tertiaire,1,Entreprises et administrations,1,Électricité,1,,0,euro/MWh,TWh
Energie,2021,12.151594559,53.907330563,1.52,0.0,0.0,10.63159455865194,2.4813868703463657,0.0,1.52,10.63159455865194,2,False,Gaz - Grande consommation et quotas ETS,1,,2,Entreprises et administrations,1,,2,,0,euro/MWh,TWh
Energie,2021,12.231594559,0.0,1.6,1.405908,0.0,10.63159455865194,5.31579727932597,0.0,1.6,10.63159455865194,2,False,Gaz - Grande consommation et fuite carbone,1,Industrie,1,Entreprises et administrations,1,,2,,0,euro/MWh,TWh
Energie,2021,12.555,0.517885911,12.555,12.52368,0.0,0.0,0.0,0.0,12.555,0.0,1,True,Fioul lourd - Combustible,1,,3,Entreprises et administrations,1,Pétrole,1,,0,euro/MWh,TWh
Energie,2021,13.9683793,8.572358648,0.0,0.0,0.0,13.9683793000392,2.774886473239637,0.0,0.0,13.9683793000392,2,False,Kerosene - Aéronefs,1,Transports entreprises,1,Entreprises et administrations,1,Pétrole,1,,0,euro/MWh,TWh
Energie,2021,14.200868014,5.956289712999999,0.0,0.0,0.0,14.200868014173551,2.772390433184805,0.0,0.0,14.200868014173551,2,False,,4,Industrie,1,Entreprises et administrations,1,Pétrole,1,,0,euro/MWh,TWh
Energie,2021,14.864032543,2.644802474,0.0,0.0,0.0,14.864032543015789,3.2654987295287543,0.0,0.0,14.864032543015789,2,False,,2,Industrie,1,Entreprises et administrations,1,Pétrole,1,,0,euro/MWh,TWh
Energie,2021,15.288919548,1.7309953509999998,5.189,2.7242481120231776,0.0,10.099919548459452,2.430593868080791,0.0,5.189,10.099919548459452,2,False,GPL - Combustible,1,,2,Entreprises et administrations,1,Pétrole,1,,0,euro/MWh,TWh
Energie,2021,15.62,62.318232948,15.62,11.9649312,0.0,0.0,0.0,0.0,15.62,0.0,1,True,Fioul domestique combustible,1,,6,,2,Pétrole,1,,0,euro/MWh,TWh
Energie,2021,15.740629334,17.375875395999998,0.0,0.0,0.0,15.740629334014162,3.1755422201208026,0.0,0.0,15.740629334014162,2,False,,3,,2,Entreprises et administrations,1,Pétrole,1,,0,euro/MWh,TWh
Energie,2021,16.208,0.761423081,16.208,8.50968,0.0,0.0,0.0,0.0,16.208,0.0,1,True,GPL - Carburant,1,,2,,2,Pétrole,1,,0,euro/MWh,TWh
Energie,2021,17.894,3.195355887,17.894,11.6373888,0.0,0.0,0.0,0.0,17.894,0.0,1,True,E85 - transport routier,1,,6,,2,,2,,0,euro/MWh,TWh
Energie,2021,18.027403571,4.564357483,0.0,0.0,0.0,18.0274035714012,3.320909622774165,0.0,0.0,18.0274035714012,2,False,,2,Industrie,1,Entreprises et administrations,1,Charbon,1,,0,euro/MWh,TWh
Energie,2021,18.82,17.849433709,18.82,11.9649312,0.0,0.0,0.0,0.0,18.82,0.0,1,True,Gazole Non Routier,1,,4,Entreprises et administrations,1,Pétrole,1,,0,euro/MWh,TWh
Energie,2021,19.061594559,19.281718244,8.43,8.478875899280576,0.0,10.63159455865194,1.8706206981106122,0.0,8.43,10.63159455865194,2,False,Gaz - Combustible,1,,2,Entreprises et administrations,1,,2,,0,euro/MWh,TWh
Energie,2021,19.217403571,2.908803538,1.19,0.0,0.0,18.0274035714012,9.279249684905787,0.0,1.19,18.0274035714012,2,False,Charbon - Grande consommation et quotas ETS,1,,2,Entreprises et administrations,1,Charbon,1,,0,euro/MWh,TWh
Energie,2021,19.247016498,0.045692144000000004,0.0,0.0,0.0,19.247016498007625,3.9846982112249627,0.0,0.0,19.247016498007625,2,False,,2,Industrie,1,Entreprises et administrations,1,Charbon,1,,0,euro/MWh,TWh
Energie,2021,20.390403617,2.3542234420000003,0.0,0.0,0.0,20.390403616701146,0.8183044891132684,0.0,0.0,20.390403616701146,2,False,,2,Industrie,1,Entreprises et administrations,1,Charbon,1,,0,euro/MWh,TWh
Energie,2021,20.437016498,0.083581056,1.19,0.0,0.0,19.24701649800763,6.719768421145299,0.0,1.19,19.24701649800763,2,False,Charbon - Grande consommation et quotas ETS,1,,2,Entreprises et administrations,1,Charbon,1,,0,euro/MWh,TWh
Energie,2021,21.580403617,0.47626548199999996,1.19,0.0,0.0,20.39040361670115,7.779095102764391,0.0,1.19,20.39040361670115,2,False,Charbon - Grande consommation et quotas ETS,1,,2,Entreprises et administrations,1,Charbon,1,,0,euro/MWh,TWh
Energie,2021,25.695,154.867286879,25.695,0.0,0.0,0.0,0.0,0.0,25.695,0.0,1,True,Electricité - entreprises,1,,5,Entreprises et administrations,1,Électricité,1,,0,euro/MWh,TWh
Energie,2021,27.419032543,0.657352874,12.554999999999998,12.52368,0.0,14.864032543015789,3.1514611373249792,0.0,12.554999999999998,14.864032543015789,2,False,Fioul lourd - Combustible,1,,2,Entreprises et administrations,1,Pétrole,1,,0,euro/MWh,TWh
Energie,2021,29.820868014,0.890151181,15.619999999999997,11.9649312,0.0,14.200868014173547,3.628591951181827,0.0,15.619999999999997,14.200868014173547,2,False,Fioul domestique combustible,1,,2,Entreprises et administrations,1,Pétrole,1,,0,euro/MWh,TWh
Energie,2021,30.2,1.64301176,30.2,0.0,0.0,0.0,0.0,0.0,30.2,0.0,1,True,Gazole - Taxis,1,Transports entreprises,1,Entreprises et administrations,1,,2,,0,euro/MWh,TWh
Energie,2021,31.963,170.577267475,31.963,0.0,0.0,0.0,0.0,0.0,31.963,0.0,1,True,Electricité - ménages,1,,2,Ménages,1,Électricité,1,,0,euro/MWh,TWh
Energie,2021,33.020868014,0.767703754,18.82,11.964931199999999,0.0,14.200868014173547,3.696666313539309,0.0,18.82,14.200868014173547,2,False,Gazole Non Routier,1,,2,Entreprises et administrations,1,Pétrole,1,,0,euro/MWh,TWh
Energie,2021,39.19,8.044592351,39.19,0.0,0.0,0.0,0.0,0.0,39.19,0.0,1,True,Gazole - Transport public,1,Transports entreprises,1,Entreprises et administrations,1,,2,,0,euro/MWh,TWh
Energie,2021,39.79,5.051237826,39.79,11.769048,0.0,0.0,0.0,0.0,39.79,0.0,1,True,Kerosene - Carburant avions,1,Tertiaire,1,Entreprises et administrations,1,Pétrole,1,,0,euro/MWh,TWh
Energie,2021,40.388,0.18288057,40.388,0.0,0.0,0.0,0.0,0.0,40.388,0.0,1,True,Essence - Taxis,1,Transports entreprises,1,Entreprises et administrations,1,,2,,0,euro/MWh,TWh
Energie,2021,45.19,85.259259405,45.19,0.0,0.0,0.0,0.0,0.0,45.19,0.0,1,True,Gazole - Transport marchandises,1,,5,Entreprises et administrations,1,,2,,0,euro/MWh,TWh
Energie,2021,59.4,7.294735308,59.4,11.9649312,0.0,0.0,0.0,0.0,59.4,0.0,1,True,Gazole - transport routier,1,,6,,2,,2,,0,euro/MWh,TWh
Energie,2021,59.706861644,2.047182556,59.70686164363204,11.769048,0.0,0.0,0.0,0.0,59.70686164363204,0.0,1,True,Kerosene combustible,1,Résidentiel ménages,1,Ménages,1,Pétrole,1,,0,euro/MWh,TWh
Energie,2021,60.48,35.600526229,60.48,11.9649312,0.0,0.0,0.0,0.0,60.48,0.0,1,True,Gazole - transport routier,1,,6,,2,,2,,0,euro/MWh,TWh
Energie,2021,60.75,193.688036956,60.75,11.9649312,0.0,0.0,0.0,0.0,60.75,0.0,1,True,Gazole - transport routier,1,,6,,2,,2,,0,euro/MWh,TWh
Energie,2021,62.64,26.349631583,62.64,11.9649312,0.0,0.0,0.0,0.0,62.64,0.0,1,True,Gazole - transport routier,1,,6,,2,,2,,0,euro/MWh,TWh
Energie,2021,75.229,6.960079513999999,75.22900000000001,11.693551487698592,0.0,0.0,0.0,0.0,75.22900000000001,0.0,2,False,E10 - transport routier,1,,6,,2,,2,,0,euro/MWh,TWh
Energie,2021,75.397,36.977893841,75.39700000000002,11.693551487679114,0.0,0.0,0.0,0.0,75.39700000000002,0.0,2,False,E10 - transport routier,1,,6,,2,,2,,0,euro/MWh,TWh
Energie,2021,75.701,0.8014052789999999,75.701,11.675445739161436,0.0,0.0,0.0,0.0,75.701,0.0,2,False,Essence - transport routier,1,,6,,2,,2,,0,euro/MWh,TWh
Energie,2021,76.545,8.785907507,76.545,11.693551487745836,0.0,0.0,0.0,0.0,76.545,0.0,2,False,E10 - transport routier,1,,6,,2,,2,,0,euro/MWh,TWh
Energie,2021,76.826,3.751147001,76.826,11.675445738671861,0.0,0.0,0.0,0.0,76.826,0.0,2,False,Essence - transport routier,1,,6,,2,,2,,0,euro/MWh,TWh
Energie,2021,77.479,6.421363318999999,77.479,11.675445738721898,0.0,0.0,0.0,0.0,77.479,0.0,2,False,Essence - transport routier,1,,6,,2,,2,,0,euro/MWh,TWh
Energie,2021,77.647,32.968948337,77.647,11.675445738682118,0.0,0.0,0.0,0.0,77.647,0.0,2,False,Essence - transport routier,1,,6,,2,,2,,0,euro/MWh,TWh
Energie,2021,78.795,5.8131786000000005,78.795,11.675445738768474,0.0,0.0,0.0,0.0,78.795,0.0,2,False,Essence - transport routier,1,,6,,2,,2,,0,euro/MWh,TWh
Energie,2022,-56.299025994,156.781941,3.0573,0.0,-59.35632599420363,0.0,0.0,0.0,-56.29902599420363,0.0,1,True,Electricité - ménages,1,,2,Ménages,1,Électricité,1,,0,euro/MWh,TWh
Energie,2022,-33.440750915,110.5595455,8.41,8.478875899280576,-41.85075091503519,0.0,0.0,0.0,-33.440750915035196,0.0,1,True,Gaz - Combustible,1,Résidentiel ménages,1,Ménages,1,,2,,0,euro/MWh,TWh
Energie,2022,-8.64,32.847648982,3.86,0.0,-12.5,0.0,0.0,0.0,-8.64,0.0,1,True,Gazole Non Routier - Agriculture,1,Agriculture,1,Entreprises et administrations,1,Pétrole,1,,0,euro/MWh,TWh
Energie,2022,-7.27,6.153821605,5.23,5.2299999934308,-12.5,0.0,0.0,0.0,-7.27,0.0,1,True,Gaz - Carburant,1,,2,,2,,2,,0,euro/MWh,TWh
Energie,2022,-5.819391666,3.519647457,0.5,0.0,-6.319391666394905,0.0,0.0,0.0,-5.819391666394905,0.0,1,True,Installations hyper-électro-intensives,1,Industrie,1,Entreprises et administrations,1,Électricité,1,,0,euro/MWh,TWh
Energie,2022,-5.777691666,5.216281811,0.5417,0.0,-6.319391666394905,0.0,0.0,0.0,-5.777691666394905,0.0,1,True,Consommations >3kWh/€ de VA (fuite carbone),1,Industrie,1,Entreprises et administrations,1,Électricité,1,,0,euro/MWh,TWh
Energie,2022,-5.694391666,10.713996894,0.625,0.0,-6.319391666394905,0.0,0.0,0.0,-5.694391666394905,0.0,1,True,Consommations >3kWh/€ de VA,1,Industrie,1,Entreprises et administrations,1,Électricité,1,,0,euro/MWh,TWh
Energie,2022,-5.652691666,3.431942599,0.6667,0.0,-6.319391666394905,0.0,0.0,0.0,-5.652691666394905,0.0,1,True,"Consommations entre 1,5 et 3kWh/€ de VA (fuite carbone)",1,Industrie,1,Entreprises et administrations,1,Électricité,1,,0,euro/MWh,TWh
Energie,2022,-5.444391666,13.492536536,0.875,0.0,-6.319391666394905,0.0,0.0,0.0,-5.444391666394905,0.0,1,True,"Consommations entre 1,5 et 3kWh/€ de VA",1,,2,Entreprises et administrations,1,Électricité,1,,0,euro/MWh,TWh
Energie,2022,-5.402691666,1.575950573,0.9167,0.0,-6.319391666394905,0.0,0.0,0.0,-5.402691666394905,0.0,1,True,"Consommations < 1,5kWh/€ de VA (fuite carbone)",1,Industrie,1,Entreprises et administrations,1,Électricité,1,,0,euro/MWh,TWh
Energie,2022,-5.236091666,30.123840572,1.0833,0.0,-6.319391666394905,0.0,0.0,0.0,-5.2360916663949055,0.0,1,True,"Consommations < 1,5kWh/€ de VA",1,Industrie,1,Entreprises et administrations,1,Électricité,1,,0,euro/MWh,TWh
Energie,2022,-4.039536475,153.835761424,2.4219,0.0,-6.461436474860463,0.0,0.0,0.0,-4.039536474860463,0.0,1,True,Electricité - entreprises,1,,5,Entreprises et administrations,1,Électricité,1,,0,euro/MWh,TWh
Energie,2022,-2.792,0.97538259,16.208,8.50968,-19.0,0.0,0.0,0.0,-2.7920000000000016,0.0,1,True,GPL - Carburant,1,,2,,2,Pétrole,1,,0,euro/MWh,TWh
Energie,2022,0.0,387.514262875,0.0,0.0,0.0,0.0,0.0,0.0,0.0,0.0,1,True,,26,,7,,2,,5,,0,euro/MWh,TWh
Energie,2022,0.167,0.222227778,0.167,0.0,0.0,0.0,0.0,0.0,0.167,0.0,1,True,Fioul lourd - Agriculture,1,Agriculture,1,Entreprises et administrations,1,Pétrole,1,,0,euro/MWh,TWh
Energie,2022,0.227774575,0.015326818,1.52,0.0,-1.292225424850205,0.0,0.0,0.0,0.22777457514979504,0.0,1,True,Gaz - Grande consommation et quotas ETS,1,,2,Entreprises et administrations,1,,2,,0,euro/MWh,TWh
Energie,2022,0.307774575,5.727165045,1.6,1.405908,-1.292225424850205,0.0,0.0,0.0,0.3077745751497951,0.0,1,True,Gaz - Grande consommation et fuite carbone,1,Industrie,1,Entreprises et administrations,1,,2,,0,euro/MWh,TWh
Energie,2022,0.5,9.141559633,0.5,0.0,0.0,0.0,0.0,0.0,0.5,0.0,1,True,"Transport de personnes et de marchandises par train, métro, tramway, câble et trolleybus",1,Transports entreprises,1,Entreprises et administrations,1,Électricité,1,,0,euro/MWh,TWh
Energie,2022,0.54,2.747495833,0.54,0.0,0.0,0.0,0.0,0.0,0.54,0.0,1,True,Gaz - Agriculture,1,Agriculture,1,Entreprises et administrations,1,,2,,0,euro/MWh,TWh
Energie,2022,0.712,4.416935028,0.712,0.0,0.0,0.0,0.0,0.0,0.712,0.0,1,True,GPL - Agriculture,1,Agriculture,1,Entreprises et administrations,1,Pétrole,1,,0,euro/MWh,TWh
Energie,2022,1.0833,0.248120494,1.0833,0.0,0.0,0.0,0.0,0.0,1.0833,0.0,1,True,Aéroports,1,Transports entreprises,1,Entreprises et administrations,1,Électricité,1,,0,euro/MWh,TWh
Energie,2022,1.19,1.16516001,1.19,0.0,0.0,0.0,0.0,0.0,1.19,0.0,1,True,Charbon - Grande consommation et quotas ETS,1,,5,Entreprises et administrations,1,Charbon,1,,0,euro/MWh,TWh
Energie,2022,1.4583,1.90846273,1.4583,0.0,0.0,0.0,0.0,0.0,1.4583,0.0,1,True,Datacenters,1,Tertiaire,1,Entreprises et administrations,1,Électricité,1,,0,euro/MWh,TWh
Energie,2022,3.894,5.927895777,17.894,11.6373888,-14.0,0.0,0.0,0.0,3.8939999999999984,0.0,1,True,E85 - transport routier,1,,6,,2,,2,,0,euro/MWh,TWh
Energie,2022,5.189,12.364119842,5.189,2.724248112023177,0.0,0.0,0.0,0.0,5.189,0.0,1,True,GPL - Combustible,1,,4,,2,Pétrole,1,,0,euro/MWh,TWh
Energie,2022,6.32,18.208619521,18.82,11.9649312,-12.5,0.0,0.0,0.0,6.32,0.0,1,True,Gazole Non Routier,1,,4,Entreprises et administrations,1,Pétrole,1,,0,euro/MWh,TWh
Energie,2022,8.41,86.143147681,8.41,8.478875899280576,0.0,0.0,0.0,0.0,8.41,0.0,1,True,Gaz - Combustible,1,,3,Entreprises et administrations,1,,2,,0,euro/MWh,TWh
Energie,2022,12.555,0.259342622,12.555,12.52368,0.0,0.0,0.0,0.0,12.555,0.0,1,True,Fioul lourd - Combustible,1,,3,Entreprises et administrations,1,Pétrole,1,,0,euro/MWh,TWh
Energie,2022,15.4548,27.953117402,0.0,0.0,0.0,15.4548,3.129494156649727,0.0,0.0,15.4548,2,False,,3,,2,Entreprises et administrations,1,Pétrole,1,,0,euro/MWh,TWh
Energie,2022,15.62,50.632264008,15.62,11.9649312,0.0,0.0,0.0,0.0,15.62,0.0,1,True,Fioul domestique combustible,1,,6,,2,Pétrole,1,,0,euro/MWh,TWh
Energie,2022,16.268364,27.646710095,0.0,0.0,0.0,16.268364,1.3836297779576747,0.0,0.0,16.268364,2,False,,3,Industrie,1,Entreprises et administrations,1,,2,,0,euro/MWh,TWh
Energie,2022,16.496138575,48.28251722,1.52,0.0,-1.292225424850205,16.268364,3.2948670788941863,0.0,0.22777457514979504,16.268364,2,False,Gaz - Grande consommation et quotas ETS,1,,2,Entreprises et administrations,1,,2,,0,euro/MWh,TWh
Energie,2022,16.576138575,0.0,1.6,1.405908,-1.292225424850205,16.268364,8.134182,0.0,0.3077745751497951,16.268364,2,False,Gaz - Grande consommation et fuite carbone,1,Industrie,1,Entreprises et administrations,1,,2,,0,euro/MWh,TWh
Energie,2022,17.7,1.64301176,30.2,0.0,-12.5,0.0,0.0,0.0,17.7,0.0,1,True,Gazole - Taxis,1,Transports entreprises,1,Entreprises et administrations,1,,2,,0,euro/MWh,TWh
Energie,2022,20.6438,1.7999984640000002,5.188999999999999,2.7242481120231767,0.0,15.454799999999999,3.6052562425113264,0.0,5.188999999999999,15.454799999999999,2,False,GPL - Combustible,1,,2,Entreprises et administrations,1,Pétrole,1,,0,euro/MWh,TWh
Energie,2022,21.37428,12.249734728,0.0,0.0,0.0,21.37428,9.642871999230735,0.0,0.0,21.37428,2,False,Kerosene - Aéronefs,1,Transports entreprises,1,Entreprises et administrations,1,Pétrole,1,,0,euro/MWh,TWh
Energie,2022,21.730032,5.397174681,0.0,0.0,0.0,21.730032000000005,0.8225266125372696,0.0,0.0,21.730032000000005,2,False,,4,Industrie,1,Entreprises et administrations,1,Pétrole,1,,0,euro/MWh,TWh
Energie,2022,22.7448,0.9149607209999999,0.0,0.0,0.0,22.7448,1.9436670161109575,0.0,0.0,22.7448,2,False,,2,Industrie,1,Entreprises et administrations,1,Pétrole,1,,0,euro/MWh,TWh
Energie,2022,24.08616,16.640384828000002,0.0,0.0,0.0,24.08616,4.730188650605295,0.0,0.0,24.08616,2,False,,3,,2,Entreprises et administrations,1,Pétrole,1,,0,euro/MWh,TWh
Energie,2022,24.678364,21.817057566000003,8.41,8.478875899280576,0.0,16.268364,2.2945848922694263,0.0,8.41,16.268364,2,False,Gaz - Combustible,1,,2,Entreprises et administrations,1,,2,,0,euro/MWh,TWh
Energie,2022,26.388,0.18288057,40.388,0.0,-14.0,0.0,0.0,0.0,26.387999999999998,0.0,1,True,Essence - Taxis,1,Transports entreprises,1,Entreprises et administrations,1,,2,,0,euro/MWh,TWh
Energie,2022,26.69,8.044592351,39.19,0.0,-12.5,0.0,0.0,0.0,26.689999999999998,0.0,1,True,Gazole - Transport public,1,Transports entreprises,1,Entreprises et administrations,1,,2,,0,euro/MWh,TWh
Energie,2022,27.58536,3.903183051,0.0,0.0,0.0,27.585360000000005,2.025591978155226,0.0,0.0,27.585360000000005,2,False,,2,Industrie,1,Entreprises et administrations,1,Charbon,1,,0,euro/MWh,TWh
Energie,2022,28.050032,0.970219386,18.82,11.964931199999999,-12.5,21.730032,8.196116806113094,0.0,6.32,21.730032,2,False,Gazole Non Routier,1,,2,Entreprises et administrations,1,Pétrole,1,,0,euro/MWh,TWh
Energie,2022,28.77536,1.872810245,1.19,0.0,0.0,27.58536,14.064536440896457,0.0,1.19,27.58536,2,False,Charbon - Grande consommation et quotas ETS,1,,2,Entreprises et administrations,1,Charbon,1,,0,euro/MWh,TWh
Energie,2022,29.4516,0.044050663,0.0,0.0,0.0,29.4516,3.61893874982086,0.0,0.0,29.4516,2,False,,2,Industrie,1,Entreprises et administrations,1,Charbon,1,,0,euro/MWh,TWh
Energie,2022,30.6416,0.030833074,1.19,0.0,0.0,29.451600000000003,11.624927348820297,0.0,1.19,29.451600000000003,2,False,Charbon - Grande consommation et quotas ETS,1,,2,Entreprises et administrations,1,Charbon,1,,0,euro/MWh,TWh
Energie,2022,31.2012,1.99779272,0.0,0.0,0.0,31.2012,0.9995400503241396,0.0,0.0,31.2012,2,False,,2,Industrie,1,Entreprises et administrations,1,Charbon,1,,0,euro/MWh,TWh
Energie,2022,32.3912,0.439924481,1.19,0.0,0.0,31.2012,12.746758706204394,0.0,1.19,31.2012,2,False,Charbon - Grande consommation et quotas ETS,1,,2,Entreprises et administrations,1,Charbon,1,,0,euro/MWh,TWh
Energie,2022,32.69,85.221909775,45.19,0.0,-12.5,0.0,0.0,0.0,32.69,0.0,1,True,Gazole - Transport marchandises,1,,5,Entreprises et administrations,1,,2,,0,euro/MWh,TWh
Energie,2022,35.2998,0.535631528,12.555,12.523679999999999,0.0,22.744799999999998,3.763792550293642,0.0,12.555,22.744799999999998,2,False,Fioul lourd - Combustible,1,,2,Entreprises et administrations,1,Pétrole,1,,0,euro/MWh,TWh
Energie,2022,37.350032,0.73949703,15.62,11.9649312,0.0,21.730032,6.530739280366084,0.0,15.62,21.730032,2,False,Fioul domestique combustible,1,,2,Entreprises et administrations,1,Pétrole,1,,0,euro/MWh,TWh
Energie,2022,39.79,5.041837985,39.79,11.769048,0.0,0.0,0.0,0.0,39.79,0.0,1,True,Kerosene - Carburant avions,1,Tertiaire,1,Entreprises et administrations,1,Pétrole,1,,0,euro/MWh,TWh
Energie,2022,46.9,7.383030345,59.4,11.9649312,-12.5,0.0,0.0,0.0,46.9,0.0,1,True,Gazole - transport routier,1,,6,,2,,2,,0,euro/MWh,TWh
Energie,2022,47.98,35.781156786,60.48,11.9649312,-12.5,0.0,0.0,0.0,47.98,0.0,1,True,Gazole - transport routier,1,,6,,2,,2,,0,euro/MWh,TWh
Energie,2022,48.25,194.67077462,60.75,11.9649312,-12.5,0.0,0.0,0.0,48.25,0.0,1,True,Gazole - transport routier,1,,6,,2,,2,,0,euro/MWh,TWh
Energie,2022,50.14,26.483324793,62.64,11.9649312,-12.5,0.0,0.0,0.0,50.14,0.0,1,True,Gazole - transport routier,1,,6,,2,,2,,0,euro/MWh,TWh
Energie,2022,57.248,2.058003719,71.248,11.769048,-14.0,0.0,0.0,0.0,57.248000000000005,0.0,1,True,Kerosene combustible,1,Résidentiel ménages,1,Ménages,1,Pétrole,1,,0,euro/MWh,TWh
Energie,2022,61.229,8.627137463,75.229,11.68535314963592,-14.0,0.0,0.0,0.0,61.229,0.0,2,False,E10 - transport routier,1,,6,,2,,2,,0,euro/MWh,TWh
Energie,2022,61.397,45.834731152,75.39699999999999,11.685353149628465,-14.0,0.0,0.0,0.0,61.39699999999999,0.0,2,False,E10 - transport routier,1,,6,,2,,2,,0,euro/MWh,TWh
Energie,2022,61.701,0.763984897,75.70099999999998,11.66980117720628,-13.999999999999998,0.0,0.0,0.0,61.70099999999998,0.0,2,False,Essence - transport routier,1,,6,,2,,2,,0,euro/MWh,TWh
Energie,2022,62.545,10.890282454000001,76.54499999999999,11.685353149575063,-13.999999999999998,0.0,0.0,0.0,62.54499999999999,0.0,2,False,E10 - transport routier,1,,6,,2,,2,,0,euro/MWh,TWh
Energie,2022,62.826,4.208945648,76.826,11.669801176531559,-13.999999999999998,0.0,0.0,0.0,62.82599999999999,0.0,2,False,Essence - transport routier,1,,6,,2,,2,,0,euro/MWh,TWh
Energie,2022,63.479,6.121527663999999,77.479,11.669801176350044,-14.0,0.0,0.0,0.0,63.479,0.0,2,False,Essence - transport routier,1,,6,,2,,2,,0,euro/MWh,TWh
Energie,2022,63.647,31.42951415,77.647,11.669801176452335,-14.0,0.0,0.0,0.0,63.647000000000006,0.0,2,False,Essence - transport routier,1,,6,,2,,2,,0,euro/MWh,TWh
Energie,2022,64.795,5.541741192,78.795,11.669801176412244,-13.999999999999998,0.0,0.0,0.0,64.795,0.0,2,False,Essence - transport routier,1,,6,,2,,2,,0,euro/MWh,TWh
Energie,2023,-90.412887343,152.801212237,1.0,0.0,-91.41288734255728,0.0,0.0,0.0,-90.41288734255728,0.0,1,True,Electricité - ménages,1,,2,Ménages,1,Électricité,1,,0,euro/MWh,TWh
Energie,2023,-28.469426058,148.466869569,0.5,0.0,-28.96942605768653,0.0,0.0,0.0,-28.46942605768653,0.0,1,True,Electricité - entreprises,1,,5,Entreprises et administrations,1,Électricité,1,,0,euro/MWh,TWh
Energie,2023,-25.949953965,66.77505698,0.5,0.0,-26.44995396456408,0.0,0.0,0.0,-25.94995396456408,0.0,1,True,,7,,2,Entreprises et administrations,1,Électricité,1,,0,euro/MWh,TWh
Energie,2023,-10.936082584,103.59429425,8.37,8.478875899280576,-19.30608258379057,0.0,0.0,0.0,-10.93608258379057,0.0,1,True,Gaz - Combustible,1,Résidentiel ménages,1,Ménages,1,,2,,0,euro/MWh,TWh
Energie,2023,-1.017724672,0.009885615,1.52,0.0,-2.537724671738437,0.0,0.0,0.0,-1.0177246717384372,0.0,1,True,Gaz - Grande consommation et quotas ETS,1,,2,Entreprises et administrations,1,,2,,0,euro/MWh,TWh
Energie,2023,-0.937724672,5.526985377,1.6,1.405908,-2.537724671738437,0.0,0.0,0.0,-0.9377246717384371,0.0,1,True,Gaz - Grande consommation et fuite carbone,1,Industrie,1,Entreprises et administrations,1,,2,,0,euro/MWh,TWh
Energie,2023,0.0,405.673959433,0.0,0.0,0.0,0.0,0.0,0.0,0.0,0.0,1,True,,26,,7,,2,,5,,0,euro/MWh,TWh
Energie,2023,0.167,0.212379334,0.167,0.0,0.0,0.0,0.0,0.0,0.167,0.0,1,True,Fioul lourd - Agriculture,1,Agriculture,1,Entreprises et administrations,1,Pétrole,1,,0,euro/MWh,TWh
Energie,2023,0.5,11.298142857,0.5,0.0,0.0,0.0,0.0,0.0,0.5,0.0,1,True,,3,,2,Entreprises et administrations,1,Électricité,1,,0,euro/MWh,TWh
Energie,2023,0.54,2.747495833,0.54,0.0,0.0,0.0,0.0,0.0,0.54,0.0,1,True,Gaz - Agriculture,1,Agriculture,1,Entreprises et administrations,1,,2,,0,euro/MWh,TWh
Energie,2023,0.712,4.221190218,0.712,0.0,0.0,0.0,0.0,0.0,0.712,0.0,1,True,GPL - Agriculture,1,Agriculture,1,Entreprises et administrations,1,Pétrole,1,,0,euro/MWh,TWh
Energie,2023,1.19,1.045279524,1.19,0.0,0.0,0.0,0.0,0.0,1.19,0.0,1,True,Charbon - Grande consommation et quotas ETS,1,,5,Entreprises et administrations,1,Charbon,1,,0,euro/MWh,TWh
Energie,2023,3.86,30.704063599,3.86,0.0,0.0,0.0,0.0,0.0,3.86,0.0,1,True,Gazole Non Routier - Agriculture,1,Agriculture,1,Entreprises et administrations,1,Pétrole,1,,0,euro/MWh,TWh
Energie,2023,5.189,11.283213091,5.189,2.724248112023177,0.0,0.0,0.0,0.0,5.189,0.0,1,True,GPL - Combustible,1,,4,,2,Pétrole,1,,0,euro/MWh,TWh
Energie,2023,5.23,6.153821605,5.23,5.2299999934308,0.0,0.0,0.0,0.0,5.23,0.0,1,True,Gaz - Carburant,1,,2,,2,,2,,0,euro/MWh,TWh
Energie,2023,8.37,83.973967782,8.37,8.478875899280576,0.0,0.0,0.0,0.0,8.37,0.0,1,True,Gaz - Combustible,1,,3,Entreprises et administrations,1,,2,,0,euro/MWh,TWh
Energie,2023,12.555,0.269189951,12.555,12.52368,0.0,0.0,0.0,0.0,12.555,0.0,1,True,Fioul lourd - Combustible,1,,3,Entreprises et administrations,1,Pétrole,1,,0,euro/MWh,TWh
Energie,2023,15.62,43.412450039,15.62,11.9649312,0.0,0.0,0.0,0.0,15.62,0.0,1,True,Fioul domestique combustible,1,,6,,2,Pétrole,1,,0,euro/MWh,TWh
Energie,2023,16.208,0.941339409,16.208,8.50968,0.0,0.0,0.0,0.0,16.208,0.0,1,True,GPL - Carburant,1,,2,,2,Pétrole,1,,0,euro/MWh,TWh
Energie,2023,16.610353208,47.188634809,1.5200000000000002,0.0,-2.537724671738437,17.62807788,2.6661453651505,0.0,-1.017724671738437,17.62807788,2,False,Gaz - Grande consommation et quotas ETS,1,,2,Entreprises et administrations,1,,2,,0,euro/MWh,TWh
Energie,2023,16.690353208,0.0,1.6,1.405908,-2.537724671738437,17.62807788,8.81403894,0.0,-0.9377246717384371,17.62807788,2,False,Gaz - Grande consommation et fuite carbone,1,Industrie,1,Entreprises et administrations,1,,2,,0,euro/MWh,TWh
Energie,2023,16.746516,28.095664902,0.0,0.0,0.0,16.746516,3.735507947114605,0.0,0.0,16.746516,2,False,,3,,2,Entreprises et administrations,1,Pétrole,1,,0,euro/MWh,TWh
Energie,2023,17.62807788,20.932139981,0.0,0.0,0.0,17.62807788,0.2727822196822357,0.0,0.0,17.62807788,2,False,,3,Industrie,1,Entreprises et administrations,1,,2,,0,euro/MWh,TWh
Energie,2023,17.894,6.017647698,17.894,11.6373888,0.0,0.0,0.0,0.0,17.894,0.0,1,True,E85 - transport routier,1,,6,,2,,2,,0,euro/MWh,TWh
Energie,2023,18.82,17.53915466,18.82,11.9649312,0.0,0.0,0.0,0.0,18.82,0.0,1,True,Gazole Non Routier,1,,4,Entreprises et administrations,1,Pétrole,1,,0,euro/MWh,TWh
Energie,2023,21.935516,1.664187478,5.189,2.7242481120231767,0.0,16.746516,2.6720272403026506,0.0,5.189,16.746516,2,False,GPL - Combustible,1,,2,Entreprises et administrations,1,Pétrole,1,,0,euro/MWh,TWh
Energie,2023,23.1607476,9.096964529000001,0.0,0.0,0.0,23.1607476,6.456856052404319,0.0,0.0,23.1607476,2,False,Kerosene - Aéronefs,1,Transports entreprises,1,Entreprises et administrations,1,Pétrole,1,,0,euro/MWh,TWh
Energie,2023,23.54623344,4.668812388,0.0,0.0,0.0,23.546233439999988,0.04779824794230033,0.0,0.0,23.546233439999988,2,False,,4,Industrie,1,Entreprises et administrations,1,Pétrole,1,,0,euro/MWh,TWh
Energie,2023,24.645816,0.841400127,0.0,0.0,0.0,24.645816,0.26351909408268487,0.0,0.0,24.645816,2,False,,2,Industrie,1,Entreprises et administrations,1,Pétrole,1,,0,euro/MWh,TWh
Energie,2023,25.99807788,17.712239087,8.369999999999997,8.478875899280574,0.0,17.628077879999996,1.5860919285625243,0.0,8.369999999999997,17.628077879999996,2,False,Gaz - Combustible,1,,2,Entreprises et administrations,1,,2,,0,euro/MWh,TWh
Energie,2023,26.0992872,16.442290666,0.0,0.0,0.0,26.099287199999996,4.94182937368235,0.0,0.0,26.099287199999996,2,False,,3,,2,Entreprises et administrations,1,Pétrole,1,,0,euro/MWh,TWh
Energie,2023,29.8909512,3.404925245,0.0,0.0,0.0,29.890951200000003,0.25659946958751184,0.0,0.0,29.890951200000003,2,False,,2,Industrie,1,Entreprises et administrations,1,Charbon,1,,0,euro/MWh,TWh
Energie,2023,30.2,1.64301176,30.2,0.0,0.0,0.0,0.0,0.0,30.2,0.0,1,True,Gazole - Taxis,1,Transports entreprises,1,Entreprises et administrations,1,,2,,0,euro/MWh,TWh
Energie,2023,31.0809512,1.277208537,1.19,0.0,0.0,29.890951200000003,11.811828675143554,0.0,1.19,29.890951200000003,2,False,Charbon - Grande consommation et quotas ETS,1,,2,Entreprises et administrations,1,Charbon,1,,0,euro/MWh,TWh
Energie,2023,31.913172,0.038430753000000005,0.0,0.0,0.0,31.913171999999996,0.5601395160847354,0.0,0.0,31.913171999999996,2,False,,2,Industrie,1,Entreprises et administrations,1,Charbon,1,,0,euro/MWh,TWh
Energie,2023,33.103172,0.026763936000000002,1.1899999999999997,0.0,0.0,31.913171999999996,8.464162785652155,0.0,1.1899999999999997,31.913171999999996,2,False,Charbon - Grande consommation et quotas ETS,1,,2,Entreprises et administrations,1,Charbon,1,,0,euro/MWh,TWh
Energie,2023,33.809004,1.7399086700000002,0.0,0.0,0.0,33.80900399999999,0.13366389873551002,0.0,0.0,33.80900399999999,2,False,,2,Industrie,1,Entreprises et administrations,1,Charbon,1,,0,euro/MWh,TWh
Energie,2023,34.999004,0.346734575,1.19,0.0,0.0,33.80900399999999,11.428859117661466,0.0,1.19,33.80900399999999,2,False,Charbon - Grande consommation et quotas ETS,1,,2,Entreprises et administrations,1,Charbon,1,,0,euro/MWh,TWh
Energie,2023,37.200816,0.528575231,12.555,12.52368,0.0,24.645816,4.694856524004394,0.0,12.555,24.645816,2,False,Fioul lourd - Combustible,1,,2,Entreprises et administrations,1,Pétrole,1,,0,euro/MWh,TWh
Energie,2023,39.16623344,0.64855993,15.619999999999997,11.964931199999999,0.0,23.546233439999988,5.169422537832125,0.0,15.619999999999997,23.546233439999988,2,False,Fioul domestique combustible,1,,2,Entreprises et administrations,1,Pétrole,1,,0,euro/MWh,TWh
Energie,2023,39.19,8.044592351,39.19,0.0,0.0,0.0,0.0,0.0,39.19,0.0,1,True,Gazole - Transport public,1,Transports entreprises,1,Entreprises et administrations,1,,2,,0,euro/MWh,TWh
Energie,2023,39.79,5.434147928,39.79,11.769048,0.0,0.0,0.0,0.0,39.79,0.0,1,True,Kerosene - Carburant avions,1,Tertiaire,1,Entreprises et administrations,1,Pétrole,1,,0,euro/MWh,TWh
Energie,2023,40.388,0.18288057,40.388,0.0,0.0,0.0,0.0,0.0,40.388,0.0,1,True,Essence - Taxis,1,Transports entreprises,1,Entreprises et administrations,1,,2,,0,euro/MWh,TWh
Energie,2023,42.36623344,0.975384825,18.82,11.9649312,0.0,23.54623343999999,8.725011878128829,0.0,18.82,23.54623343999999,2,False,Gazole Non Routier,1,,2,Entreprises et administrations,1,Pétrole,1,,0,euro/MWh,TWh
Energie,2023,45.19,85.221909775,45.19,0.0,0.0,0.0,0.0,0.0,45.19,0.0,1,True,Gazole - Transport marchandises,1,,5,Entreprises et administrations,1,,2,,0,euro/MWh,TWh
Energie,2023,59.4,7.014480405,59.4,11.9649312,0.0,0.0,0.0,0.0,59.4,0.0,1,True,Gazole - transport routier,1,,6,,2,,2,,0,euro/MWh,TWh
Energie,2023,60.48,33.249145168,60.48,11.9649312,0.0,0.0,0.0,0.0,60.48,0.0,1,True,Gazole - transport routier,1,,6,,2,,2,,0,euro/MWh,TWh
Energie,2023,60.75,180.895125441,60.75,11.9649312,0.0,0.0,0.0,0.0,60.75,0.0,1,True,Gazole - transport routier,1,,6,,2,,2,,0,euro/MWh,TWh
Energie,2023,62.64,24.609263357,62.64,11.9649312,0.0,0.0,0.0,0.0,62.64,0.0,1,True,Gazole - transport routier,1,,6,,2,,2,,0,euro/MWh,TWh
Energie,2023,75.229,9.390475525000001,75.229,11.681152411188148,0.0,0.0,0.0,0.0,75.229,0.0,2,False,E10 - transport routier,1,,6,,2,,2,,0,euro/MWh,TWh
Energie,2023,75.397,49.890235659,75.397,11.681152411181632,0.0,0.0,0.0,0.0,75.397,0.0,2,False,E10 - transport routier,1,,6,,2,,2,,0,euro/MWh,TWh
Energie,2023,75.701,2.7046503239999997,75.70100000000001,11.740463357374965,0.0,0.0,0.0,0.0,75.70100000000001,0.0,3,False,,2,,7,,2,,2,,0,euro/MWh,TWh
Energie,2023,76.545,11.853865931,76.545,11.68115241115979,0.0,0.0,0.0,0.0,76.545,0.0,2,False,E10 - transport routier,1,,6,,2,,2,,0,euro/MWh,TWh
Energie,2023,76.826,4.512236115,76.82599999999998,11.666879921642568,0.0,0.0,0.0,0.0,76.82599999999998,0.0,2,False,Essence - transport routier,1,,6,,2,,2,,0,euro/MWh,TWh
Energie,2023,77.479,6.063225377,77.479,11.666879921647556,0.0,0.0,0.0,0.0,77.479,0.0,2,False,Essence - transport routier,1,,6,,2,,2,,0,euro/MWh,TWh
Energie,2023,77.647,31.130175062000003,77.647,11.666879921690374,0.0,0.0,0.0,0.0,77.647,0.0,2,False,Essence - transport routier,1,,6,,2,,2,,0,euro/MWh,TWh
Energie,2023,78.795,5.488960872000001,78.79499999999999,11.666879921561174,0.0,0.0,0.0,0.0,78.79499999999999,0.0,2,False,Essence - transport routier,1,,6,,2,,2,,0,euro/MWh,TWh
Energie,2024*,-0.997565177,66.77505698,0.5,0.0,-1.497565176622049,0.0,0.0,0.0,-0.997565176622049,0.0,1,True,,7,,2,Entreprises et administrations,1,Électricité,1,,0,euro/MWh,TWh
Energie,2024*,0.0,405.67382986,0.0,0.0,0.0,0.0,0.0,0.0,0.0,0.0,1,True,,26,,7,,2,,5,,0,euro/MWh,TWh
Energie,2024*,0.167,0.212379334,0.167,0.0,0.0,0.0,0.0,0.0,0.167,0.0,1,True,Fioul lourd - Agriculture,1,Agriculture,1,Entreprises et administrations,1,Pétrole,1,,0,euro/MWh,TWh
Energie,2024*,0.5,11.298142857,0.5,0.0,0.0,0.0,0.0,0.0,0.5,0.0,1,True,,3,,2,Entreprises et administrations,1,Électricité,1,,0,euro/MWh,TWh
Energie,2024*,0.54,2.747495833,0.54,0.0,0.0,0.0,0.0,0.0,0.54,0.0,1,True,Gaz - Agriculture,1,Agriculture,1,Entreprises et administrations,1,,2,,0,euro/MWh,TWh
Energie,2024*,0.712,4.221190218,0.712,0.0,0.0,0.0,0.0,0.0,0.712,0.0,1,True,GPL - Agriculture,1,Agriculture,1,Entreprises et administrations,1,Pétrole,1,,0,euro/MWh,TWh
Energie,2024*,1.52,0.009885615,1.52,0.0,0.0,0.0,0.0,0.0,1.52,0.0,1,True,Gaz - Grande consommation et quotas ETS,1,,2,Entreprises et administrations,1,,2,,0,euro/MWh,TWh
Energie,2024*,1.6,5.526985377,1.6,1.405908,0.0,0.0,0.0,0.0,1.6,0.0,1,True,Gaz - Grande consommation et fuite carbone,1,Industrie,1,Entreprises et administrations,1,,2,,0,euro/MWh,TWh
Energie,2024*,2.79,1.045279524,2.79,0.0,0.0,0.0,0.0,0.0,2.79,0.0,1,True,Charbon - Grande consommation et quotas ETS,1,,5,Entreprises et administrations,1,Charbon,1,,0,euro/MWh,TWh
Energie,2024*,3.86,30.704063599,3.86,0.0,0.0,0.0,0.0,0.0,3.86,0.0,1,True,Gazole Non Routier - Agriculture,1,Agriculture,1,Entreprises et administrations,1,Pétrole,1,,0,euro/MWh,TWh
Energie,2024*,4.608319264,152.801212237,19.33333333333333,0.0,-14.72501406935523,0.0,0.0,0.0,4.608319263978098,0.0,1,True,Electricité - ménages,1,,2,Ménages,1,Électricité,1,,0,euro/MWh,TWh
Energie,2024*,5.189,11.283213091,5.189,2.724248112023177,0.0,0.0,0.0,0.0,5.189,0.0,1,True,GPL - Combustible,1,,4,,2,Pétrole,1,,0,euro/MWh,TWh
Energie,2024*,5.23,6.153821605,5.23,5.2299999934308,0.0,0.0,0.0,0.0,5.23,0.0,1,True,Gaz - Carburant,1,,2,,2,,2,,0,euro/MWh,TWh
Energie,2024*,11.761048432,148.466869569,18.83333333333333,0.0,-7.072284901318497,0.0,0.0,0.0,11.761048432014832,0.0,1,True,Electricité - entreprises,1,,5,Entreprises et administrations,1,Électricité,1,,0,euro/MWh,TWh
Energie,2024*,12.555,0.269189951,12.555,12.52368,0.0,0.0,0.0,0.0,12.555,0.0,1,True,Fioul lourd - Combustible,1,,3,Entreprises et administrations,1,Pétrole,1,,0,euro/MWh,TWh
Energie,2024*,12.587076,28.095664902,0.0,0.0,0.0,12.587076000000001,2.8076957875259256,0.0,0.0,12.587076000000001,2,False,,3,,2,Entreprises et administrations,1,Pétrole,1,,0,euro/MWh,TWh
Energie,2024*,13.24967868,20.932139981,0.0,0.0,0.0,13.24967868,0.2050295434936435,0.0,0.0,13.24967868,2,False,,3,Industrie,1,Entreprises et administrations,1,,2,,0,euro/MWh,TWh
Energie,2024*,13.715413645,103.59429425,16.37,8.9576424,-2.654586355271203,0.0,0.0,0.0,13.715413644728798,0.0,1,True,Gaz - Combustible,1,Résidentiel ménages,1,Ménages,1,,2,,0,euro/MWh,TWh
Energie,2024*,14.76967868,47.188634809,1.5200000000000002,0.0,0.0,13.249678680000002,2.003937675048177,0.0,1.5200000000000002,13.249678680000002,2,False,Gaz - Grande consommation et quotas ETS,1,,2,Entreprises et administrations,1,,2,,0,euro/MWh,TWh
Energie,2024*,14.84967868,0.0,1.6,1.405908,0.0,13.24967868,6.62483934,0.0,1.6,13.24967868,2,False,Gaz - Grande consommation et fuite carbone,1,Industrie,1,Entreprises et administrations,1,,2,,0,euro/MWh,TWh
Energie,2024*,15.62,43.412450039,15.62,11.9649312,0.0,0.0,0.0,0.0,15.62,0.0,1,True,Fioul domestique combustible,1,,6,,2,Pétrole,1,,0,euro/MWh,TWh
Energie,2024*,16.208,0.941339409,16.208,8.50968,0.0,0.0,0.0,0.0,16.208,0.0,1,True,GPL - Carburant,1,,2,,2,Pétrole,1,,0,euro/MWh,TWh
Energie,2024*,16.37,83.973967782,16.37,8.9576424,0.0,0.0,0.0,0.0,16.37,0.0,1,True,Gaz - Combustible,1,,3,Entreprises et administrations,1,,2,,0,euro/MWh,TWh
Energie,2024*,17.4081636,9.096964529000001,0.0,0.0,0.0,17.4081636,4.853125142726592,0.0,0.0,17.4081636,2,False,Kerosene - Aéronefs,1,Transports entreprises,1,Entreprises et administrations,1,Pétrole,1,,0,euro/MWh,TWh
Energie,2024*,17.69790384,4.668812388,0.0,0.0,0.0,17.69790384,0.035926289355742894,0.0,0.0,17.69790384,2,False,,4,Industrie,1,Entreprises et administrations,1,Pétrole,1,,0,euro/MWh,TWh
Energie,2024*,17.776076,1.664187478,5.189,2.7242481120231767,0.0,12.587075999999998,2.0083586309988135,0.0,5.189,12.587075999999998,2,False,GPL - Combustible,1,,2,Entreprises et administrations,1,Pétrole,1,,0,euro/MWh,TWh
Energie,2024*,17.894,6.017647698,17.894,11.6373888,0.0,0.0,0.0,0.0,17.894,0.0,1,True,E85 - transport routier,1,,6,,2,,2,,0,euro/MWh,TWh
Energie,2024*,18.524376,0.841400127,0.0,0.0,0.0,18.524376,0.1980671600391332,0.0,0.0,18.524376,2,False,,2,Industrie,1,Entreprises et administrations,1,Pétrole,1,,0,euro/MWh,TWh
Energie,2024*,19.6168392,15.775348440999998,0.0,0.0,0.0,19.6168392,3.4991812819033656,0.0,0.0,19.6168392,2,False,,3,,2,Entreprises et administrations,1,Pétrole,1,,0,euro/MWh,TWh
Energie,2024*,22.4667432,3.404925245,0.0,0.0,0.0,22.4667432,0.19286620723126532,0.0,0.0,22.4667432,2,False,,2,Industrie,1,Entreprises et administrations,1,Charbon,1,,0,euro/MWh,TWh
Energie,2024*,23.986692,0.038430753000000005,0.0,0.0,0.0,23.986692,0.42101405806209413,0.0,0.0,23.986692,2,False,,2,Industrie,1,Entreprises et administrations,1,Charbon,1,,0,euro/MWh,TWh
Energie,2024*,24.81,17.53915466,24.81,11.9649312,0.0,0.0,0.0,0.0,24.81,0.0,1,True,Gazole Non Routier,1,,4,Entreprises et administrations,1,Pétrole,1,,0,euro/MWh,TWh
Energie,2024*,25.2567432,1.277208537,2.79,0.0,0.0,22.466743200000003,8.878048737600777,0.0,2.79,22.466743200000003,2,False,Charbon - Grande consommation et quotas ETS,1,,2,Entreprises et administrations,1,Charbon,1,,0,euro/MWh,TWh
Energie,2024*,25.411644,1.7399086700000002,0.0,0.0,0.0,25.411644,0.10046493562244045,0.0,0.0,25.411644,2,False,,2,Industrie,1,Entreprises et administrations,1,Charbon,1,,0,euro/MWh,TWh
Energie,2024*,26.776692,0.026763936000000002,2.7899999999999996,0.0,0.0,23.986691999999998,6.361864178756667,0.0,2.7899999999999996,23.986691999999998,2,False,Charbon - Grande consommation et quotas ETS,1,,2,Entreprises et administrations,1,Charbon,1,,0,euro/MWh,TWh
Energie,2024*,28.201644,0.346734575,2.79,0.0,0.0,25.411644,8.590199794828838,0.0,2.79,25.411644,2,False,Charbon - Grande consommation et quotas ETS,1,,2,Entreprises et administrations,1,Charbon,1,,0,euro/MWh,TWh
Energie,2024*,29.61967868,17.712239087,16.369999999999997,8.9576424,0.0,13.249678679999999,1.1921440643416854,0.0,16.369999999999997,13.249678679999999,2,False,Gaz - Combustible,1,,2,Entreprises et administrations,1,,2,,0,euro/MWh,TWh
Energie,2024*,30.2,1.64301176,30.2,0.0,0.0,0.0,0.0,0.0,30.2,0.0,1,True,Gazole - Taxis,1,Transports entreprises,1,Entreprises et administrations,1,,2,,0,euro/MWh,TWh
Energie,2024*,31.079376,0.528575231,12.555,12.52368,0.0,18.524376,3.5287647816858825,0.0,12.555,18.524376,2,False,Fioul lourd - Combustible,1,,2,Entreprises et administrations,1,Pétrole,1,,0,euro/MWh,TWh
Energie,2024*,33.31790384,0.64855993,15.619999999999997,11.964931199999999,0.0,17.69790384,3.885459779204573,0.0,15.619999999999997,17.69790384,2,False,Fioul domestique combustible,1,,2,Entreprises et administrations,1,Pétrole,1,,0,euro/MWh,TWh
Energie,2024*,39.19,8.044592351,39.19,0.0,0.0,0.0,0.0,0.0,39.19,0.0,1,True,Gazole - Transport public,1,Transports entreprises,1,Entreprises et administrations,1,,2,,0,euro/MWh,TWh
Energie,2024*,39.79,5.434147928,39.79,11.769048,0.0,0.0,0.0,0.0,39.79,0.0,1,True,Kerosene - Carburant avions,1,Tertiaire,1,Entreprises et administrations,1,Pétrole,1,,0,euro/MWh,TWh
Energie,2024*,40.388,0.18288057,40.388,0.0,0.0,0.0,0.0,0.0,40.388,0.0,1,True,Essence - Taxis,1,Transports entreprises,1,Entreprises et administrations,1,,2,,0,euro/MWh,TWh
Energie,2024*,42.50790384,0.975384825,24.81,11.9649312,0.0,17.69790384,6.557924502679264,0.0,24.81,17.69790384,2,False,Gazole Non Routier,1,,2,Entreprises et administrations,1,Pétrole,1,,0,euro/MWh,TWh
Energie,2024*,45.19,85.221909775,45.19,0.0,0.0,0.0,0.0,0.0,45.19,0.0,1,True,Gazole - Transport marchandises,1,,5,Entreprises et administrations,1,,2,,0,euro/MWh,TWh
Energie,2024*,59.4,7.014480405,59.4,11.9649312,0.0,0.0,0.0,0.0,59.4,0.0,1,True,Gazole - transport routier,1,,6,,2,,2,,0,euro/MWh,TWh
Energie,2024*,60.48,33.249145168,60.48,11.9649312,0.0,0.0,0.0,0.0,60.48,0.0,1,True,Gazole - transport routier,1,,6,,2,,2,,0,euro/MWh,TWh
Energie,2024*,60.75,180.895125441,60.75,11.9649312,0.0,0.0,0.0,0.0,60.75,0.0,1,True,Gazole - transport routier,1,,6,,2,,2,,0,euro/MWh,TWh
Energie,2024*,62.64,24.609263357,62.64,11.9649312,0.0,0.0,0.0,0.0,62.64,0.0,1,True,Gazole - transport routier,1,,6,,2,,2,,0,euro/MWh,TWh
Energie,2024*,75.229,9.451029071,75.229,11.691282676175867,0.0,0.0,0.0,0.0,75.229,0.0,2,False,E10 - transport routier,1,,6,,2,,2,,0,euro/MWh,TWh
Energie,2024*,75.397,50.211947874,75.39699999999999,11.691282676173136,0.0,0.0,0.0,0.0,75.39699999999999,0.0,2,False,E10 - transport routier,1,,6,,2,,2,,0,euro/MWh,TWh
Energie,2024*,75.701,0.759996805,75.701,11.673782480536671,0.0,0.0,0.0,0.0,75.701,0.0,2,False,Essence - transport routier,1,,6,,2,,2,,0,euro/MWh,TWh
Energie,2024*,76.545,11.930304405,76.545,11.691282676194454,0.0,0.0,0.0,0.0,76.545,0.0,2,False,E10 - transport routier,1,,6,,2,,2,,0,euro/MWh,TWh
Energie,2024*,76.826,6.479785326000001,76.826,11.70242103424378,0.0,0.0,0.0,0.0,76.826,0.0,3,False,,2,,7,,2,,2,,0,euro/MWh,TWh
Energie,2024*,77.479,6.08957254,77.479,11.673782480621368,0.0,0.0,0.0,0.0,77.479,0.0,2,False,Essence - transport routier,1,,6,,2,,2,,0,euro/MWh,TWh
Energie,2024*,77.647,31.265448242,77.647,11.67378248050669,0.0,0.0,0.0,0.0,77.647,0.0,2,False,Essence - transport routier,1,,6,,2,,2,,0,euro/MWh,TWh
Energie,2024*,78.795,5.512812624,78.79499999999999,11.673782480593198,0.0,0.0,0.0,0.0,78.79499999999999,0.0,2,False,Essence - transport routier,1,,6,,2,,2,,0,euro/MWh,TWh
